at,account_id,cohort_month,amount_usd,balance_before_usd,balance_after_usd,outstanding_after_usd
2020-06-01 00:00:00,4,2020-04,200.0,27423.05,27223.05,0.0
2020-08-01 00:00:00,4,2020-04,200.0,27110.65,26910.65,0.0
2020-09-01 00:00:00,4,2020-04,100.0,27238.75,27138.75,0.0
2020-09-01 00:00:00,5,2020-05,100.0,26607.2,26507.2,300.0
2020-10-01 00:00:00,4,2020-04,100.0,27416.2,27316.2,0.0
2020-10-01 00:00:00,5,2020-05,200.0,26784.65,26584.65,200.0
2020-11-01 00:00:00,4,2020-04,100.0,27469.65,27369.65,0.0
2020-11-01 00:00:00,5,2020-05,200.0,26738.1,26538.1,100.0
2020-12-01 00:00:00,4,2020-04,100.0,27721.6,27621.6,0.0
2020-12-01 00:00:00,5,2020-05,200.0,26890.05,26690.05,0.0
2021-01-01 00:00:00,4,2020-04,100.0,26858.15,26758.15,0.0
2021-02-01 00:00:00,4,2020-04,100.0,26846.15,26746.15,0.0
2021-04-01 00:00:00,4,2020-04,200.0,27606.85,27406.85,0.0
2021-05-01 00:00:00,4,2020-04,100.0,27632.7,27532.7,0.0
2021-05-01 00:00:00,15,2021-03,200.0,26713.55,26513.55,0.0
2021-11-01 00:00:00,19,2021-07,400.0,26914.1,26514.1,0.0
2021-11-01 00:00:00,20,2021-08,300.0,26847.4,26547.4,0.0
2021-11-01 00:00:00,21,2021-09,200.0,26877.4,26677.4,0.0
2021-11-01 00:00:00,22,2021-10,100.0,27454.2,27354.2,0.0
2021-12-01 00:00:00,19,2021-07,100.0,27277.75,27177.75,0.0
2021-12-01 00:00:00,20,2021-08,100.0,27311.05,27211.05,0.0
2021-12-01 00:00:00,21,2021-09,100.0,27441.05,27341.05,0.0
2021-12-01 00:00:00,22,2021-10,100.0,28117.85,28017.85,0.0
2022-01-01 00:00:00,22,2021-10,100.0,26920.7,26820.7,0.0
2022-02-01 00:00:00,19,2021-07,200.0,28077.15,27877.15,0.0
2022-02-01 00:00:00,20,2021-08,200.0,28110.45,27910.45,0.0
2022-02-01 00:00:00,21,2021-09,200.0,28240.45,28040.45,0.0
2022-02-01 00:00:00,22,2021-10,100.0,28817.25,28717.25,0.0
2022-02-01 00:00:00,25,2022-01,100.0,26996.55,26896.55,0.0
2022-03-01 00:00:00,19,2021-07,100.0,30413.15,30313.15,0.0
2022-03-01 00:00:00,20,2021-08,100.0,30446.45,30346.45,0.0
2022-03-01 00:00:00,21,2021-09,100.0,30576.45,30476.45,0.0
2022-03-01 00:00:00,22,2021-10,100.0,31253.25,31153.25,0.0
2022-03-01 00:00:00,25,2022-01,100.0,29432.55,29332.55,0.0
2022-03-01 00:00:00,26,2022-02,100.0,27536.0,27436.0,0.0
2022-04-01 00:00:00,19,2021-07,100.0,30731.8,30631.8,0.0
2022-04-01 00:00:00,20,2021-08,100.0,30765.1,30665.1,0.0
2022-04-01 00:00:00,21,2021-09,100.0,30895.1,30795.1,0.0
2022-04-01 00:00:00,22,2021-10,100.0,31571.9,31471.9,0.0
2022-04-01 00:00:00,25,2022-01,100.0,29751.2,29651.2,0.0
2022-04-01 00:00:00,26,2022-02,100.0,27854.65,27754.65,0.0
2022-05-01 00:00:00,19,2021-07,100.0,31996.45,31896.45,0.0
2022-05-01 00:00:00,20,2021-08,100.0,32029.75,31929.75,0.0
2022-05-01 00:00:00,21,2021-09,100.0,32159.75,32059.75,0.0
2022-05-01 00:00:00,22,2021-10,100.0,32836.55,32736.55,0.0
2022-05-01 00:00:00,25,2022-01,100.0,31015.85,30915.85,0.0
2022-05-01 00:00:00,26,2022-02,100.0,29119.3,29019.3,0.0
2022-06-01 00:00:00,19,2021-07,100.0,30888.8,30788.8,0.0
2022-06-01 00:00:00,20,2021-08,100.0,30922.1,30822.1,0.0
2022-06-01 00:00:00,21,2021-09,100.0,31052.1,30952.1,0.0
2022-06-01 00:00:00,22,2021-10,100.0,31728.9,31628.9,0.0
2022-06-01 00:00:00,25,2022-01,100.0,29908.2,29808.2,0.0
2022-06-01 00:00:00,26,2022-02,100.0,28011.65,27911.65,0.0
2022-07-01 00:00:00,19,2021-07,100.0,27379.15,27279.15,0.0
2022-07-01 00:00:00,20,2021-08,100.0,27412.45,27312.45,0.0
2022-07-01 00:00:00,21,2021-09,100.0,27542.45,27442.45,0.0
2022-07-01 00:00:00,22,2021-10,100.0,28219.25,28119.25,0.0
2022-08-01 00:00:00,19,2021-07,100.0,29835.85,29735.85,0.0
2022-08-01 00:00:00,20,2021-08,100.0,29869.15,29769.15,0.0
2022-08-01 00:00:00,21,2021-09,100.0,29999.15,29899.15,0.0
2022-08-01 00:00:00,22,2021-10,100.0,30675.95,30575.95,0.0
2022-08-01 00:00:00,25,2022-01,200.0,28955.25,28755.25,0.0
2022-08-01 00:00:00,31,2022-07,100.0,27556.7,27456.7,0.0
2022-09-01 00:00:00,19,2021-07,100.0,31492.8,31392.8,0.0
2022-09-01 00:00:00,20,2021-08,100.0,31526.1,31426.1,0.0
2022-09-01 00:00:00,21,2021-09,100.0,31656.1,31556.1,0.0
2022-09-01 00:00:00,22,2021-10,100.0,32332.9,32232.9,0.0
2022-09-01 00:00:00,25,2022-01,100.0,30512.2,30412.2,0.0
2022-09-01 00:00:00,31,2022-07,100.0,29213.65,29113.65,0.0
2022-09-01 00:00:00,32,2022-08,100.0,26756.95,26656.95,0.0
2022-10-01 00:00:00,19,2021-07,100.0,32206.8,32106.8,0.0
2022-10-01 00:00:00,20,2021-08,100.0,32240.1,32140.1,0.0
2022-10-01 00:00:00,21,2021-09,100.0,32370.1,32270.1,0.0
2022-10-01 00:00:00,22,2021-10,100.0,33046.9,32946.9,0.0
2022-10-01 00:00:00,25,2022-01,100.0,31226.2,31126.2,0.0
2022-10-01 00:00:00,31,2022-07,100.0,29927.65,29827.65,0.0
2022-10-01 00:00:00,32,2022-08,100.0,27470.95,27370.95,0.0
2022-11-01 00:00:00,19,2021-07,100.0,32427.4,32327.4,0.0
2022-11-01 00:00:00,20,2021-08,100.0,32460.7,32360.7,0.0
2022-11-01 00:00:00,21,2021-09,100.0,32590.7,32490.7,0.0
2022-11-01 00:00:00,22,2021-10,100.0,33267.5,33167.5,0.0
2022-11-01 00:00:00,25,2022-01,100.0,31446.8,31346.8,0.0
2022-11-01 00:00:00,31,2022-07,100.0,30148.25,30048.25,0.0
2022-11-01 00:00:00,32,2022-08,100.0,27691.55,27591.55,0.0
2022-12-01 00:00:00,19,2021-07,100.0,32274.95,32174.95,0.0
2022-12-01 00:00:00,20,2021-08,100.0,32308.25,32208.25,0.0
2022-12-01 00:00:00,21,2021-09,100.0,32438.25,32338.25,0.0
2022-12-01 00:00:00,22,2021-10,100.0,33115.05,33015.05,0.0
2022-12-01 00:00:00,25,2022-01,100.0,31294.35,31194.35,0.0
2022-12-01 00:00:00,31,2022-07,100.0,29995.8,29895.8,0.0
2022-12-01 00:00:00,32,2022-08,100.0,27539.1,27439.1,0.0
2023-01-01 00:00:00,19,2021-07,100.0,31140.95,31040.95,0.0
2023-01-01 00:00:00,20,2021-08,100.0,31174.25,31074.25,0.0
2023-01-01 00:00:00,21,2021-09,100.0,31304.25,31204.25,0.0
2023-01-01 00:00:00,22,2021-10,100.0,31981.05,31881.05,0.0
2023-01-01 00:00:00,25,2022-01,100.0,30160.35,30060.35,0.0
2023-01-01 00:00:00,31,2022-07,100.0,28861.8,28761.8,0.0
2023-02-01 00:00:00,19,2021-07,100.0,32068.65,31968.65,0.0
2023-02-01 00:00:00,20,2021-08,100.0,32101.95,32001.95,0.0
2023-02-01 00:00:00,21,2021-09,100.0,32231.95,32131.95,0.0
2023-02-01 00:00:00,22,2021-10,100.0,32908.75,32808.75,0.0
2023-02-01 00:00:00,25,2022-01,100.0,31088.05,30988.05,0.0
2023-02-01 00:00:00,31,2022-07,100.0,29789.5,29689.5,0.0
2023-02-01 00:00:00,32,2022-08,200.0,27432.8,27232.8,0.0
2023-03-01 00:00:00,19,2021-07,100.0,32046.85,31946.85,0.0
2023-03-01 00:00:00,20,2021-08,100.0,32080.15,31980.15,0.0
2023-03-01 00:00:00,21,2021-09,100.0,32210.15,32110.15,0.0
2023-03-01 00:00:00,22,2021-10,100.0,32886.95,32786.95,0.0
2023-03-01 00:00:00,25,2022-01,100.0,31066.25,30966.25,0.0
2023-03-01 00:00:00,31,2022-07,100.0,29767.7,29667.7,0.0
2023-03-01 00:00:00,32,2022-08,100.0,27311.0,27211.0,0.0
2023-04-01 00:00:00,19,2021-07,100.0,34340.85,34240.85,0.0
2023-04-01 00:00:00,20,2021-08,100.0,34374.15,34274.15,0.0
2023-04-01 00:00:00,21,2021-09,100.0,34504.15,34404.15,0.0
2023-04-01 00:00:00,22,2021-10,100.0,35180.95,35080.95,0.0
2023-04-01 00:00:00,25,2022-01,100.0,33360.25,33260.25,0.0
2023-04-01 00:00:00,31,2022-07,100.0,32061.7,31961.7,0.0
2023-04-01 00:00:00,32,2022-08,100.0,29605.0,29505.0,0.0
2023-04-01 00:00:00,37,2023-01,300.0,28499.9,28199.9,0.0
2023-04-01 00:00:00,38,2023-02,200.0,27472.2,27272.2,0.0
2023-04-01 00:00:00,39,2023-03,100.0,27394.0,27294.0,0.0
2023-05-01 00:00:00,19,2021-07,100.0,35090.85,34990.85,0.0
2023-05-01 00:00:00,20,2021-08,100.0,35124.15,35024.15,0.0
2023-05-01 00:00:00,21,2021-09,100.0,35254.15,35154.15,0.0
2023-05-01 00:00:00,22,2021-10,100.0,35930.95,35830.95,0.0
2023-05-01 00:00:00,25,2022-01,100.0,34110.25,34010.25,0.0
2023-05-01 00:00:00,31,2022-07,100.0,32811.7,32711.7,0.0
2023-05-01 00:00:00,32,2022-08,100.0,30355.0,30255.0,0.0
2023-05-01 00:00:00,37,2023-01,100.0,29049.9,28949.9,0.0
2023-05-01 00:00:00,38,2023-02,100.0,28122.2,28022.2,0.0
2023-05-01 00:00:00,39,2023-03,100.0,28144.0,28044.0,0.0
2023-06-01 00:00:00,19,2021-07,100.0,34150.75,34050.75,0.0
2023-06-01 00:00:00,20,2021-08,100.0,34184.05,34084.05,0.0
2023-06-01 00:00:00,21,2021-09,100.0,34314.05,34214.05,0.0
2023-06-01 00:00:00,22,2021-10,100.0,34990.85,34890.85,0.0
2023-06-01 00:00:00,25,2022-01,100.0,33170.15,33070.15,0.0
2023-06-01 00:00:00,31,2022-07,100.0,31871.6,31771.6,0.0
2023-06-01 00:00:00,32,2022-08,100.0,29414.9,29314.9,0.0
2023-06-01 00:00:00,37,2023-01,100.0,28109.8,28009.8,0.0
2023-06-01 00:00:00,38,2023-02,100.0,27182.1,27082.1,0.0
2023-06-01 00:00:00,39,2023-03,100.0,27203.9,27103.9,0.0
2023-07-01 00:00:00,19,2021-07,100.0,34411.55,34311.55,0.0
2023-07-01 00:00:00,20,2021-08,100.0,34444.85,34344.85,0.0
2023-07-01 00:00:00,21,2021-09,100.0,34574.85,34474.85,0.0
2023-07-01 00:00:00,22,2021-10,100.0,35251.65,35151.65,0.0
2023-07-01 00:00:00,25,2022-01,100.0,33430.95,33330.95,0.0
2023-07-01 00:00:00,31,2022-07,100.0,32132.4,32032.4,0.0
2023-07-01 00:00:00,32,2022-08,100.0,29675.7,29575.7,0.0
2023-07-01 00:00:00,37,2023-01,100.0,28370.6,28270.6,0.0
2023-07-01 00:00:00,38,2023-02,100.0,27442.9,27342.9,0.0
2023-07-01 00:00:00,39,2023-03,100.0,27464.7,27364.7,0.0
2023-08-01 00:00:00,19,2021-07,100.0,34835.5,34735.5,0.0
2023-08-01 00:00:00,20,2021-08,100.0,34868.8,34768.8,0.0
2023-08-01 00:00:00,21,2021-09,100.0,34998.8,34898.8,0.0
2023-08-01 00:00:00,22,2021-10,100.0,35675.6,35575.6,0.0
2023-08-01 00:00:00,25,2022-01,100.0,33854.9,33754.9,0.0
2023-08-01 00:00:00,31,2022-07,100.0,32556.35,32456.35,0.0
2023-08-01 00:00:00,32,2022-08,100.0,30099.65,29999.65,0.0
2023-08-01 00:00:00,37,2023-01,100.0,28794.55,28694.55,0.0
2023-08-01 00:00:00,38,2023-02,100.0,27866.85,27766.85,0.0
2023-08-01 00:00:00,39,2023-03,100.0,27888.65,27788.65,0.0
2023-09-01 00:00:00,19,2021-07,100.0,35589.0,35489.0,0.0
2023-09-01 00:00:00,20,2021-08,100.0,35622.3,35522.3,0.0
2023-09-01 00:00:00,21,2021-09,100.0,35752.3,35652.3,0.0
2023-09-01 00:00:00,22,2021-10,100.0,36429.1,36329.1,0.0
2023-09-01 00:00:00,25,2022-01,100.0,34608.4,34508.4,0.0
2023-09-01 00:00:00,31,2022-07,100.0,33309.85,33209.85,0.0
2023-09-01 00:00:00,32,2022-08,100.0,30853.15,30753.15,0.0
2023-09-01 00:00:00,37,2023-01,100.0,29548.05,29448.05,0.0
2023-09-01 00:00:00,38,2023-02,100.0,28620.35,28520.35,0.0
2023-09-01 00:00:00,39,2023-03,100.0,28642.15,28542.15,0.0
2023-09-01 00:00:00,42,2023-06,200.0,26738.25,26538.25,100.0
2023-10-01 00:00:00,19,2021-07,100.0,34857.0,34757.0,0.0
2023-10-01 00:00:00,20,2021-08,100.0,34890.3,34790.3,0.0
2023-10-01 00:00:00,21,2021-09,100.0,35020.3,34920.3,0.0
2023-10-01 00:00:00,22,2021-10,100.0,35697.1,35597.1,0.0
2023-10-01 00:00:00,25,2022-01,100.0,33876.4,33776.4,0.0
2023-10-01 00:00:00,31,2022-07,100.0,32577.85,32477.85,0.0
2023-10-01 00:00:00,32,2022-08,100.0,30121.15,30021.15,0.0
2023-10-01 00:00:00,37,2023-01,100.0,28816.05,28716.05,0.0
2023-10-01 00:00:00,38,2023-02,100.0,27888.35,27788.35,0.0
2023-10-01 00:00:00,39,2023-03,100.0,27910.15,27810.15,0.0
2023-11-01 00:00:00,19,2021-07,100.0,33052.65,32952.65,0.0
2023-11-01 00:00:00,20,2021-08,100.0,33085.95,32985.95,0.0
2023-11-01 00:00:00,21,2021-09,100.0,33215.95,33115.95,0.0
2023-11-01 00:00:00,22,2021-10,100.0,33892.75,33792.75,0.0
2023-11-01 00:00:00,25,2022-01,100.0,32072.05,31972.05,0.0
2023-11-01 00:00:00,31,2022-07,100.0,30773.5,30673.5,0.0
2023-11-01 00:00:00,32,2022-08,100.0,28316.8,28216.8,0.0
2023-11-01 00:00:00,37,2023-01,100.0,27011.7,26911.7,0.0
2023-12-01 00:00:00,19,2021-07,100.0,33322.35,33222.35,0.0
2023-12-01 00:00:00,20,2021-08,100.0,33355.65,33255.65,0.0
2023-12-01 00:00:00,21,2021-09,100.0,33485.65,33385.65,0.0
2023-12-01 00:00:00,22,2021-10,100.0,34162.45,34062.45,0.0
2023-12-01 00:00:00,25,2022-01,100.0,32341.75,32241.75,0.0
2023-12-01 00:00:00,31,2022-07,100.0,31043.2,30943.2,0.0
2023-12-01 00:00:00,32,2022-08,100.0,28586.5,28486.5,0.0
2023-12-01 00:00:00,37,2023-01,100.0,27281.4,27181.4,0.0
2024-01-01 00:00:00,19,2021-07,100.0,34516.1,34416.1,0.0
2024-01-01 00:00:00,20,2021-08,100.0,34549.4,34449.4,0.0
2024-01-01 00:00:00,21,2021-09,100.0,34679.4,34579.4,0.0
2024-01-01 00:00:00,22,2021-10,100.0,35356.2,35256.2,0.0
2024-01-01 00:00:00,25,2022-01,100.0,33535.5,33435.5,0.0
2024-01-01 00:00:00,31,2022-07,100.0,32236.95,32136.95,0.0
2024-01-01 00:00:00,32,2022-08,100.0,29780.25,29680.25,0.0
2024-01-01 00:00:00,37,2023-01,100.0,28475.15,28375.15,0.0
2024-01-01 00:00:00,38,2023-02,300.0,27747.45,27447.45,0.0
2024-01-01 00:00:00,39,2023-03,300.0,27769.25,27469.25,0.0
2024-02-01 00:00:00,19,2021-07,100.0,34655.05,34555.05,0.0
2024-02-01 00:00:00,20,2021-08,100.0,34688.35,34588.35,0.0
2024-02-01 00:00:00,21,2021-09,100.0,34818.35,34718.35,0.0
2024-02-01 00:00:00,22,2021-10,100.0,35495.15,35395.15,0.0
2024-02-01 00:00:00,25,2022-01,100.0,33674.45,33574.45,0.0
2024-02-01 00:00:00,31,2022-07,100.0,32375.9,32275.9,0.0
2024-02-01 00:00:00,32,2022-08,100.0,29919.2,29819.2,0.0
2024-02-01 00:00:00,37,2023-01,100.0,28614.1,28514.1,0.0
2024-02-01 00:00:00,38,2023-02,100.0,27686.4,27586.4,0.0
2024-02-01 00:00:00,39,2023-03,100.0,27708.2,27608.2,0.0
2024-02-01 00:00:00,47,2023-11,200.0,26755.0,26555.0,100.0
2024-03-01 00:00:00,19,2021-07,100.0,36601.95,36501.95,0.0
2024-03-01 00:00:00,20,2021-08,100.0,36635.25,36535.25,0.0
2024-03-01 00:00:00,21,2021-09,100.0,36765.25,36665.25,0.0
2024-03-01 00:00:00,22,2021-10,100.0,37442.05,37342.05,0.0
2024-03-01 00:00:00,25,2022-01,100.0,35621.35,35521.35,0.0
2024-03-01 00:00:00,31,2022-07,100.0,34322.8,34222.8,0.0
2024-03-01 00:00:00,32,2022-08,100.0,31866.1,31766.1,0.0
2024-03-01 00:00:00,37,2023-01,100.0,30561.0,30461.0,0.0
2024-03-01 00:00:00,38,2023-02,100.0,29633.3,29533.3,0.0
2024-03-01 00:00:00,39,2023-03,100.0,29655.1,29555.1,0.0
2024-03-01 00:00:00,47,2023-11,200.0,28601.9,28401.9,0.0
2024-03-01 00:00:00,48,2023-12,300.0,28579.6,28279.6,0.0
2024-03-01 00:00:00,49,2024-01,200.0,27285.85,27085.85,0.0
2024-03-01 00:00:00,50,2024-02,100.0,27046.9,26946.9,0.0
2024-04-01 00:00:00,19,2021-07,100.0,37470.3,37370.3,0.0
2024-04-01 00:00:00,20,2021-08,100.0,37503.6,37403.6,0.0
2024-04-01 00:00:00,21,2021-09,100.0,37633.6,37533.6,0.0
2024-04-01 00:00:00,22,2021-10,100.0,38310.4,38210.4,0.0
2024-04-01 00:00:00,25,2022-01,100.0,36489.7,36389.7,0.0
2024-04-01 00:00:00,31,2022-07,100.0,35191.15,35091.15,0.0
2024-04-01 00:00:00,32,2022-08,100.0,32734.45,32634.45,0.0
2024-04-01 00:00:00,37,2023-01,100.0,31429.35,31329.35,0.0
2024-04-01 00:00:00,38,2023-02,100.0,30501.65,30401.65,0.0
2024-04-01 00:00:00,39,2023-03,100.0,30523.45,30423.45,0.0
2024-04-01 00:00:00,47,2023-11,100.0,29370.25,29270.25,0.0
2024-04-01 00:00:00,48,2023-12,100.0,29247.95,29147.95,0.0
2024-04-01 00:00:00,49,2024-01,100.0,28054.2,27954.2,0.0
2024-04-01 00:00:00,50,2024-02,100.0,27915.25,27815.25,0.0
2024-05-01 00:00:00,19,2021-07,100.0,36690.95,36590.95,0.0
2024-05-01 00:00:00,20,2021-08,100.0,36724.25,36624.25,0.0
2024-05-01 00:00:00,21,2021-09,100.0,36854.25,36754.25,0.0
2024-05-01 00:00:00,22,2021-10,100.0,37531.05,37431.05,0.0
2024-05-01 00:00:00,25,2022-01,100.0,35710.35,35610.35,0.0
2024-05-01 00:00:00,31,2022-07,100.0,34411.8,34311.8,0.0
2024-05-01 00:00:00,32,2022-08,100.0,31955.1,31855.1,0.0
2024-05-01 00:00:00,37,2023-01,100.0,30650.0,30550.0,0.0
2024-05-01 00:00:00,38,2023-02,100.0,29722.3,29622.3,0.0
2024-05-01 00:00:00,39,2023-03,100.0,29744.1,29644.1,0.0
2024-05-01 00:00:00,47,2023-11,100.0,28590.9,28490.9,0.0
2024-05-01 00:00:00,48,2023-12,100.0,28468.6,28368.6,0.0
2024-05-01 00:00:00,49,2024-01,100.0,27274.85,27174.85,0.0
2024-05-01 00:00:00,50,2024-02,100.0,27135.9,27035.9,0.0
2024-06-01 00:00:00,19,2021-07,100.0,38429.1,38329.1,0.0
2024-06-01 00:00:00,20,2021-08,100.0,38462.4,38362.4,0.0
2024-06-01 00:00:00,21,2021-09,100.0,38592.4,38492.4,0.0
2024-06-01 00:00:00,22,2021-10,100.0,39269.2,39169.2,0.0
2024-06-01 00:00:00,25,2022-01,100.0,37448.5,37348.5,0.0
2024-06-01 00:00:00,31,2022-07,100.0,36149.95,36049.95,0.0
2024-06-01 00:00:00,32,2022-08,100.0,33693.25,33593.25,0.0
2024-06-01 00:00:00,37,2023-01,100.0,32388.15,32288.15,0.0
2024-06-01 00:00:00,38,2023-02,100.0,31460.45,31360.45,0.0
2024-06-01 00:00:00,39,2023-03,100.0,31482.25,31382.25,0.0
2024-06-01 00:00:00,47,2023-11,100.0,30329.05,30229.05,0.0
2024-06-01 00:00:00,48,2023-12,100.0,30206.75,30106.75,0.0
2024-06-01 00:00:00,49,2024-01,100.0,29013.0,28913.0,0.0
2024-06-01 00:00:00,50,2024-02,100.0,28874.05,28774.05,0.0
2024-06-01 00:00:00,53,2024-05,100.0,26838.15,26738.15,0.0
2024-07-01 00:00:00,19,2021-07,100.0,40459.4,40359.4,0.0
2024-07-01 00:00:00,20,2021-08,100.0,40492.7,40392.7,0.0
2024-07-01 00:00:00,21,2021-09,100.0,40622.7,40522.7,0.0
2024-07-01 00:00:00,22,2021-10,100.0,41299.5,41199.5,0.0
2024-07-01 00:00:00,25,2022-01,100.0,39478.8,39378.8,0.0
2024-07-01 00:00:00,31,2022-07,100.0,38180.25,38080.25,0.0
2024-07-01 00:00:00,32,2022-08,100.0,35723.55,35623.55,0.0
2024-07-01 00:00:00,37,2023-01,100.0,34418.45,34318.45,0.0
2024-07-01 00:00:00,38,2023-02,100.0,33490.75,33390.75,0.0
2024-07-01 00:00:00,39,2023-03,100.0,33512.55,33412.55,0.0
2024-07-01 00:00:00,47,2023-11,100.0,32359.35,32259.35,0.0
2024-07-01 00:00:00,48,2023-12,100.0,32237.05,32137.05,0.0
2024-07-01 00:00:00,49,2024-01,100.0,31043.3,30943.3,0.0
2024-07-01 00:00:00,50,2024-02,100.0,30904.35,30804.35,0.0
2024-07-01 00:00:00,53,2024-05,100.0,28868.45,28768.45,0.0
2024-07-01 00:00:00,54,2024-06,100.0,27130.3,27030.3,0.0
2024-08-01 00:00:00,19,2021-07,100.0,39705.6,39605.6,0.0
2024-08-01 00:00:00,20,2021-08,100.0,39738.9,39638.9,0.0
2024-08-01 00:00:00,21,2021-09,100.0,39868.9,39768.9,0.0
2024-08-01 00:00:00,22,2021-10,100.0,40545.7,40445.7,0.0
2024-08-01 00:00:00,25,2022-01,100.0,38725.0,38625.0,0.0
2024-08-01 00:00:00,31,2022-07,100.0,37426.45,37326.45,0.0
2024-08-01 00:00:00,32,2022-08,100.0,34969.75,34869.75,0.0
2024-08-01 00:00:00,37,2023-01,100.0,33664.65,33564.65,0.0
2024-08-01 00:00:00,38,2023-02,100.0,32736.95,32636.95,0.0
2024-08-01 00:00:00,39,2023-03,100.0,32758.75,32658.75,0.0
2024-08-01 00:00:00,47,2023-11,100.0,31605.55,31505.55,0.0
2024-08-01 00:00:00,48,2023-12,100.0,31483.25,31383.25,0.0
2024-08-01 00:00:00,49,2024-01,100.0,30289.5,30189.5,0.0
2024-08-01 00:00:00,50,2024-02,100.0,30150.55,30050.55,0.0
2024-08-01 00:00:00,53,2024-05,100.0,28114.65,28014.65,0.0
2024-09-01 00:00:00,19,2021-07,100.0,43018.1,42918.1,0.0
2024-09-01 00:00:00,20,2021-08,100.0,43051.4,42951.4,0.0
2024-09-01 00:00:00,21,2021-09,100.0,43181.4,43081.4,0.0
2024-09-01 00:00:00,22,2021-10,100.0,43858.2,43758.2,0.0
2024-09-01 00:00:00,25,2022-01,100.0,42037.5,41937.5,0.0
2024-09-01 00:00:00,31,2022-07,100.0,40738.95,40638.95,0.0
2024-09-01 00:00:00,32,2022-08,100.0,38282.25,38182.25,0.0
2024-09-01 00:00:00,37,2023-01,100.0,36977.15,36877.15,0.0
2024-09-01 00:00:00,38,2023-02,100.0,36049.45,35949.45,0.0
2024-09-01 00:00:00,39,2023-03,100.0,36071.25,35971.25,0.0
2024-09-01 00:00:00,47,2023-11,100.0,34918.05,34818.05,0.0
2024-09-01 00:00:00,48,2023-12,100.0,34795.75,34695.75,0.0
2024-09-01 00:00:00,49,2024-01,100.0,33602.0,33502.0,0.0
2024-09-01 00:00:00,50,2024-02,100.0,33463.05,33363.05,0.0
2024-09-01 00:00:00,53,2024-05,100.0,31427.15,31327.15,0.0
2024-10-01 00:00:00,19,2021-07,100.0,44024.55,43924.55,0.0
2024-10-01 00:00:00,20,2021-08,100.0,44057.85,43957.85,0.0
2024-10-01 00:00:00,21,2021-09,100.0,44187.85,44087.85,0.0
2024-10-01 00:00:00,22,2021-10,100.0,44864.65,44764.65,0.0
2024-10-01 00:00:00,25,2022-01,100.0,43043.95,42943.95,0.0
2024-10-01 00:00:00,31,2022-07,100.0,41745.4,41645.4,0.0
2024-10-01 00:00:00,32,2022-08,100.0,39288.7,39188.7,0.0
2024-10-01 00:00:00,37,2023-01,100.0,37983.6,37883.6,0.0
2024-10-01 00:00:00,38,2023-02,100.0,37055.9,36955.9,0.0
2024-10-01 00:00:00,39,2023-03,100.0,37077.7,36977.7,0.0
2024-10-01 00:00:00,47,2023-11,100.0,35924.5,35824.5,0.0
2024-10-01 00:00:00,48,2023-12,100.0,35802.2,35702.2,0.0
2024-10-01 00:00:00,49,2024-01,100.0,34608.45,34508.45,0.0
2024-10-01 00:00:00,50,2024-02,100.0,34469.5,34369.5,0.0
2024-10-01 00:00:00,53,2024-05,100.0,32433.6,32333.6,0.0
2024-11-01 00:00:00,19,2021-07,100.0,43875.25,43775.25,0.0
2024-11-01 00:00:00,20,2021-08,100.0,43908.55,43808.55,0.0
2024-11-01 00:00:00,21,2021-09,100.0,44038.55,43938.55,0.0
2024-11-01 00:00:00,22,2021-10,100.0,44715.35,44615.35,0.0
2024-11-01 00:00:00,25,2022-01,100.0,42894.65,42794.65,0.0
2024-11-01 00:00:00,31,2022-07,100.0,41596.1,41496.1,0.0
2024-11-01 00:00:00,32,2022-08,100.0,39139.4,39039.4,0.0
2024-11-01 00:00:00,37,2023-01,100.0,37834.3,37734.3,0.0
2024-11-01 00:00:00,38,2023-02,100.0,36906.6,36806.6,0.0
2024-11-01 00:00:00,39,2023-03,100.0,36928.4,36828.4,0.0
2024-11-01 00:00:00,47,2023-11,100.0,35775.2,35675.2,0.0
2024-11-01 00:00:00,48,2023-12,100.0,35652.9,35552.9,0.0
2024-11-01 00:00:00,49,2024-01,100.0,34459.15,34359.15,0.0
2024-11-01 00:00:00,50,2024-02,100.0,34320.2,34220.2,0.0
2024-11-01 00:00:00,53,2024-05,100.0,32284.3,32184.3,0.0
2024-12-01 00:00:00,19,2021-07,100.0,45563.05,45463.05,0.0
2024-12-01 00:00:00,20,2021-08,100.0,45596.35,45496.35,0.0
2024-12-01 00:00:00,21,2021-09,100.0,45726.35,45626.35,0.0
2024-12-01 00:00:00,22,2021-10,100.0,46403.15,46303.15,0.0
2024-12-01 00:00:00,25,2022-01,100.0,44582.45,44482.45,0.0
2024-12-01 00:00:00,31,2022-07,100.0,43283.9,43183.9,0.0
2024-12-01 00:00:00,32,2022-08,100.0,40827.2,40727.2,0.0
2024-12-01 00:00:00,37,2023-01,100.0,39522.1,39422.1,0.0
2024-12-01 00:00:00,38,2023-02,100.0,38594.4,38494.4,0.0
2024-12-01 00:00:00,39,2023-03,100.0,38616.2,38516.2,0.0
2024-12-01 00:00:00,47,2023-11,100.0,37463.0,37363.0,0.0
2024-12-01 00:00:00,48,2023-12,100.0,37340.7,37240.7,0.0
2024-12-01 00:00:00,49,2024-01,100.0,36146.95,36046.95,0.0
2024-12-01 00:00:00,50,2024-02,100.0,36008.0,35908.0,0.0
2024-12-01 00:00:00,53,2024-05,100.0,33972.1,33872.1,0.0
2024-12-01 00:00:00,57,2024-09,300.0,27844.95,27544.95,0.0
2024-12-01 00:00:00,58,2024-10,200.0,26738.5,26538.5,0.0
2024-12-01 00:00:00,59,2024-11,100.0,26787.8,26687.8,0.0
2025-01-01 00:00:00,19,2021-07,100.0,45730.55,45630.55,0.0
2025-01-01 00:00:00,20,2021-08,100.0,45763.85,45663.85,0.0
2025-01-01 00:00:00,21,2021-09,100.0,45893.85,45793.85,0.0
2025-01-01 00:00:00,22,2021-10,100.0,46570.65,46470.65,0.0
2025-01-01 00:00:00,25,2022-01,100.0,44749.95,44649.95,0.0
2025-01-01 00:00:00,31,2022-07,100.0,43451.4,43351.4,0.0
2025-01-01 00:00:00,32,2022-08,100.0,40994.7,40894.7,0.0
2025-01-01 00:00:00,37,2023-01,100.0,39689.6,39589.6,0.0
2025-01-01 00:00:00,38,2023-02,100.0,38761.9,38661.9,0.0
2025-01-01 00:00:00,39,2023-03,100.0,38783.7,38683.7,0.0
2025-01-01 00:00:00,47,2023-11,100.0,37630.5,37530.5,0.0
2025-01-01 00:00:00,48,2023-12,100.0,37508.2,37408.2,0.0
2025-01-01 00:00:00,49,2024-01,100.0,36314.45,36214.45,0.0
2025-01-01 00:00:00,50,2024-02,100.0,36175.5,36075.5,0.0
2025-01-01 00:00:00,53,2024-05,100.0,34139.6,34039.6,0.0
2025-01-01 00:00:00,57,2024-09,100.0,27812.45,27712.45,0.0
2025-01-01 00:00:00,58,2024-10,100.0,26806.0,26706.0,0.0
2025-01-01 00:00:00,59,2024-11,100.0,26955.3,26855.3,0.0
2025-02-01 00:00:00,19,2021-07,100.0,49427.75,49327.75,0.0
2025-02-01 00:00:00,20,2021-08,100.0,49461.05,49361.05,0.0
2025-02-01 00:00:00,21,2021-09,100.0,49591.05,49491.05,0.0
2025-02-01 00:00:00,22,2021-10,100.0,50267.85,50167.85,0.0
2025-02-01 00:00:00,25,2022-01,100.0,48447.15,48347.15,0.0
2025-02-01 00:00:00,31,2022-07,100.0,47148.6,47048.6,0.0
2025-02-01 00:00:00,32,2022-08,100.0,44691.9,44591.9,0.0
2025-02-01 00:00:00,37,2023-01,100.0,43386.8,43286.8,0.0
2025-02-01 00:00:00,38,2023-02,100.0,42459.1,42359.1,0.0
2025-02-01 00:00:00,39,2023-03,100.0,42480.9,42380.9,0.0
2025-02-01 00:00:00,47,2023-11,100.0,41327.7,41227.7,0.0
2025-02-01 00:00:00,48,2023-12,100.0,41205.4,41105.4,0.0
2025-02-01 00:00:00,49,2024-01,100.0,40011.65,39911.65,0.0
2025-02-01 00:00:00,50,2024-02,100.0,39872.7,39772.7,0.0
2025-02-01 00:00:00,53,2024-05,100.0,37836.8,37736.8,0.0
2025-02-01 00:00:00,57,2024-09,100.0,31509.65,31409.65,0.0
2025-02-01 00:00:00,58,2024-10,100.0,30503.2,30403.2,0.0
2025-02-01 00:00:00,59,2024-11,100.0,30652.5,30552.5,0.0
2025-02-01 00:00:00,60,2024-12,200.0,29115.25,28915.25,0.0
2025-02-01 00:00:00,61,2025-01,100.0,28797.2,28697.2,0.0
2025-03-01 00:00:00,19,2021-07,100.0,49380.3,49280.3,0.0
2025-03-01 00:00:00,20,2021-08,100.0,49413.6,49313.6,0.0
2025-03-01 00:00:00,21,2021-09,100.0,49543.6,49443.6,0.0
2025-03-01 00:00:00,22,2021-10,100.0,50220.4,50120.4,0.0
2025-03-01 00:00:00,25,2022-01,100.0,48399.7,48299.7,0.0
2025-03-01 00:00:00,31,2022-07,100.0,47101.15,47001.15,0.0
2025-03-01 00:00:00,32,2022-08,100.0,44644.45,44544.45,0.0
2025-03-01 00:00:00,37,2023-01,100.0,43339.35,43239.35,0.0
2025-03-01 00:00:00,38,2023-02,100.0,42411.65,42311.65,0.0
2025-03-01 00:00:00,39,2023-03,100.0,42433.45,42333.45,0.0
2025-03-01 00:00:00,47,2023-11,100.0,41280.25,41180.25,0.0
2025-03-01 00:00:00,48,2023-12,100.0,41157.95,41057.95,0.0
2025-03-01 00:00:00,49,2024-01,100.0,39964.2,39864.2,0.0
2025-03-01 00:00:00,50,2024-02,100.0,39825.25,39725.25,0.0
2025-03-01 00:00:00,53,2024-05,100.0,37789.35,37689.35,0.0
2025-03-01 00:00:00,57,2024-09,100.0,31462.2,31362.2,0.0
2025-03-01 00:00:00,58,2024-10,100.0,30455.75,30355.75,0.0
2025-03-01 00:00:00,59,2024-11,100.0,30605.05,30505.05,0.0
2025-03-01 00:00:00,60,2024-12,100.0,28967.8,28867.8,0.0
2025-03-01 00:00:00,61,2025-01,100.0,28749.75,28649.75,0.0
2025-04-01 00:00:00,19,2021-07,100.0,47630.85,47530.85,0.0
2025-04-01 00:00:00,20,2021-08,100.0,47664.15,47564.15,0.0
2025-04-01 00:00:00,21,2021-09,100.0,47794.15,47694.15,0.0
2025-04-01 00:00:00,22,2021-10,100.0,48470.95,48370.95,0.0
2025-04-01 00:00:00,25,2022-01,100.0,46650.25,46550.25,0.0
2025-04-01 00:00:00,31,2022-07,100.0,45351.7,45251.7,0.0
2025-04-01 00:00:00,32,2022-08,100.0,42895.0,42795.0,0.0
2025-04-01 00:00:00,37,2023-01,100.0,41589.9,41489.9,0.0
2025-04-01 00:00:00,38,2023-02,100.0,40662.2,40562.2,0.0
2025-04-01 00:00:00,39,2023-03,100.0,40684.0,40584.0,0.0
2025-04-01 00:00:00,47,2023-11,100.0,39530.8,39430.8,0.0
2025-04-01 00:00:00,48,2023-12,100.0,39408.5,39308.5,0.0
2025-04-01 00:00:00,49,2024-01,100.0,38214.75,38114.75,0.0
2025-04-01 00:00:00,50,2024-02,100.0,38075.8,37975.8,0.0
2025-04-01 00:00:00,53,2024-05,100.0,36039.9,35939.9,0.0
2025-04-01 00:00:00,57,2024-09,100.0,29712.75,29612.75,0.0
2025-04-01 00:00:00,58,2024-10,100.0,28706.3,28606.3,0.0
2025-04-01 00:00:00,59,2024-11,100.0,28855.6,28755.6,0.0
2025-04-01 00:00:00,60,2024-12,100.0,27218.35,27118.35,0.0
2025-04-01 00:00:00,61,2025-01,100.0,27000.3,26900.3,0.0
2025-05-01 00:00:00,19,2021-07,100.0,51674.0,51574.0,0.0
2025-05-01 00:00:00,20,2021-08,100.0,51707.3,51607.3,0.0
2025-05-01 00:00:00,21,2021-09,100.0,51837.3,51737.3,0.0
2025-05-01 00:00:00,22,2021-10,100.0,52514.1,52414.1,0.0
2025-05-01 00:00:00,25,2022-01,100.0,50693.4,50593.4,0.0
2025-05-01 00:00:00,31,2022-07,100.0,49394.85,49294.85,0.0
2025-05-01 00:00:00,32,2022-08,100.0,46938.15,46838.15,0.0
2025-05-01 00:00:00,37,2023-01,100.0,45633.05,45533.05,0.0
2025-05-01 00:00:00,38,2023-02,100.0,44705.35,44605.35,0.0
2025-05-01 00:00:00,39,2023-03,100.0,44727.15,44627.15,0.0
2025-05-01 00:00:00,47,2023-11,100.0,43573.95,43473.95,0.0
2025-05-01 00:00:00,48,2023-12,100.0,43451.65,43351.65,0.0
2025-05-01 00:00:00,49,2024-01,100.0,42257.9,42157.9,0.0
2025-05-01 00:00:00,50,2024-02,100.0,42118.95,42018.95,0.0
2025-05-01 00:00:00,53,2024-05,100.0,40083.05,39983.05,0.0
2025-05-01 00:00:00,57,2024-09,100.0,33755.9,33655.9,0.0
2025-05-01 00:00:00,58,2024-10,100.0,32749.45,32649.45,0.0
2025-05-01 00:00:00,59,2024-11,100.0,32898.75,32798.75,0.0
2025-06-01 00:00:00,19,2021-07,100.0,51323.45,51223.45,0.0
2025-06-01 00:00:00,20,2021-08,100.0,51356.75,51256.75,0.0
2025-06-01 00:00:00,21,2021-09,100.0,51486.75,51386.75,0.0
2025-06-01 00:00:00,22,2021-10,100.0,52163.55,52063.55,0.0
2025-06-01 00:00:00,25,2022-01,100.0,50342.85,50242.85,0.0
2025-06-01 00:00:00,31,2022-07,100.0,49044.3,48944.3,0.0
2025-06-01 00:00:00,32,2022-08,100.0,46587.6,46487.6,0.0
2025-06-01 00:00:00,37,2023-01,100.0,45282.5,45182.5,0.0
2025-06-01 00:00:00,38,2023-02,100.0,44354.8,44254.8,0.0
2025-06-01 00:00:00,39,2023-03,100.0,44376.6,44276.6,0.0
2025-06-01 00:00:00,47,2023-11,100.0,43223.4,43123.4,0.0
2025-06-01 00:00:00,48,2023-12,100.0,43101.1,43001.1,0.0
2025-06-01 00:00:00,49,2024-01,100.0,41907.35,41807.35,0.0
2025-06-01 00:00:00,50,2024-02,100.0,41768.4,41668.4,0.0
2025-06-01 00:00:00,53,2024-05,100.0,39732.5,39632.5,0.0
2025-06-01 00:00:00,57,2024-09,100.0,33405.35,33305.35,0.0
2025-06-01 00:00:00,58,2024-10,100.0,32398.9,32298.9,0.0
2025-06-01 00:00:00,59,2024-11,100.0,32548.2,32448.2,0.0
2025-07-01 00:00:00,19,2021-07,100.0,52679.6,52579.6,0.0
2025-07-01 00:00:00,20,2021-08,100.0,52712.9,52612.9,0.0
2025-07-01 00:00:00,21,2021-09,100.0,52842.9,52742.9,0.0
2025-07-01 00:00:00,22,2021-10,100.0,53519.7,53419.7,0.0
2025-07-01 00:00:00,25,2022-01,100.0,51699.0,51599.0,0.0
2025-07-01 00:00:00,31,2022-07,100.0,50400.45,50300.45,0.0
2025-07-01 00:00:00,32,2022-08,100.0,47943.75,47843.75,0.0
2025-07-01 00:00:00,37,2023-01,100.0,46638.65,46538.65,0.0
2025-07-01 00:00:00,38,2023-02,100.0,45710.95,45610.95,0.0
2025-07-01 00:00:00,39,2023-03,100.0,45732.75,45632.75,0.0
2025-07-01 00:00:00,47,2023-11,100.0,44579.55,44479.55,0.0
2025-07-01 00:00:00,48,2023-12,100.0,44457.25,44357.25,0.0
2025-07-01 00:00:00,49,2024-01,100.0,43263.5,43163.5,0.0
2025-07-01 00:00:00,50,2024-02,100.0,43124.55,43024.55,0.0
2025-07-01 00:00:00,53,2024-05,100.0,41088.65,40988.65,0.0
2025-07-01 00:00:00,57,2024-09,100.0,34761.5,34661.5,0.0
2025-07-01 00:00:00,58,2024-10,100.0,33755.05,33655.05,0.0
2025-07-01 00:00:00,59,2024-11,100.0,33904.35,33804.35,0.0
2025-08-01 00:00:00,19,2021-07,100.0,51629.65,51529.65,0.0
2025-08-01 00:00:00,20,2021-08,100.0,51662.95,51562.95,0.0
2025-08-01 00:00:00,21,2021-09,100.0,51792.95,51692.95,0.0
2025-08-01 00:00:00,22,2021-10,100.0,52469.75,52369.75,0.0
2025-08-01 00:00:00,25,2022-01,100.0,50649.05,50549.05,0.0
2025-08-01 00:00:00,31,2022-07,100.0,49350.5,49250.5,0.0
2025-08-01 00:00:00,32,2022-08,100.0,46893.8,46793.8,0.0
2025-08-01 00:00:00,37,2023-01,100.0,45588.7,45488.7,0.0
2025-08-01 00:00:00,38,2023-02,100.0,44661.0,44561.0,0.0
2025-08-01 00:00:00,39,2023-03,100.0,44682.8,44582.8,0.0
2025-08-01 00:00:00,47,2023-11,100.0,43529.6,43429.6,0.0
2025-08-01 00:00:00,48,2023-12,100.0,43407.3,43307.3,0.0
2025-08-01 00:00:00,49,2024-01,100.0,42213.55,42113.55,0.0
2025-08-01 00:00:00,50,2024-02,100.0,42074.6,41974.6,0.0
2025-08-01 00:00:00,53,2024-05,100.0,40038.7,39938.7,0.0
2025-08-01 00:00:00,57,2024-09,100.0,33711.55,33611.55,0.0
2025-08-01 00:00:00,58,2024-10,100.0,32705.1,32605.1,0.0
2025-08-01 00:00:00,59,2024-11,100.0,32854.4,32754.4,0.0
2025-09-01 00:00:00,19,2021-07,100.0,50693.2,50593.2,0.0
2025-09-01 00:00:00,20,2021-08,100.0,50726.5,50626.5,0.0
2025-09-01 00:00:00,21,2021-09,100.0,50856.5,50756.5,0.0
2025-09-01 00:00:00,22,2021-10,100.0,51533.3,51433.3,0.0
2025-09-01 00:00:00,25,2022-01,100.0,49712.6,49612.6,0.0
2025-09-01 00:00:00,31,2022-07,100.0,48414.05,48314.05,0.0
2025-09-01 00:00:00,32,2022-08,100.0,45957.35,45857.35,0.0
2025-09-01 00:00:00,37,2023-01,100.0,44652.25,44552.25,0.0
2025-09-01 00:00:00,38,2023-02,100.0,43724.55,43624.55,0.0
2025-09-01 00:00:00,39,2023-03,100.0,43746.35,43646.35,0.0
2025-09-01 00:00:00,47,2023-11,100.0,42593.15,42493.15,0.0
2025-09-01 00:00:00,48,2023-12,100.0,42470.85,42370.85,0.0
2025-09-01 00:00:00,49,2024-01,100.0,41277.1,41177.1,0.0
2025-09-01 00:00:00,50,2024-02,100.0,41138.15,41038.15,0.0
2025-09-01 00:00:00,53,2024-05,100.0,39102.25,39002.25,0.0
2025-09-01 00:00:00,57,2024-09,100.0,32775.1,32675.1,0.0
2025-09-01 00:00:00,58,2024-10,100.0,31768.65,31668.65,0.0
2025-09-01 00:00:00,59,2024-11,100.0,31917.95,31817.95,0.0
2025-10-01 00:00:00,19,2021-07,100.0,50892.25,50792.25,0.0
2025-10-01 00:00:00,20,2021-08,100.0,50925.55,50825.55,0.0
2025-10-01 00:00:00,21,2021-09,100.0,51055.55,50955.55,0.0
2025-10-01 00:00:00,22,2021-10,100.0,51732.35,51632.35,0.0
2025-10-01 00:00:00,25,2022-01,100.0,49911.65,49811.65,0.0
2025-10-01 00:00:00,31,2022-07,100.0,48613.1,48513.1,0.0
2025-10-01 00:00:00,32,2022-08,100.0,46156.4,46056.4,0.0
2025-10-01 00:00:00,37,2023-01,100.0,44851.3,44751.3,0.0
2025-10-01 00:00:00,38,2023-02,100.0,43923.6,43823.6,0.0
2025-10-01 00:00:00,39,2023-03,100.0,43945.4,43845.4,0.0
2025-10-01 00:00:00,47,2023-11,100.0,42792.2,42692.2,0.0
2025-10-01 00:00:00,48,2023-12,100.0,42669.9,42569.9,0.0
2025-10-01 00:00:00,49,2024-01,100.0,41476.15,41376.15,0.0
2025-10-01 00:00:00,50,2024-02,100.0,41337.2,41237.2,0.0
2025-10-01 00:00:00,53,2024-05,100.0,39301.3,39201.3,0.0
2025-10-01 00:00:00,57,2024-09,100.0,32974.15,32874.15,0.0
2025-10-01 00:00:00,58,2024-10,100.0,31967.7,31867.7,0.0
2025-10-01 00:00:00,59,2024-11,100.0,32117.0,32017.0,0.0
2025-11-01 00:00:00,19,2021-07,100.0,53512.9,53412.9,0.0
2025-11-01 00:00:00,20,2021-08,100.0,53546.2,53446.2,0.0
2025-11-01 00:00:00,21,2021-09,100.0,53676.2,53576.2,0.0
2025-11-01 00:00:00,22,2021-10,100.0,54353.0,54253.0,0.0
2025-11-01 00:00:00,25,2022-01,100.0,52532.3,52432.3,0.0
2025-11-01 00:00:00,31,2022-07,100.0,51233.75,51133.75,0.0
2025-11-01 00:00:00,32,2022-08,100.0,48777.05,48677.05,0.0
2025-11-01 00:00:00,37,2023-01,100.0,47471.95,47371.95,0.0
2025-11-01 00:00:00,38,2023-02,100.0,46544.25,46444.25,0.0
2025-11-01 00:00:00,39,2023-03,100.0,46566.05,46466.05,0.0
2025-11-01 00:00:00,47,2023-11,100.0,45412.85,45312.85,0.0
2025-11-01 00:00:00,48,2023-12,100.0,45290.55,45190.55,0.0
2025-11-01 00:00:00,49,2024-01,100.0,44096.8,43996.8,0.0
2025-11-01 00:00:00,50,2024-02,100.0,43957.85,43857.85,0.0
2025-11-01 00:00:00,53,2024-05,100.0,41921.95,41821.95,0.0
2025-11-01 00:00:00,57,2024-09,100.0,35594.8,35494.8,0.0
2025-11-01 00:00:00,58,2024-10,100.0,34588.35,34488.35,0.0
2025-11-01 00:00:00,59,2024-11,100.0,34737.65,34637.65,0.0
2025-11-01 00:00:00,69,2025-09,200.0,28019.7,27819.7,0.0
2025-11-01 00:00:00,70,2025-10,100.0,27720.65,27620.65,0.0
2025-12-01 00:00:00,19,2021-07,100.0,53886.8,53786.8,0.0
2025-12-01 00:00:00,20,2021-08,100.0,53920.1,53820.1,0.0
2025-12-01 00:00:00,21,2021-09,100.0,54050.1,53950.1,0.0
2025-12-01 00:00:00,22,2021-10,100.0,54726.9,54626.9,0.0
2025-12-01 00:00:00,25,2022-01,100.0,52906.2,52806.2,0.0
2025-12-01 00:00:00,31,2022-07,100.0,51607.65,51507.65,0.0
2025-12-01 00:00:00,32,2022-08,100.0,49150.95,49050.95,0.0
2025-12-01 00:00:00,37,2023-01,100.0,47845.85,47745.85,0.0
2025-12-01 00:00:00,38,2023-02,100.0,46918.15,46818.15,0.0
2025-12-01 00:00:00,39,2023-03,100.0,46939.95,46839.95,0.0
2025-12-01 00:00:00,47,2023-11,100.0,45786.75,45686.75,0.0
2025-12-01 00:00:00,48,2023-12,100.0,45664.45,45564.45,0.0
2025-12-01 00:00:00,49,2024-01,100.0,44470.7,44370.7,0.0
2025-12-01 00:00:00,50,2024-02,100.0,44331.75,44231.75,0.0
2025-12-01 00:00:00,53,2024-05,100.0,42295.85,42195.85,0.0
2025-12-01 00:00:00,57,2024-09,100.0,35968.7,35868.7,0.0
2025-12-01 00:00:00,58,2024-10,100.0,34962.25,34862.25,0.0
2025-12-01 00:00:00,59,2024-11,100.0,35111.55,35011.55,0.0
2025-12-01 00:00:00,69,2025-09,100.0,28293.6,28193.6,0.0
2025-12-01 00:00:00,70,2025-10,100.0,28094.55,27994.55,0.0
2026-01-01 00:00:00,19,2021-07,100.0,52090.2,51990.2,0.0
2026-01-01 00:00:00,20,2021-08,100.0,52123.5,52023.5,0.0
2026-01-01 00:00:00,21,2021-09,100.0,52253.5,52153.5,0.0
2026-01-01 00:00:00,22,2021-10,100.0,52930.3,52830.3,0.0
2026-01-01 00:00:00,25,2022-01,100.0,51109.6,51009.6,0.0
2026-01-01 00:00:00,31,2022-07,100.0,49811.05,49711.05,0.0
2026-01-01 00:00:00,32,2022-08,100.0,47354.35,47254.35,0.0
2026-01-01 00:00:00,37,2023-01,100.0,46049.25,45949.25,0.0
2026-01-01 00:00:00,38,2023-02,100.0,45121.55,45021.55,0.0
2026-01-01 00:00:00,39,2023-03,100.0,45143.35,45043.35,0.0
2026-01-01 00:00:00,47,2023-11,100.0,43990.15,43890.15,0.0
2026-01-01 00:00:00,48,2023-12,100.0,43867.85,43767.85,0.0
2026-01-01 00:00:00,49,2024-01,100.0,42674.1,42574.1,0.0
2026-01-01 00:00:00,50,2024-02,100.0,42535.15,42435.15,0.0
2026-01-01 00:00:00,53,2024-05,100.0,40499.25,40399.25,0.0
2026-01-01 00:00:00,57,2024-09,100.0,34172.1,34072.1,0.0
2026-01-01 00:00:00,58,2024-10,100.0,33165.65,33065.65,0.0
2026-01-01 00:00:00,59,2024-11,100.0,33314.95,33214.95,0.0
2026-02-01 00:00:00,19,2021-07,100.0,52711.55,52611.55,0.0
2026-02-01 00:00:00,20,2021-08,100.0,52744.85,52644.85,0.0
2026-02-01 00:00:00,21,2021-09,100.0,52874.85,52774.85,0.0
2026-02-01 00:00:00,22,2021-10,100.0,53551.65,53451.65,0.0
2026-02-01 00:00:00,25,2022-01,100.0,51730.95,51630.95,0.0
2026-02-01 00:00:00,31,2022-07,100.0,50432.4,50332.4,0.0
2026-02-01 00:00:00,32,2022-08,100.0,47975.7,47875.7,0.0
2026-02-01 00:00:00,37,2023-01,100.0,46670.6,46570.6,0.0
2026-02-01 00:00:00,38,2023-02,100.0,45742.9,45642.9,0.0
2026-02-01 00:00:00,39,2023-03,100.0,45764.7,45664.7,0.0
2026-02-01 00:00:00,47,2023-11,100.0,44611.5,44511.5,0.0
2026-02-01 00:00:00,48,2023-12,100.0,44489.2,44389.2,0.0
2026-02-01 00:00:00,49,2024-01,100.0,43295.45,43195.45,0.0
2026-02-01 00:00:00,50,2024-02,100.0,43156.5,43056.5,0.0
2026-02-01 00:00:00,53,2024-05,100.0,41120.6,41020.6,0.0
2026-02-01 00:00:00,57,2024-09,100.0,34793.45,34693.45,0.0
2026-02-01 00:00:00,58,2024-10,100.0,33787.0,33687.0,0.0
2026-02-01 00:00:00,59,2024-11,100.0,33936.3,33836.3,0.0
2026-02-01 00:00:00,69,2025-09,200.0,27218.35,27018.35,0.0
2026-02-01 00:00:00,70,2025-10,200.0,27019.3,26819.3,0.0
2026-03-01 00:00:00,19,2021-07,100.0,51814.3,51714.3,0.0
2026-03-01 00:00:00,20,2021-08,100.0,51847.6,51747.6,0.0
2026-03-01 00:00:00,21,2021-09,100.0,51977.6,51877.6,0.0
2026-03-01 00:00:00,22,2021-10,100.0,52654.4,52554.4,0.0
2026-03-01 00:00:00,25,2022-01,100.0,50833.7,50733.7,0.0
2026-03-01 00:00:00,31,2022-07,100.0,49535.15,49435.15,0.0
2026-03-01 00:00:00,32,2022-08,100.0,47078.45,46978.45,0.0
2026-03-01 00:00:00,37,2023-01,100.0,45773.35,45673.35,0.0
2026-03-01 00:00:00,38,2023-02,100.0,44845.65,44745.65,0.0
2026-03-01 00:00:00,39,2023-03,100.0,44867.45,44767.45,0.0
2026-03-01 00:00:00,47,2023-11,100.0,43714.25,43614.25,0.0
2026-03-01 00:00:00,48,2023-12,100.0,43591.95,43491.95,0.0
2026-03-01 00:00:00,49,2024-01,100.0,42398.2,42298.2,0.0
2026-03-01 00:00:00,50,2024-02,100.0,42259.25,42159.25,0.0
2026-03-01 00:00:00,53,2024-05,100.0,40223.35,40123.35,0.0
2026-03-01 00:00:00,57,2024-09,100.0,33896.2,33796.2,0.0
2026-03-01 00:00:00,58,2024-10,100.0,32889.75,32789.75,0.0
2026-03-01 00:00:00,59,2024-11,100.0,33039.05,32939.05,0.0
2026-04-01 00:00:00,19,2021-07,100.0,48688.35,48588.35,0.0
2026-04-01 00:00:00,20,2021-08,100.0,48721.65,48621.65,0.0
2026-04-01 00:00:00,21,2021-09,100.0,48851.65,48751.65,0.0
2026-04-01 00:00:00,22,2021-10,100.0,49528.45,49428.45,0.0
2026-04-01 00:00:00,25,2022-01,100.0,47707.75,47607.75,0.0
2026-04-01 00:00:00,31,2022-07,100.0,46409.2,46309.2,0.0
2026-04-01 00:00:00,32,2022-08,100.0,43952.5,43852.5,0.0
2026-04-01 00:00:00,37,2023-01,100.0,42647.4,42547.4,0.0
2026-04-01 00:00:00,38,2023-02,100.0,41719.7,41619.7,0.0
2026-04-01 00:00:00,39,2023-03,100.0,41741.5,41641.5,0.0
2026-04-01 00:00:00,47,2023-11,100.0,40588.3,40488.3,0.0
2026-04-01 00:00:00,48,2023-12,100.0,40466.0,40366.0,0.0
2026-04-01 00:00:00,49,2024-01,100.0,39272.25,39172.25,0.0
2026-04-01 00:00:00,50,2024-02,100.0,39133.3,39033.3,0.0
2026-04-01 00:00:00,53,2024-05,100.0,37097.4,36997.4,0.0
2026-04-01 00:00:00,57,2024-09,100.0,30770.25,30670.25,0.0
2026-04-01 00:00:00,58,2024-10,100.0,29763.8,29663.8,0.0
2026-04-01 00:00:00,59,2024-11,100.0,29913.1,29813.1,0.0
2026-05-01 00:00:00,19,2021-07,100.0,50179.8,50079.8,0.0
2026-05-01 00:00:00,20,2021-08,100.0,50213.1,50113.1,0.0
2026-05-01 00:00:00,21,2021-09,100.0,50343.1,50243.1,0.0
2026-05-01 00:00:00,22,2021-10,100.0,51019.9,50919.9,0.0
2026-05-01 00:00:00,25,2022-01,100.0,49199.2,49099.2,0.0
2026-05-01 00:00:00,31,2022-07,100.0,47900.65,47800.65,0.0
2026-05-01 00:00:00,32,2022-08,100.0,45443.95,45343.95,0.0
2026-05-01 00:00:00,37,2023-01,100.0,44138.85,44038.85,0.0
2026-05-01 00:00:00,38,2023-02,100.0,43211.15,43111.15,0.0
2026-05-01 00:00:00,39,2023-03,100.0,43232.95,43132.95,0.0
2026-05-01 00:00:00,47,2023-11,100.0,42079.75,41979.75,0.0
2026-05-01 00:00:00,48,2023-12,100.0,41957.45,41857.45,0.0
2026-05-01 00:00:00,49,2024-01,100.0,40763.7,40663.7,0.0
2026-05-01 00:00:00,50,2024-02,100.0,40624.75,40524.75,0.0
2026-05-01 00:00:00,53,2024-05,100.0,38588.85,38488.85,0.0
2026-05-01 00:00:00,57,2024-09,100.0,32261.7,32161.7,0.0
2026-05-01 00:00:00,58,2024-10,100.0,31255.25,31155.25,0.0
2026-05-01 00:00:00,59,2024-11,100.0,31404.55,31304.55,0.0
2026-06-01 00:00:00,19,2021-07,100.0,53819.6,53719.6,0.0
2026-06-01 00:00:00,20,2021-08,100.0,53852.9,53752.9,0.0
2026-06-01 00:00:00,21,2021-09,100.0,53982.9,53882.9,0.0
2026-06-01 00:00:00,22,2021-10,100.0,54659.7,54559.7,0.0
2026-06-01 00:00:00,25,2022-01,100.0,52839.0,52739.0,0.0
2026-06-01 00:00:00,31,2022-07,100.0,51540.45,51440.45,0.0
2026-06-01 00:00:00,32,2022-08,100.0,49083.75,48983.75,0.0
2026-06-01 00:00:00,37,2023-01,100.0,47778.65,47678.65,0.0
2026-06-01 00:00:00,38,2023-02,100.0,46850.95,46750.95,0.0
2026-06-01 00:00:00,39,2023-03,100.0,46872.75,46772.75,0.0
2026-06-01 00:00:00,47,2023-11,100.0,45719.55,45619.55,0.0
2026-06-01 00:00:00,48,2023-12,100.0,45597.25,45497.25,0.0
2026-06-01 00:00:00,49,2024-01,100.0,44403.5,44303.5,0.0
2026-06-01 00:00:00,50,2024-02,100.0,44264.55,44164.55,0.0
2026-06-01 00:00:00,53,2024-05,100.0,42228.65,42128.65,0.0
2026-06-01 00:00:00,57,2024-09,100.0,35901.5,35801.5,0.0
2026-06-01 00:00:00,58,2024-10,100.0,34895.05,34795.05,0.0
2026-06-01 00:00:00,59,2024-11,100.0,35044.35,34944.35,0.0
2026-06-01 00:00:00,77,2026-05,100.0,28739.8,28639.8,0.0
2026-07-01 00:00:00,19,2021-07,100.0,51728.55,51628.55,0.0
2026-07-01 00:00:00,20,2021-08,100.0,51761.85,51661.85,0.0
2026-07-01 00:00:00,21,2021-09,100.0,51891.85,51791.85,0.0
2026-07-01 00:00:00,22,2021-10,100.0,52568.65,52468.65,0.0
2026-07-01 00:00:00,25,2022-01,100.0,50747.95,50647.95,0.0
2026-07-01 00:00:00,31,2022-07,100.0,49449.4,49349.4,0.0
2026-07-01 00:00:00,32,2022-08,100.0,46992.7,46892.7,0.0
2026-07-01 00:00:00,37,2023-01,100.0,45687.6,45587.6,0.0
2026-07-01 00:00:00,38,2023-02,100.0,44759.9,44659.9,0.0
2026-07-01 00:00:00,39,2023-03,100.0,44781.7,44681.7,0.0
2026-07-01 00:00:00,47,2023-11,100.0,43628.5,43528.5,0.0
2026-07-01 00:00:00,48,2023-12,100.0,43506.2,43406.2,0.0
2026-07-01 00:00:00,49,2024-01,100.0,42312.45,42212.45,0.0
2026-07-01 00:00:00,50,2024-02,100.0,42173.5,42073.5,0.0
2026-07-01 00:00:00,53,2024-05,100.0,40137.6,40037.6,0.0
2026-07-01 00:00:00,57,2024-09,100.0,33810.45,33710.45,0.0
2026-07-01 00:00:00,58,2024-10,100.0,32804.0,32704.0,0.0
2026-07-01 00:00:00,59,2024-11,100.0,32953.3,32853.3,0.0
2026-07-01 00:00:00,77,2026-05,100.0,26648.75,26548.75,0.0
