case,portfolio,members,groups,failed_groups,failed_fraction,full_loss,net_pnl,max_drawdown,worst_drawdown_at,longest_underwater_trading_dates,longest_underwater_calendar_days,unrecovered_at_end,recovered_episodes,worst_1d_change,worst_5d_change,worst_20d_change
3m_2020-01-01,RR:0.50,RR:0.50,1,0,0.0,False,1459.95,1011.0,2020-02-27,15,21,True,10,-674.05,-894.2,-640.2
3m_2020-01-01,RR:1.00,RR:1.00,1,1,1.0,True,-585.95,2289.6,2020-03-19,17,25,True,6,-942.3,-1626.3999999999999,-2224.9
3m_2020-01-01,RR:2.50,RR:2.50,1,1,1.0,True,119.95,2085.9,2020-03-12,24,34,True,5,-942.3,-1719.7,-1844.4499999999998
3m_2020-01-01,GG:1.25,GG:1.25,1,0,0.0,False,1192.8,3029.65,2020-03-12,28,40,True,7,-959.8000000000001,-2081.3,-2799.25
3m_2020-01-01,rr_pair,RR:0.50;RR:2.50,2,1,0.5,False,789.95,1185.35,2020-03-12,23,33,True,5,-674.0500000000001,-1072.775,-1076.725
3m_2020-01-01,cross_pair,RR:0.50;GG:1.25,2,0,0.0,False,1326.375,1657.225,2020-03-12,25,35,True,9,-696.075,-1309.7250000000001,-1499.125
3m_2020-01-01,rr_triple,RR:0.50;RR:2.50;RR:1.00,3,2,0.6666666666666666,False,331.31666666666666,1464.6833333333334,2020-03-20,24,34,True,6,-674.05,-1137.95,-1459.45
3m_2020-01-01,cross_triple,RR:0.50;GG:1.25;RR:1.00,3,1,0.3333333333333333,False,688.9333333333333,1723.2666666666667,2020-03-20,28,40,True,9,-688.7333333333333,-1149.3166666666666,-1608.0
3m_2020-04-01,RR:0.50,RR:0.50,1,0,0.0,False,208.1,861.8499999999999,2020-06-26,23,33,True,5,-434.35,-497.5,-797.5999999999999
3m_2020-04-01,RR:1.00,RR:1.00,1,0,0.0,False,651.65,1026.25,2020-06-26,23,33,True,7,-404.79999999999995,-462.30000000000007,-785.25
3m_2020-04-01,RR:2.50,RR:2.50,1,0,0.0,False,940.4,1406.6000000000001,2020-06-26,20,28,True,7,-478.25,-554.15,-1268.0
3m_2020-04-01,GG:1.25,GG:1.25,1,0,0.0,False,2355.35,633.4499999999999,2020-05-01,24,34,True,9,-417.3499999999999,-597.4000000000001,-210.94999999999993
3m_2020-04-01,rr_pair,RR:0.50;RR:2.50,2,0,0.0,False,574.25,1117.75,2020-06-26,23,33,True,6,-456.3,-475.2750000000001,-946.5
3m_2020-04-01,cross_pair,RR:0.50;GG:1.25,2,0,0.0,False,1281.725,521.2250000000001,2020-06-26,24,34,True,6,-364.7750000000001,-409.29999999999995,-325.70000000000005
3m_2020-04-01,rr_triple,RR:0.50;RR:2.50;RR:1.00,3,0,0.0,False,600.05,1087.2499999999998,2020-06-26,23,33,True,7,-439.1333333333333,-433.48333333333323,-880.3333333333333
3m_2020-04-01,cross_triple,RR:0.50;GG:1.25;RR:1.00,3,0,0.0,False,1071.7,600.4499999999998,2020-06-26,20,28,True,6,-347.25,-396.58333333333337,-466.46666666666647
3m_2020-07-01,RR:0.50,RR:0.50,1,0,0.0,False,1325.15,749.6,2020-09-23,18,26,True,8,-470.79999999999995,-485.95000000000005,-348.55000000000007
3m_2020-07-01,RR:1.00,RR:1.00,1,0,0.0,False,1229.9,868.45,2020-09-21,18,26,True,8,-503.75,-771.8,-650.05
3m_2020-07-01,RR:2.50,RR:2.50,1,0,0.0,False,2655.6,1076.1,2020-09-21,17,23,True,6,-583.25,-962.0500000000002,-626.1999999999998
3m_2020-07-01,GG:1.25,GG:1.25,1,0,0.0,False,1666.75,1723.1000000000001,2020-09-08,20,28,True,7,-611.8500000000001,-1569.8999999999999,-1379.35
3m_2020-07-01,rr_pair,RR:0.50;RR:2.50,2,0,0.0,False,1990.375,899.675,2020-09-21,18,26,True,7,-527.0250000000001,-684.925,-487.3749999999998
3m_2020-07-01,cross_pair,RR:0.50;GG:1.25,2,0,0.0,False,1495.95,963.3499999999999,2020-09-08,20,28,True,9,-541.325,-795.4499999999998,-791.8249999999998
3m_2020-07-01,rr_triple,RR:0.50;RR:2.50;RR:1.00,3,0,0.0,False,1736.8833333333334,889.2666666666669,2020-09-21,18,26,True,7,-508.2833333333333,-713.8833333333334,-541.6000000000001
3m_2020-07-01,cross_triple,RR:0.50;GG:1.25;RR:1.00,3,0,0.0,False,1407.2666666666667,809.2,2020-09-23,20,28,True,10,-517.8166666666666,-589.2833333333333,-681.1666666666667
3m_2020-10-01,RR:0.50,RR:0.50,1,0,0.0,False,-668.9,1406.4499999999998,2020-12-31,40,57,True,4,-525.3,-715.05,-930.3000000000001
3m_2020-10-01,RR:1.00,RR:1.00,1,0,0.0,False,845.15,856.0,2020-10-06,30,45,True,5,-490.54999999999995,-739.7,-306.70000000000005
3m_2020-10-01,RR:2.50,RR:2.50,1,0,0.0,False,1139.15,1175.75,2020-11-23,40,57,True,2,-558.25,-694.0,-621.55
3m_2020-10-01,GG:1.25,GG:1.25,1,0,0.0,False,1849.0,1428.8500000000001,2020-11-18,38,55,True,2,-930.7500000000002,-1119.65,-937.1500000000001
3m_2020-10-01,rr_pair,RR:0.50;RR:2.50,2,0,0.0,False,235.12500000000006,1167.5,2020-12-14,40,57,True,2,-541.775,-704.525,-738.5999999999999
3m_2020-10-01,cross_pair,RR:0.50;GG:1.25,2,0,0.0,False,590.05,1203.375,2020-11-18,38,55,True,5,-728.0250000000002,-849.075,-897.95
3m_2020-10-01,rr_triple,RR:0.50;RR:2.50;RR:1.00,3,0,0.0,False,438.4666666666667,828.2166666666667,2020-11-18,40,57,True,3,-521.95,-559.4666666666667,-506.91666666666663
3m_2020-10-01,cross_triple,RR:0.50;GG:1.25;RR:1.00,3,0,0.0,False,675.0833333333334,876.6333333333334,2020-11-18,38,55,True,5,-646.1166666666669,-560.3166666666665,-627.2833333333335
3m_2021-01-01,RR:0.50,RR:0.50,1,0,0.0,False,-30.2,1582.25,2021-03-08,58,82,True,0,-676.0,-840.75,-820.8499999999999
3m_2021-01-01,RR:1.00,RR:1.00,1,1,1.0,True,-610.95,2773.75,2021-03-08,58,82,True,0,-1017.5,-1083.6000000000001,-1744.3500000000001
3m_2021-01-01,RR:2.50,RR:2.50,1,0,0.0,False,1509.75,1121.3500000000001,2021-03-08,22,30,True,4,-698.8,-976.4000000000001,-932.25
3m_2021-01-01,GG:1.25,GG:1.25,1,0,0.0,False,-525.0,2221.9,2021-03-30,33,47,True,5,-848.3499999999999,-1374.7,-1933.35
3m_2021-01-01,rr_pair,RR:0.50;RR:2.50,2,0,0.0,False,739.775,1294.25,2021-03-08,46,64,True,1,-522.425,-908.575,-876.55
3m_2021-01-01,cross_pair,RR:0.50;GG:1.25,2,0,0.0,False,-277.6,1526.85,2021-03-08,46,64,True,2,-580.55,-750.4499999999999,-1188.5749999999998
3m_2021-01-01,rr_triple,RR:0.50;RR:2.50;RR:1.00,3,1,0.3333333333333333,False,289.5333333333333,1767.4166666666665,2021-03-08,58,82,True,0,-687.45,-966.9166666666667,-1165.8166666666666
3m_2021-01-01,cross_triple,RR:0.50;GG:1.25;RR:1.00,3,1,0.3333333333333333,False,-388.7166666666667,1909.8166666666666,2021-03-08,46,64,True,2,-719.1333333333333,-861.5,-1373.8333333333333
3m_2021-04-01,RR:0.50,RR:0.50,1,1,1.0,True,-2305.4,3093.5,2021-06-18,56,78,True,1,-381.85,-1020.65,-2006.05
3m_2021-04-01,RR:1.00,RR:1.00,1,1,1.0,True,-1779.8,2547.25,2021-06-18,53,75,True,2,-406.85,-728.1,-1522.95
3m_2021-04-01,RR:2.50,RR:2.50,1,0,0.0,False,-621.75,1989.65,2021-06-18,53,75,True,1,-505.75,-815.75,-1230.7
3m_2021-04-01,GG:1.25,GG:1.25,1,0,0.0,False,499.8,1875.5,2021-05-13,56,78,True,2,-394.8,-850.1,-1720.6999999999998
3m_2021-04-01,rr_pair,RR:0.50;RR:2.50,2,1,0.5,False,-1463.575,2513.325,2021-06-18,53,75,True,2,-443.8,-787.225,-1532.725
3m_2021-04-01,cross_pair,RR:0.50;GG:1.25,2,1,0.5,False,-902.8000000000001,2120.15,2021-06-18,56,78,True,2,-318.09999999999997,-804.4,-1711.4250000000002
3m_2021-04-01,rr_triple,RR:0.50;RR:2.50;RR:1.00,3,2,0.6666666666666666,False,-1568.9833333333333,2524.633333333333,2021-06-18,53,75,True,2,-431.48333333333335,-758.45,-1529.4666666666665
3m_2021-04-01,cross_triple,RR:0.50;GG:1.25;RR:1.00,3,2,0.6666666666666666,False,-1195.1333333333334,2223.9833333333336,2021-06-18,56,78,True,1,-347.68333333333334,-747.7166666666667,-1598.6
3m_2021-07-01,RR:0.50,RR:0.50,1,0,0.0,False,-167.75,772.6,2021-09-30,44,62,True,4,-386.3,-772.6,-317.40000000000003
3m_2021-07-01,RR:1.00,RR:1.00,1,0,0.0,False,340.9,754.85,2021-09-30,26,38,True,6,-376.79999999999995,-715.1,-348.65
3m_2021-07-01,RR:2.50,RR:2.50,1,0,0.0,False,-659.55,1732.25,2021-09-30,28,40,True,6,-494.8,-897.9,-1600.6999999999998
3m_2021-07-01,GG:1.25,GG:1.25,1,0,0.0,False,113.35,1316.6000000000001,2021-09-30,22,30,True,8,-671.45,-1024.65,-1185.25
3m_2021-07-01,rr_pair,RR:0.50;RR:2.50,2,0,0.0,False,-413.65,1153.525,2021-09-30,29,41,True,7,-440.54999999999995,-835.25,-952.65
3m_2021-07-01,cross_pair,RR:0.50;GG:1.25,2,0,0.0,False,-27.200000000000003,993.925,2021-09-30,11,15,True,10,-528.875,-898.625,-744.925
3m_2021-07-01,rr_triple,RR:0.50;RR:2.50;RR:1.00,3,0,0.0,False,-162.13333333333333,992.8833333333333,2021-09-30,29,41,True,6,-419.3,-795.2,-751.3166666666666
3m_2021-07-01,cross_triple,RR:0.50;GG:1.25;RR:1.00,3,0,0.0,False,95.49999999999999,861.4833333333333,2021-09-30,15,21,True,10,-478.18333333333334,-837.45,-612.8333333333333
3m_2021-10-01,RR:0.50,RR:0.50,1,0,0.0,False,587.75,1297.45,2021-12-03,40,57,True,7,-318.45,-530.5,-1252.15
3m_2021-10-01,RR:1.00,RR:1.00,1,0,0.0,False,1105.9,1560.25,2021-12-20,40,57,True,5,-318.45000000000005,-765.7,-1347.6
3m_2021-10-01,RR:2.50,RR:2.50,1,0,0.0,False,1831.0,1872.4,2021-12-20,39,56,True,4,-571.9499999999998,-982.8,-1763.6999999999998
3m_2021-10-01,GG:1.25,GG:1.25,1,0,0.0,False,2578.65,1261.6,2021-12-03,32,46,True,7,-725.7,-979.3499999999999,-1261.6
3m_2021-10-01,rr_pair,RR:0.50;RR:2.50,2,0,0.0,False,1209.375,1547.4500000000003,2021-12-20,39,56,True,5,-401.9749999999999,-689.1999999999998,-1380.3750000000002
3m_2021-10-01,cross_pair,RR:0.50;GG:1.25,2,0,0.0,False,1583.2,1261.125,2021-12-03,36,53,True,5,-513.2500000000001,-687.475,-1256.875
3m_2021-10-01,rr_triple,RR:0.50;RR:2.50;RR:1.00,3,0,0.0,False,1174.8833333333334,1540.4499999999998,2021-12-20,39,56,True,5,-351.1333333333332,-657.7833333333333,-1348.5499999999997
3m_2021-10-01,cross_triple,RR:0.50;GG:1.25;RR:1.00,3,0,0.0,False,1424.1000000000001,1256.5166666666667,2021-12-03,40,57,True,3,-426.9166666666665,-656.6333333333334,-1242.4166666666667
3m_2022-01-01,RR:0.50,RR:0.50,1,0,0.0,False,2891.55,1126.5500000000002,2022-03-14,15,21,True,9,-662.0,-1056.15,13.3
3m_2022-01-01,RR:1.00,RR:1.00,1,0,0.0,False,2094.5,1306.9,2022-03-14,20,27,True,6,-684.4499999999998,-1032.1,-441.3499999999999
3m_2022-01-01,RR:2.50,RR:2.50,1,1,1.0,True,2775.8,1957.9,2022-03-08,20,28,True,8,-910.9,-1713.65,-356.94999999999993
3m_2022-01-01,GG:1.25,GG:1.25,1,1,1.0,True,-439.9,2939.6,2022-02-21,62,86,True,0,-909.3500000000001,-1787.05,-1921.55
3m_2022-01-01,rr_pair,RR:0.50;RR:2.50,2,1,0.5,False,2833.675,1455.0750000000003,2022-03-08,16,22,True,8,-786.4499999999999,-1224.275,42.475
3m_2022-01-01,cross_pair,RR:0.50;GG:1.25,2,1,0.5,False,1225.825,1599.675,2022-01-25,37,51,True,3,-785.6750000000002,-972.5500000000001,-954.125
3m_2022-01-01,rr_triple,RR:0.50;RR:2.50;RR:1.00,3,1,0.3333333333333333,False,2587.2833333333333,1354.1666666666665,2022-03-08,16,22,True,7,-644.6333333333333,-1160.2166666666667,-84.7833333333333
3m_2022-01-01,cross_triple,RR:0.50;GG:1.25;RR:1.00,3,1,0.3333333333333333,False,1515.3833333333334,1281.0666666666666,2022-01-21,24,34,True,6,-691.7499999999999,-979.0333333333333,-603.8666666666667
3m_2022-04-01,RR:0.50,RR:0.50,1,1,1.0,True,-1790.8,2710.3,2022-06-30,50,70,True,2,-800.35,-1360.5500000000002,-1867.3
3m_2022-04-01,RR:1.00,RR:1.00,1,1,1.0,True,-2885.5,4276.85,2022-06-30,48,66,True,3,-1034.3,-2095.55,-3261.35
3m_2022-04-01,RR:2.50,RR:2.50,1,1,1.0,True,-3702.05,4395.85,2022-06-30,53,73,True,2,-908.75,-2156.8,-2905.8500000000004
3m_2022-04-01,GG:1.25,GG:1.25,1,1,1.0,True,-3466.0,5035.55,2022-05-12,62,87,True,1,-784.8000000000002,-2338.45,-3516.9
3m_2022-04-01,rr_pair,RR:0.50;RR:2.50,2,2,1.0,True,-2746.425,3448.525,2022-06-30,51,71,True,3,-854.5500000000001,-1709.525,-2265.8
3m_2022-04-01,cross_pair,RR:0.50;GG:1.25,2,2,1.0,True,-2628.4,3329.9,2022-05-12,62,87,True,1,-664.0500000000002,-1800.35,-2537.025
3m_2022-04-01,rr_triple,RR:0.50;RR:2.50;RR:1.00,3,3,1.0,True,-2792.7833333333333,3700.6833333333334,2022-06-30,50,70,True,3,-914.4666666666667,-1838.2,-2597.65
3m_2022-04-01,cross_triple,RR:0.50;GG:1.25;RR:1.00,3,3,1.0,True,-2714.1,3192.583333333333,2022-06-30,62,87,True,1,-787.4666666666667,-1898.7500000000002,-2535.716666666667
3m_2022-07-01,RR:0.50,RR:0.50,1,0,0.0,False,2494.85,1100.8999999999996,2022-09-06,26,36,True,8,-467.3000000000002,-763.6500000000001,-917.75
3m_2022-07-01,RR:1.00,RR:1.00,1,0,0.0,False,3446.6,910.75,2022-09-06,29,41,True,8,-475.75,-671.8999999999996,-449.8499999999999
3m_2022-07-01,RR:2.50,RR:2.50,1,0,0.0,False,1979.65,1518.7999999999997,2022-09-06,31,43,True,7,-502.8499999999999,-848.6500000000001,-1032.15
3m_2022-07-01,GG:1.25,GG:1.25,1,0,0.0,False,-53.55,2506.55,2022-09-30,34,46,True,4,-609.4499999999999,-1053.65,-1594.0499999999997
3m_2022-07-01,rr_pair,RR:0.50;RR:2.50,2,0,0.0,False,2237.25,1185.325,2022-09-06,31,43,True,6,-413.4749999999999,-779.3499999999997,-931.1500000000005
3m_2022-07-01,cross_pair,RR:0.50;GG:1.25,2,0,0.0,False,1220.6499999999999,1421.125,2022-09-27,31,43,True,6,-417.89999999999986,-830.4249999999997,-1074.175
3m_2022-07-01,rr_triple,RR:0.50;RR:2.50;RR:1.00,3,0,0.0,False,2640.366666666667,1093.7999999999997,2022-09-06,31,43,True,7,-434.2333333333336,-737.3499999999999,-770.7166666666667
3m_2022-07-01,cross_triple,RR:0.50;GG:1.25;RR:1.00,3,0,0.0,False,1962.6333333333332,1219.6833333333332,2022-09-06,31,43,True,6,-428.23333333333335,-771.3999999999999,-866.0666666666666
3m_2022-10-01,RR:0.50,RR:0.50,1,0,0.0,False,-752.55,1882.5,2022-11-11,49,70,True,1,-443.90000000000003,-1180.7,-1367.5500000000002
3m_2022-10-01,RR:1.00,RR:1.00,1,0,0.0,False,-914.8,1628.9499999999998,2022-11-04,49,70,True,2,-469.79999999999995,-1174.1,-1256.4499999999998
3m_2022-10-01,RR:2.50,RR:2.50,1,0,0.0,False,-1153.05,2718.3,2022-12-28,49,70,True,1,-503.75,-1292.75,-2007.35
3m_2022-10-01,GG:1.25,GG:1.25,1,0,0.0,False,3050.75,1063.85,2022-12-27,12,17,True,9,-519.3499999999999,-829.5,-495.5500000000002
3m_2022-10-01,rr_pair,RR:0.50;RR:2.50,2,0,0.0,False,-952.8,2263.35,2022-12-28,49,70,True,1,-417.375,-1153.925,-1683.025
3m_2022-10-01,cross_pair,RR:0.50;GG:1.25,2,0,0.0,False,1149.1,891.5499999999998,2022-11-04,28,40,True,4,-390.82499999999993,-648.975,-485.17499999999995
3m_2022-10-01,rr_triple,RR:0.50;RR:2.50;RR:1.00,3,0,0.0,False,-940.1333333333333,2037.6,2022-12-28,49,70,True,1,-429.29999999999995,-1160.65,-1475.7833333333333
3m_2022-10-01,cross_triple,RR:0.50;GG:1.25;RR:1.00,3,0,0.0,False,461.1333333333334,1137.3499999999997,2022-11-04,49,70,True,2,-363.29999999999995,-824.0166666666668,-658.6833333333332
3m_2023-01-01,RR:0.50,RR:0.50,1,0,0.0,False,134.4,1421.6,2023-03-01,34,46,True,3,-447.34999999999997,-719.1,-1315.05
3m_2023-01-01,RR:1.00,RR:1.00,1,0,0.0,False,2221.4,709.3999999999999,2023-03-01,23,31,False,7,-379.85,-574.25,-657.2499999999999
3m_2023-01-01,RR:2.50,RR:2.50,1,0,0.0,False,2831.5,884.2499999999998,2023-03-01,21,29,False,12,-379.85,-590.0499999999997,-550.0999999999999
3m_2023-01-01,GG:1.25,GG:1.25,1,0,0.0,False,3616.95,928.5,2023-03-13,27,37,False,10,-537.8499999999999,-907.8499999999999,-813.25
3m_2023-01-01,rr_pair,RR:0.50;RR:2.50,2,0,0.0,False,1482.95,1059.9750000000001,2023-03-01,34,46,False,7,-413.6,-651.4499999999998,-929.5250000000002
3m_2023-01-01,cross_pair,RR:0.50;GG:1.25,2,0,0.0,False,1875.675,1064.15,2023-03-13,28,38,False,8,-463.6249999999999,-709.5,-1064.15
3m_2023-01-01,rr_triple,RR:0.50;RR:2.50;RR:1.00,3,0,0.0,False,1729.1000000000001,943.1166666666666,2023-03-01,27,37,False,7,-402.35,-605.3499999999999,-838.7666666666667
3m_2023-01-01,cross_triple,RR:0.50;GG:1.25;RR:1.00,3,0,0.0,False,1990.9166666666667,940.9166666666665,2023-03-01,26,36,False,7,-406.70000000000005,-664.4166666666666,-928.5166666666667
3m_2023-04-01,RR:0.50,RR:0.50,1,0,0.0,False,219.2,738.1,2023-05-16,55,77,True,2,-256.5,-415.54999999999995,-718.2
3m_2023-04-01,RR:1.00,RR:1.00,1,0,0.0,False,887.7,808.75,2023-05-12,20,28,True,5,-283.9,-528.5,-620.65
3m_2023-04-01,RR:2.50,RR:2.50,1,0,0.0,False,789.2,1010.5,2023-05-12,20,28,True,8,-281.79999999999995,-630.1,-756.5
3m_2023-04-01,GG:1.25,GG:1.25,1,0,0.0,False,2046.6,677.5,2023-05-04,20,28,False,10,-430.3,-508.95,-258.74999999999994
3m_2023-04-01,rr_pair,RR:0.50;RR:2.50,2,0,0.0,False,504.20000000000005,852.325,2023-05-12,20,28,True,6,-236.32500000000002,-486.225,-737.35
3m_2023-04-01,cross_pair,RR:0.50;GG:1.25,2,0,0.0,False,1132.8999999999999,567.5999999999999,2023-05-04,29,39,True,5,-230.39999999999986,-438.05,-459.15
3m_2023-04-01,rr_triple,RR:0.50;RR:2.50;RR:1.00,3,0,0.0,False,632.0333333333333,837.8,2023-05-12,20,28,True,6,-240.8166666666667,-486.06666666666666,-698.45
3m_2023-04-01,cross_triple,RR:0.50;GG:1.25;RR:1.00,3,0,0.0,False,1051.1666666666667,543.25,2023-05-12,20,28,True,6,-213.36666666666667,-453.95000000000005,-512.9833333333333
3m_2023-07-01,RR:0.50,RR:0.50,1,0,0.0,False,-222.25,1040.65,2023-09-29,27,37,True,4,-315.35,-626.8000000000001,-863.95
3m_2023-07-01,RR:1.00,RR:1.00,1,0,0.0,False,764.45,817.6500000000001,2023-08-16,28,38,True,5,-315.35,-499.6500000000001,-727.3
3m_2023-07-01,RR:2.50,RR:2.50,1,0,0.0,False,1519.1,1053.0499999999997,2023-09-27,14,18,True,8,-319.70000000000005,-774.2999999999997,-718.9499999999998
3m_2023-07-01,GG:1.25,GG:1.25,1,0,0.0,False,-393.15,2272.7,2023-08-22,53,73,True,2,-477.0,-1068.5,-1737.4
3m_2023-07-01,rr_pair,RR:0.50;RR:2.50,2,0,0.0,False,648.425,860.625,2023-09-28,19,26,True,5,-273.5749999999998,-700.5499999999998,-721.2250000000001
3m_2023-07-01,cross_pair,RR:0.50;GG:1.25,2,0,0.0,False,-307.7,1400.75,2023-08-18,53,73,True,1,-265.57500000000005,-511.375,-1217.45
3m_2023-07-01,rr_triple,RR:0.50;RR:2.50;RR:1.00,3,0,0.0,False,687.1,737.8499999999999,2023-09-27,26,36,True,5,-287.5,-633.5833333333334,-549.65
3m_2023-07-01,cross_triple,RR:0.50;GG:1.25;RR:1.00,3,0,0.0,False,49.68333333333336,1177.4,2023-08-18,53,73,True,1,-274.46666666666664,-507.4666666666667,-1054.0666666666666
3m_2023-10-01,RR:0.50,RR:0.50,1,1,1.0,True,-462.85,1415.4499999999998,2023-10-26,59,84,True,1,-548.5,-901.35,-1316.0
3m_2023-10-01,RR:1.00,RR:1.00,1,1,1.0,True,-303.35,1618.45,2023-10-31,56,79,True,2,-571.95,-1037.5500000000002,-1473.15
3m_2023-10-01,RR:2.50,RR:2.50,1,0,0.0,False,569.35,1475.65,2023-10-30,41,57,True,6,-571.95,-910.9000000000001,-1372.15
3m_2023-10-01,GG:1.25,GG:1.25,1,0,0.0,False,3320.0,1177.05,2023-10-20,17,23,True,9,-527.9,-909.75,-230.95
3m_2023-10-01,rr_pair,RR:0.50;RR:2.50,2,1,0.5,False,53.25,1392.2250000000001,2023-10-30,48,68,True,4,-560.2250000000001,-898.3000000000001,-1344.075
3m_2023-10-01,cross_pair,RR:0.50;GG:1.25,2,1,0.5,False,1428.575,1221.85,2023-10-26,40,56,True,6,-509.425,-741.5249999999999,-773.4749999999999
3m_2023-10-01,rr_triple,RR:0.50;RR:2.50;RR:1.00,3,2,0.6666666666666666,False,-65.61666666666667,1438.35,2023-10-30,53,76,True,3,-564.1333333333333,-944.7166666666667,-1387.1
3m_2023-10-01,cross_triple,RR:0.50;GG:1.25;RR:1.00,3,2,0.6666666666666666,False,851.2666666666667,1322.3666666666666,2023-10-30,43,61,True,6,-530.2666666666667,-838.8499999999999,-1006.6999999999999
3m_2024-01-01,RR:0.50,RR:0.50,1,0,0.0,False,1735.25,574.6000000000001,2024-02-28,17,25,True,10,-268.85,-483.4000000000001,-131.95000000000005
3m_2024-01-01,RR:1.00,RR:1.00,1,0,0.0,False,2521.2,495.0,2024-02-28,19,27,True,11,-332.35000000000014,-250.1500000000001,-88.09999999999991
3m_2024-01-01,RR:2.50,RR:2.50,1,0,0.0,False,1693.55,977.25,2024-03-15,19,27,True,5,-306.35,-580.0,-581.0
3m_2024-01-01,GG:1.25,GG:1.25,1,0,0.0,False,553.0,1051.8,2024-01-05,29,41,False,4,-560.9000000000001,-893.3499999999999,-749.55
3m_2024-01-01,rr_pair,RR:0.50;RR:2.50,2,0,0.0,False,1714.4,530.275,2024-01-31,14,20,True,9,-287.6,-406.875,-356.4749999999999
3m_2024-01-01,cross_pair,RR:0.50;GG:1.25,2,0,0.0,False,1144.125,700.6500000000001,2024-02-28,24,34,True,6,-342.075,-576.625,-440.75
3m_2024-01-01,rr_triple,RR:0.50;RR:2.50;RR:1.00,3,0,0.0,False,1983.3333333333333,512.8333333333333,2024-02-28,19,27,True,8,-302.51666666666677,-354.6333333333332,-267.01666666666665
3m_2024-01-01,cross_triple,RR:0.50;GG:1.25;RR:1.00,3,0,0.0,False,1603.1499999999999,546.3833333333334,2024-02-28,13,19,True,10,-289.3833333333333,-457.1333333333333,-323.19999999999993
3m_2024-04-01,RR:0.50,RR:0.50,1,0,0.0,False,2183.7,1706.25,2024-04-30,38,52,False,4,-529.95,-1328.35,-1136.65
3m_2024-04-01,RR:1.00,RR:1.00,1,0,0.0,False,2867.45,1377.8000000000002,2024-04-18,26,36,False,6,-556.85,-1197.65,-584.65
3m_2024-04-01,RR:2.50,RR:2.50,1,0,0.0,False,3274.75,1807.4,2024-04-19,25,35,False,7,-556.85,-1184.3,-1481.9499999999998
3m_2024-04-01,GG:1.25,GG:1.25,1,0,0.0,False,2362.85,770.0999999999999,2024-06-26,16,22,True,8,-415.2999999999997,-770.0999999999999,-192.0
3m_2024-04-01,rr_pair,RR:0.50;RR:2.50,2,0,0.0,False,2729.225,1646.55,2024-04-30,27,39,False,7,-531.85,-1256.325,-1309.3
3m_2024-04-01,cross_pair,RR:0.50;GG:1.25,2,0,0.0,False,2273.2749999999996,1008.3499999999999,2024-04-30,23,33,True,8,-411.1,-996.5999999999999,-664.325
3m_2024-04-01,rr_triple,RR:0.50;RR:2.50;RR:1.00,3,0,0.0,False,2775.2999999999997,1497.7833333333333,2024-04-30,26,36,False,8,-540.1833333333333,-1236.7666666666667,-1061.7333333333333
3m_2024-04-01,cross_triple,RR:0.50;GG:1.25;RR:1.00,3,0,0.0,False,2471.333333333333,1072.7333333333333,2024-04-18,25,35,False,8,-434.1833333333333,-1063.6166666666668,-631.75
3m_2024-07-01,RR:0.50,RR:0.50,1,1,1.0,True,2226.1,2082.6,2024-08-02,24,34,False,9,-534.25,-1543.7,-1899.6499999999999
3m_2024-07-01,RR:1.00,RR:1.00,1,0,0.0,False,3151.1,2076.25,2024-08-07,25,35,True,8,-580.8000000000002,-1601.65,-1723.05
3m_2024-07-01,RR:2.50,RR:2.50,1,1,1.0,True,-160.0,3352.8,2024-08-07,58,82,True,2,-681.6500000000001,-1563.7,-3352.8
3m_2024-07-01,GG:1.25,GG:1.25,1,1,1.0,True,2871.9,3632.3,2024-08-02,26,36,True,6,-1110.8500000000001,-1912.6000000000001,-3500.05
3m_2024-07-01,rr_pair,RR:0.50;RR:2.50,2,2,1.0,True,1033.05,2448.0499999999997,2024-08-02,43,61,True,6,-534.2500000000001,-1490.25,-2371.075
3m_2024-07-01,cross_pair,RR:0.50;GG:1.25,2,2,1.0,True,2549.0,2823.775,2024-08-02,24,34,True,8,-810.5500000000001,-1494.675,-2699.8500000000004
3m_2024-07-01,rr_triple,RR:0.50;RR:2.50;RR:1.00,3,2,0.6666666666666666,False,1739.0666666666666,2287.7666666666664,2024-08-02,28,40,True,8,-542.2499999999999,-1505.3666666666666,-2155.0666666666666
3m_2024-07-01,cross_triple,RR:0.50;GG:1.25;RR:1.00,3,2,0.6666666666666666,False,2749.7,2538.25,2024-08-02,24,34,True,6,-726.45,-1530.3333333333335,-2316.883333333333
3m_2024-10-01,RR:0.50,RR:0.50,1,0,0.0,False,1717.05,848.55,2024-11-01,17,25,True,7,-395.85,-579.9000000000001,-699.25
3m_2024-10-01,RR:1.00,RR:1.00,1,0,0.0,False,1345.05,1194.8,2024-11-01,25,35,True,5,-525.15,-831.65,-1115.95
3m_2024-10-01,RR:2.50,RR:2.50,1,0,0.0,False,2930.1,867.2500000000002,2024-11-18,29,39,False,9,-525.15,-867.2500000000002,-643.2000000000003
3m_2024-10-01,GG:1.25,GG:1.25,1,0,0.0,False,1171.55,1243.4,2024-10-31,28,37,True,6,-511.9000000000001,-1037.7,-1074.1
3m_2024-10-01,rr_pair,RR:0.50;RR:2.50,2,0,0.0,False,2323.575,654.65,2024-10-31,17,25,True,8,-460.5,-572.875,-363.54999999999995
3m_2024-10-01,cross_pair,RR:0.50;GG:1.25,2,0,0.0,False,1444.3,758.25,2024-10-31,17,23,True,7,-376.15,-468.67500000000007,-465.975
3m_2024-10-01,rr_triple,RR:0.50;RR:2.50;RR:1.00,3,0,0.0,False,1997.3999999999999,735.3333333333333,2024-10-31,20,28,True,6,-482.05,-659.1333333333334,-614.35
3m_2024-10-01,cross_triple,RR:0.50;GG:1.25;RR:1.00,3,0,0.0,False,1411.2166666666667,821.5333333333333,2024-10-31,17,23,True,9,-352.91666666666663,-582.3833333333333,-682.6333333333333
3m_2025-01-01,RR:0.50,RR:0.50,1,0,0.0,False,723.85,2702.2,2025-03-11,25,35,True,8,-729.3500000000001,-1698.3999999999999,-2317.35
3m_2025-01-01,RR:1.00,RR:1.00,1,0,0.0,False,1561.75,2669.8999999999996,2025-03-11,25,35,True,7,-729.35,-2263.25,-2160.6000000000004
3m_2025-01-01,RR:2.50,RR:2.50,1,0,0.0,False,1492.5,3377.75,2025-03-11,31,45,True,6,-755.2,-1994.45,-2992.25
3m_2025-01-01,GG:1.25,GG:1.25,1,0,0.0,False,229.9,3891.4,2025-03-13,30,42,True,7,-768.25,-1543.25,-3646.3
3m_2025-01-01,rr_pair,RR:0.50;RR:2.50,2,0,0.0,False,1108.175,2948.2250000000004,2025-03-11,31,45,True,6,-731.5,-1846.425,-2578.425
3m_2025-01-01,cross_pair,RR:0.50;GG:1.25,2,0,0.0,False,476.875,3074.0,2025-03-11,31,45,True,7,-594.3499999999999,-1569.1750000000002,-2800.625
3m_2025-01-01,rr_triple,RR:0.50;RR:2.50;RR:1.00,3,0,0.0,False,1259.3666666666668,2818.4833333333336,2025-03-11,26,38,True,6,-686.7666666666667,-1985.3666666666668,-2439.15
3m_2025-01-01,cross_triple,RR:0.50;GG:1.25;RR:1.00,3,0,0.0,False,838.5,2884.2166666666667,2025-03-11,31,45,True,6,-639.3500000000001,-1800.5333333333333,-2527.866666666667
3m_2025-04-01,RR:0.50,RR:0.50,1,1,1.0,True,4763.25,1774.55,2025-04-04,30,42,True,6,-1529.8999999999999,-1078.15,-1237.35
3m_2025-04-01,RR:1.00,RR:1.00,1,1,1.0,True,5693.45,2098.15,2025-04-04,22,30,False,7,-1529.9,-1030.0,-1080.6
3m_2025-04-01,RR:2.50,RR:2.50,1,1,1.0,True,8571.95,2242.95,2025-04-04,13,17,False,9,-1735.35,-785.3000000000002,340.65000000000055
3m_2025-04-01,GG:1.25,GG:1.25,1,1,1.0,True,3626.15,3203.35,2025-04-04,15,21,False,8,-2017.85,-2544.8,-585.25
3m_2025-04-01,rr_pair,RR:0.50;RR:2.50,2,2,1.0,True,6667.6,2008.7499999999998,2025-04-04,14,20,False,10,-1632.6249999999998,-680.125,-448.34999999999945
3m_2025-04-01,cross_pair,RR:0.50;GG:1.25,2,2,1.0,True,4194.7,2488.95,2025-04-04,26,36,False,7,-1773.8749999999998,-1522.875,-733.7499999999995
3m_2025-04-01,rr_triple,RR:0.50;RR:2.50;RR:1.00,3,3,1.0,True,6342.883333333333,2019.5,2025-04-04,20,28,False,7,-1598.3833333333334,-772.3500000000004,-659.0999999999995
3m_2025-04-01,cross_triple,RR:0.50;GG:1.25;RR:1.00,3,3,1.0,True,4694.283333333333,2339.633333333333,2025-04-04,26,36,False,7,-1692.5499999999997,-1160.5166666666667,-849.3666666666663
3m_2025-07-01,RR:0.50,RR:0.50,1,0,0.0,False,303.8,1047.45,2025-08-01,51,71,True,3,-391.35,-667.4000000000001,-698.25
3m_2025-07-01,RR:1.00,RR:1.00,1,0,0.0,False,-493.35,1280.25,2025-08-01,51,71,True,3,-436.29999999999995,-716.5500000000001,-922.5
3m_2025-07-01,RR:2.50,RR:2.50,1,0,0.0,False,2318.35,1146.15,2025-08-01,14,18,True,10,-464.80000000000007,-722.55,-104.60000000000014
3m_2025-07-01,GG:1.25,GG:1.25,1,0,0.0,False,318.9,1647.9,2025-08-01,35,49,True,6,-803.3,-1378.35,-1232.4
3m_2025-07-01,rr_pair,RR:0.50;RR:2.50,2,0,0.0,False,1311.075,1096.8,2025-08-01,34,46,True,8,-428.07500000000005,-638.75,-339.12500000000006
3m_2025-07-01,cross_pair,RR:0.50;GG:1.25,2,0,0.0,False,311.35,1250.875,2025-08-01,48,68,True,6,-425.2249999999999,-924.7499999999999,-687.7499999999999
3m_2025-07-01,rr_triple,RR:0.50;RR:2.50;RR:1.00,3,0,0.0,False,709.5999999999999,1157.95,2025-08-01,45,63,True,5,-430.81666666666666,-636.75,-492.79999999999995
3m_2025-07-01,cross_triple,RR:0.50;GG:1.25;RR:1.00,3,0,0.0,False,43.11666666666665,1221.75,2025-08-01,51,71,True,3,-404.0,-855.35,-766.0
3m_2025-10-01,RR:0.50,RR:0.50,1,0,0.0,False,1582.65,1610.85,2025-12-31,12,19,True,8,-738.6499999999999,-920.8499999999999,-1044.95
3m_2025-10-01,RR:1.00,RR:1.00,1,0,0.0,False,1917.1,1507.7000000000003,2025-12-31,36,51,True,5,-880.5999999999999,-980.6500000000001,-1072.35
3m_2025-10-01,RR:2.50,RR:2.50,1,0,0.0,False,1225.4,2808.55,2025-12-30,36,51,True,4,-880.5999999999999,-1746.0500000000002,-1951.6
3m_2025-10-01,GG:1.25,GG:1.25,1,0,0.0,False,1825.2,2105.75,2025-11-20,23,31,True,7,-742.85,-1724.35,-739.8999999999999
3m_2025-10-01,rr_pair,RR:0.50;RR:2.50,2,0,0.0,False,1404.025,1698.5999999999997,2025-12-30,36,51,True,5,-809.6249999999998,-793.9499999999998,-1020.8
3m_2025-10-01,cross_pair,RR:0.50;GG:1.25,2,0,0.0,False,1703.9250000000002,1106.9499999999998,2025-12-31,13,20,True,8,-553.6249999999998,-808.4499999999998,-620.5999999999995
3m_2025-10-01,rr_triple,RR:0.50;RR:2.50;RR:1.00,3,0,0.0,False,1575.05,1621.2499999999998,2025-12-30,36,51,True,4,-833.2833333333335,-856.1833333333336,-1037.9833333333333
3m_2025-10-01,cross_triple,RR:0.50;GG:1.25;RR:1.00,3,0,0.0,False,1774.9833333333333,1174.9166666666667,2025-12-31,23,31,True,7,-662.6166666666663,-865.8500000000001,-747.3499999999997
3m_2026-01-01,RR:0.50,RR:0.50,1,0,0.0,False,-237.3,2932.8,2026-03-27,43,61,True,4,-845.3,-1686.05,-2272.3999999999996
3m_2026-01-01,RR:1.00,RR:1.00,1,1,1.0,True,-3371.85,6378.75,2026-03-27,43,61,True,4,-1072.3,-2000.8500000000001,-4340.8
3m_2026-01-01,RR:2.50,RR:2.50,1,1,1.0,True,-782.8,5139.95,2026-03-27,43,61,True,2,-1072.3000000000002,-2293.35,-3519.95
3m_2026-01-01,GG:1.25,GG:1.25,1,1,1.0,True,-2192.95,5416.9,2026-03-27,43,61,True,4,-1177.3,-2701.25,-3379.15
3m_2026-01-01,rr_pair,RR:0.50;RR:2.50,2,1,0.5,False,-510.04999999999995,4036.375,2026-03-27,43,61,True,3,-958.8,-1876.6499999999999,-2883.15
3m_2026-01-01,cross_pair,RR:0.50;GG:1.25,2,1,0.5,False,-1215.125,4174.85,2026-03-27,43,61,True,3,-1011.3,-1932.6749999999997,-2552.6
3m_2026-01-01,rr_triple,RR:0.50;RR:2.50;RR:1.00,3,2,0.6666666666666666,False,-1463.9833333333333,4817.166666666666,2026-03-27,43,61,True,4,-996.6333333333334,-1811.3833333333332,-3369.0333333333333
3m_2026-01-01,cross_triple,RR:0.50;GG:1.25;RR:1.00,3,2,0.6666666666666666,False,-1934.0333333333333,4909.483333333334,2026-03-27,43,61,True,3,-1031.6333333333332,-1855.8,-3148.666666666667
3m_2026-04-01,RR:0.50,RR:0.50,1,0,0.0,False,4645.1,2464.8,2026-06-29,15,21,True,8,-1241.5,-1767.3499999999995,-1410.9499999999998
3m_2026-04-01,RR:1.00,RR:1.00,1,0,0.0,False,5450.85,2717.0,2026-06-26,17,23,True,7,-1396.5,-1909.6999999999998,-554.3000000000002
3m_2026-04-01,RR:2.50,RR:2.50,1,0,0.0,False,5760.25,2953.45,2026-06-26,16,22,True,9,-1437.4000000000005,-2256.1000000000004,-2001.3500000000004
3m_2026-04-01,GG:1.25,GG:1.25,1,0,0.0,False,5539.65,2950.2,2026-06-10,34,48,True,8,-2127.8999999999996,-2027.3500000000004,-2950.2
3m_2026-04-01,rr_pair,RR:0.50;RR:2.50,2,0,0.0,False,5202.675,2707.575,2026-06-26,14,20,True,9,-1339.4500000000007,-1745.449999999999,-1674.5
3m_2026-04-01,cross_pair,RR:0.50;GG:1.25,2,0,0.0,False,5092.375,1551.8249999999998,2026-06-10,15,21,True,8,-1551.8249999999998,-1241.9250000000002,-1180.875
3m_2026-04-01,rr_triple,RR:0.50;RR:2.50;RR:1.00,3,0,0.0,False,5285.400000000001,2710.7166666666662,2026-06-26,14,20,True,9,-1358.4666666666672,-1800.1999999999998,-1286.9666666666662
3m_2026-04-01,cross_triple,RR:0.50;GG:1.25;RR:1.00,3,0,0.0,False,5211.866666666667,1819.083333333333,2026-06-25,11,15,True,11,-1359.8000000000002,-1369.9833333333336,-869.0166666666664
