policy,retained_balance_usd,headroom_usd,ongoing_pocket_usd,terminal_received_usd,combined_pocket_usd,alive_before_terminal,ongoing_payouts,terminal_payouts,profit_before_terminal_usd,profit_after_terminal_usd,booked_net_trading_usd,firm_split_usd,path_ceiling_usd,unextracted_usd,stage,trading_neutral,earnings_forgone_usd,book_ceiling_usd,ceiling_capture
fixed_1000_backlog,,,51771.3,0.0,51771.3,2,55,0,3782.35,3782.35,50379.6,0.0,55553.65,3782.35,coarse,False,411642.6,472299.1,0.109615
fixed_1000_backlog,25100.0,0.0,51771.3,0.0,51771.3,2,55,0,3782.35,3782.35,50379.6,0.0,55553.65,3782.35,coarse,False,411642.6,472299.1,0.109615
fixed_1000_backlog,25600.0,500.0,51771.3,0.0,51771.3,2,55,0,3782.35,3782.35,50379.6,0.0,55553.65,3782.35,coarse,False,411642.6,472299.1,0.109615
fixed_1000_backlog,26100.0,1000.0,51445.35,0.0,51445.35,2,55,0,3782.35,3782.35,50245.9,0.0,55227.7,3782.35,coarse,False,411776.3,472299.1,0.108925
fixed_1000_backlog,26600.0,1500.0,53596.95,0.0,53596.95,2,54,0,3782.35,3782.35,51241.5,0.0,57379.3,3782.35,coarse,False,410780.7,472299.1,0.113481
fixed_1000_backlog,27100.0,2000.0,94490.45,0.0,94490.45,2,78,0,3782.35,3782.35,92468.9,0.0,98272.8,3782.35,coarse,False,369553.3,472299.1,0.200065
fixed_1000_backlog,27600.0,2500.0,119880.6,0.0,119880.6,2,96,0,3782.35,3782.35,118513.15,0.0,123662.95,3782.35,coarse,False,343509.05,472299.1,0.253823
fixed_1000_backlog,28100.0,3000.0,180221.15,0.0,180221.15,2,119,0,3782.35,3782.35,177937.75,0.0,184003.5,3782.35,coarse,False,284084.45,472299.1,0.381583
fixed_1000_backlog,28600.0,3500.0,171598.9,0.0,171598.9,2,118,0,3782.35,3782.35,170064.7,0.0,175381.25,3782.35,coarse,False,291957.5,472299.1,0.363327
fixed_1000_backlog,29100.0,4000.0,220096.42,0.0,220096.42,2,146,0,3782.35,3782.35,217854.55,103.38,223982.15,3885.73,coarse,False,244167.65,472299.1,0.466011
fixed_1000_backlog,29600.0,4500.0,320939.31,0.0,320939.31,2,210,0,3782.35,3782.35,320112.4,1490.14,326211.8,5272.49,coarse,False,141909.8,472299.1,0.679526
fixed_1000_backlog,29700.0,4600.0,318989.31,0.0,318989.31,2,209,0,3782.35,3782.35,316407.2,1440.14,324211.8,5222.49,local_refinement,False,145615.0,472299.1,0.675397
fixed_1000_backlog,29800.0,4700.0,370417.36,0.0,370417.36,2,237,0,3782.35,3782.35,370668.4,2370.74,376570.45,6153.09,local_refinement,False,91353.8,472299.1,0.784286
fixed_1000_backlog,29900.0,4800.0,368487.36,0.0,368487.36,2,236,0,3782.35,3782.35,367344.65,2300.74,374570.45,6083.09,local_refinement,False,94677.55,472299.1,0.780199
fixed_1000_backlog,30000.0,4900.0,366557.36,0.0,366557.36,2,235,0,3782.35,3782.35,365369.8,2230.74,372570.45,6013.09,local_refinement,False,96652.4,472299.1,0.776113
fixed_1000_backlog,30100.0,5000.0,365628.31,1500.0,367128.31,3,235,1,8415.2,6915.2,370701.95,2160.74,376204.25,9075.94,coarse,False,91320.25,472299.1,0.777322
fixed_1000_backlog,30200.0,5100.0,363791.69,1500.0,365291.69,3,235,1,8415.2,6915.2,366381.0,2097.36,374304.25,9012.56,local_refinement,False,95641.2,472299.1,0.773433
fixed_1000_backlog,30300.0,5200.0,361951.7,1500.0,363451.7,3,234,1,8415.2,6915.2,366381.0,2037.35,372404.25,8952.55,local_refinement,False,95641.2,472299.1,0.769537
fixed_1000_backlog,30400.0,5300.0,360111.7,1500.0,361611.7,3,233,1,8415.2,6915.2,362395.55,1977.35,370504.25,8892.55,local_refinement,False,99626.65,472299.1,0.765641
fixed_1000_backlog,30500.0,5400.0,358271.7,1500.0,359771.7,3,232,1,8415.2,6915.2,362074.4,1917.35,368604.25,8832.55,local_refinement,False,99947.8,472299.1,0.761745
fixed_1000_backlog,30600.0,5500.0,356431.7,1500.0,357931.7,3,232,1,8415.2,6915.2,359177.6,1857.35,366704.25,8772.55,coarse,False,102844.6,472299.1,0.75785
fixed_1000_backlog,31100.0,6000.0,362770.74,83098.2,445868.94,20,242,18,96045.85,9108.27,450995.8,6004.79,460982.0,15113.06,coarse,False,11026.4,472299.1,0.944039
fixed_1000_backlog,31200.0,6100.0,360834.78,84734.15,445568.93,20,242,18,97845.85,9208.27,450995.8,6004.8,460782.0,15213.07,local_refinement,False,11026.4,472299.1,0.943404
fixed_1000_backlog,31300.0,6200.0,358894.78,86374.15,445268.93,20,240,18,99645.85,9308.27,450504.6,6004.8,460582.0,15313.07,local_refinement,False,11517.6,472299.1,0.942769
fixed_1000_backlog,31400.0,6300.0,356954.78,88014.15,444968.93,20,239,18,101445.85,9408.27,450309.5,6004.8,460382.0,15413.07,local_refinement,False,11712.7,472299.1,0.942134
fixed_1000_backlog,31500.0,6400.0,355014.78,89654.15,444668.93,20,238,18,103245.85,9508.27,450140.7,6004.8,460182.0,15513.07,local_refinement,False,11881.5,472299.1,0.941499
fixed_1000_backlog,31600.0,6500.0,354140.38,102345.63,456486.01,22,237,20,116297.35,9808.29,462022.2,6004.8,472299.1,15813.09,coarse,True,0.0,472299.1,0.966519
fixed_1000_backlog,31700.0,6600.0,352200.38,95934.15,448134.53,22,235,20,118297.35,18159.77,462022.2,6004.8,472299.1,24164.57,local_refinement,True,0.0,472299.1,0.948836
fixed_1000_backlog,31800.0,6700.0,350260.38,97574.15,447834.53,22,235,20,120297.35,18459.77,462022.2,6004.8,472299.1,24464.57,local_refinement,True,0.0,472299.1,0.948201
fixed_1000_backlog,31900.0,6800.0,348320.38,99214.15,447534.53,22,235,20,122297.35,18759.77,462022.2,6004.8,472299.1,24764.57,local_refinement,True,0.0,472299.1,0.947566
fixed_1000_backlog,32000.0,6900.0,346380.38,100854.15,447234.53,22,235,20,124297.35,19059.77,462022.2,6004.8,472299.1,25064.57,local_refinement,True,0.0,472299.1,0.946931
fixed_1000_backlog,32100.0,7000.0,344440.38,102494.15,446934.53,22,235,20,126297.35,19359.77,462022.2,6004.8,472299.1,25364.57,coarse,True,0.0,472299.1,0.946296
fixed_1000_backlog,32600.0,7500.0,334740.38,105668.41,440408.79,22,225,20,136297.35,25885.51,462022.2,6004.8,472299.1,31890.31,coarse,True,0.0,472299.1,0.932479
fixed_1000_backlog,33100.0,8000.0,325034.28,113374.51,438408.79,22,218,20,146297.35,27885.51,462022.2,6004.8,472299.1,33890.31,coarse,True,0.0,472299.1,0.928244
fixed_1000_backlog,33600.0,8500.0,315284.28,121124.51,436408.79,22,215,20,156297.35,29885.51,462022.2,6004.8,472299.1,35890.31,coarse,True,0.0,472299.1,0.924009
fixed_1000_backlog,34100.0,9000.0,305534.28,128874.51,434408.79,22,207,20,166297.35,31885.51,462022.2,6004.8,472299.1,37890.31,coarse,True,0.0,472299.1,0.919775
fixed_1000_backlog,34600.0,9500.0,295777.86,136630.93,432408.79,22,198,20,176297.35,33885.51,462022.2,6004.8,472299.1,39890.31,coarse,True,0.0,472299.1,0.91554
fixed_1000_backlog,35100.0,10000.0,285872.72,144528.97,430401.69,22,195,20,186304.45,35892.61,462022.2,6004.8,472299.1,41897.41,coarse,True,0.0,472299.1,0.911291
fixed_1500_backlog,,,56614.3,0.0,56614.3,2,56,0,3782.35,3782.35,54884.35,0.0,60396.65,3782.35,coarse,False,407137.85,472299.1,0.11987
fixed_1500_backlog,25100.0,0.0,56614.3,0.0,56614.3,2,56,0,3782.35,3782.35,54884.35,0.0,60396.65,3782.35,coarse,False,407137.85,472299.1,0.11987
fixed_1500_backlog,25600.0,500.0,58167.45,0.0,58167.45,2,57,0,3782.35,3782.35,56508.7,0.0,61949.8,3782.35,coarse,False,405513.5,472299.1,0.123158
fixed_1500_backlog,26100.0,1000.0,57341.5,0.0,57341.5,2,58,0,3782.35,3782.35,55820.95,0.0,61123.85,3782.35,coarse,False,406201.25,472299.1,0.121409
fixed_1500_backlog,26600.0,1500.0,54217.6,0.0,54217.6,2,53,0,3782.35,3782.35,51955.75,0.0,57999.95,3782.35,coarse,False,410066.45,472299.1,0.114795
fixed_1500_backlog,27100.0,2000.0,96043.5,0.0,96043.5,2,74,0,3782.35,3782.35,93669.35,0.0,99825.85,3782.35,coarse,False,368352.85,472299.1,0.203353
fixed_1500_backlog,27600.0,2500.0,120275.9,0.0,120275.9,2,92,0,3782.35,3782.35,118513.15,0.0,124058.25,3782.35,coarse,False,343509.05,472299.1,0.25466
fixed_1500_backlog,28100.0,3000.0,181222.45,0.0,181222.45,2,117,0,3782.35,3782.35,178700.85,0.0,185004.8,3782.35,coarse,False,283321.35,472299.1,0.383703
fixed_1500_backlog,28600.0,3500.0,172008.4,0.0,172008.4,2,117,0,3782.35,3782.35,170336.25,0.0,175790.75,3782.35,coarse,False,291685.95,472299.1,0.364194
fixed_1500_backlog,29100.0,4000.0,225029.02,0.0,225029.02,2,148,0,3782.35,3782.35,222515.3,103.38,228914.75,3885.73,coarse,False,239506.9,472299.1,0.476454
fixed_1500_backlog,29600.0,4500.0,320939.31,0.0,320939.31,2,210,0,3782.35,3782.35,320112.4,1490.14,326211.8,5272.49,coarse,False,141909.8,472299.1,0.679526
fixed_1500_backlog,29700.0,4600.0,318989.31,0.0,318989.31,2,209,0,3782.35,3782.35,316407.2,1440.14,324211.8,5222.49,local_refinement,False,145615.0,472299.1,0.675397
fixed_1500_backlog,29800.0,4700.0,370417.36,0.0,370417.36,2,237,0,3782.35,3782.35,370668.4,2370.74,376570.45,6153.09,local_refinement,False,91353.8,472299.1,0.784286
fixed_1500_backlog,29900.0,4800.0,368487.36,0.0,368487.36,2,236,0,3782.35,3782.35,367344.65,2300.74,374570.45,6083.09,local_refinement,False,94677.55,472299.1,0.780199
fixed_1500_backlog,30000.0,4900.0,366557.36,0.0,366557.36,2,235,0,3782.35,3782.35,365369.8,2230.74,372570.45,6013.09,local_refinement,False,96652.4,472299.1,0.776113
fixed_1500_backlog,30100.0,5000.0,365628.31,1500.0,367128.31,3,235,1,8415.2,6915.2,370701.95,2160.74,376204.25,9075.94,coarse,False,91320.25,472299.1,0.777322
fixed_1500_backlog,30200.0,5100.0,363791.69,1500.0,365291.69,3,235,1,8415.2,6915.2,366381.0,2097.36,374304.25,9012.56,local_refinement,False,95641.2,472299.1,0.773433
fixed_1500_backlog,30300.0,5200.0,361951.7,1500.0,363451.7,3,234,1,8415.2,6915.2,366381.0,2037.35,372404.25,8952.55,local_refinement,False,95641.2,472299.1,0.769537
fixed_1500_backlog,30400.0,5300.0,360111.7,1500.0,361611.7,3,233,1,8415.2,6915.2,362395.55,1977.35,370504.25,8892.55,local_refinement,False,99626.65,472299.1,0.765641
fixed_1500_backlog,30500.0,5400.0,358271.7,1500.0,359771.7,3,232,1,8415.2,6915.2,362074.4,1917.35,368604.25,8832.55,local_refinement,False,99947.8,472299.1,0.761745
fixed_1500_backlog,30600.0,5500.0,356431.7,1500.0,357931.7,3,232,1,8415.2,6915.2,359177.6,1857.35,366704.25,8772.55,coarse,False,102844.6,472299.1,0.75785
fixed_1500_backlog,31100.0,6000.0,362770.74,83098.2,445868.94,20,242,18,96045.85,9108.27,450995.8,6004.79,460982.0,15113.06,coarse,False,11026.4,472299.1,0.944039
fixed_1500_backlog,31200.0,6100.0,360834.78,84734.15,445568.93,20,242,18,97845.85,9208.27,450995.8,6004.8,460782.0,15213.07,local_refinement,False,11026.4,472299.1,0.943404
fixed_1500_backlog,31300.0,6200.0,358894.78,86374.15,445268.93,20,240,18,99645.85,9308.27,450504.6,6004.8,460582.0,15313.07,local_refinement,False,11517.6,472299.1,0.942769
fixed_1500_backlog,31400.0,6300.0,356954.78,88014.15,444968.93,20,239,18,101445.85,9408.27,450309.5,6004.8,460382.0,15413.07,local_refinement,False,11712.7,472299.1,0.942134
fixed_1500_backlog,31500.0,6400.0,355014.78,89654.15,444668.93,20,238,18,103245.85,9508.27,450140.7,6004.8,460182.0,15513.07,local_refinement,False,11881.5,472299.1,0.941499
fixed_1500_backlog,31600.0,6500.0,354140.38,102345.63,456486.01,22,237,20,116297.35,9808.29,462022.2,6004.8,472299.1,15813.09,coarse,True,0.0,472299.1,0.966519
fixed_1500_backlog,31700.0,6600.0,352200.38,95934.15,448134.53,22,235,20,118297.35,18159.77,462022.2,6004.8,472299.1,24164.57,local_refinement,True,0.0,472299.1,0.948836
fixed_1500_backlog,31800.0,6700.0,350260.38,97574.15,447834.53,22,235,20,120297.35,18459.77,462022.2,6004.8,472299.1,24464.57,local_refinement,True,0.0,472299.1,0.948201
fixed_1500_backlog,31900.0,6800.0,348320.38,99214.15,447534.53,22,235,20,122297.35,18759.77,462022.2,6004.8,472299.1,24764.57,local_refinement,True,0.0,472299.1,0.947566
fixed_1500_backlog,32000.0,6900.0,346380.38,100854.15,447234.53,22,235,20,124297.35,19059.77,462022.2,6004.8,472299.1,25064.57,local_refinement,True,0.0,472299.1,0.946931
fixed_1500_backlog,32100.0,7000.0,344440.38,102494.15,446934.53,22,235,20,126297.35,19359.77,462022.2,6004.8,472299.1,25364.57,coarse,True,0.0,472299.1,0.946296
fixed_1500_backlog,32600.0,7500.0,334740.38,105668.41,440408.79,22,225,20,136297.35,25885.51,462022.2,6004.8,472299.1,31890.31,coarse,True,0.0,472299.1,0.932479
fixed_1500_backlog,33100.0,8000.0,325034.28,113374.51,438408.79,22,218,20,146297.35,27885.51,462022.2,6004.8,472299.1,33890.31,coarse,True,0.0,472299.1,0.928244
fixed_1500_backlog,33600.0,8500.0,315284.28,121124.51,436408.79,22,215,20,156297.35,29885.51,462022.2,6004.8,472299.1,35890.31,coarse,True,0.0,472299.1,0.924009
fixed_1500_backlog,34100.0,9000.0,305534.28,128874.51,434408.79,22,207,20,166297.35,31885.51,462022.2,6004.8,472299.1,37890.31,coarse,True,0.0,472299.1,0.919775
fixed_1500_backlog,34600.0,9500.0,295777.86,136630.93,432408.79,22,198,20,176297.35,33885.51,462022.2,6004.8,472299.1,39890.31,coarse,True,0.0,472299.1,0.91554
fixed_1500_backlog,35100.0,10000.0,285872.72,144528.97,430401.69,22,195,20,186304.45,35892.61,462022.2,6004.8,472299.1,41897.41,coarse,True,0.0,472299.1,0.911291
fixed_250_backlog,,,108587.85,172857.55,281445.4,15,233,13,180373.05,5082.48,280615.65,2433.02,288960.9,7515.5,coarse,False,181406.55,472299.1,0.595905
fixed_250_backlog,25100.0,0.0,108587.85,172857.55,281445.4,15,233,13,180373.05,5082.48,280615.65,2433.02,288960.9,7515.5,coarse,False,181406.55,472299.1,0.595905
fixed_250_backlog,25600.0,500.0,108587.85,172857.55,281445.4,15,233,13,180373.05,5082.48,280615.65,2433.02,288960.9,7515.5,coarse,False,181406.55,472299.1,0.595905
fixed_250_backlog,26100.0,1000.0,108587.85,172857.55,281445.4,15,233,13,180373.05,5082.48,280615.65,2433.02,288960.9,7515.5,coarse,False,181406.55,472299.1,0.595905
fixed_250_backlog,26600.0,1500.0,116889.4,187284.24,304173.64,16,245,14,194899.75,5182.49,302523.45,2433.02,311789.15,7615.51,coarse,False,159498.75,472299.1,0.644028
fixed_250_backlog,27100.0,2000.0,122651.45,202132.73,324784.18,17,255,15,209848.25,5282.5,323124.15,2433.02,332499.7,7715.52,coarse,False,138898.05,472299.1,0.687666
fixed_250_backlog,27600.0,2500.0,152820.35,227086.92,379907.27,18,302,16,237455.7,5382.51,380605.35,4986.27,390276.05,10368.78,coarse,False,81416.85,472299.1,0.804379
fixed_250_backlog,28100.0,3000.0,168450.0,256362.1,424812.1,20,324,18,266930.9,5582.53,425540.0,4986.27,435380.9,10568.8,coarse,False,36482.2,472299.1,0.899456
fixed_250_backlog,28600.0,3500.0,168105.75,256362.1,424467.85,20,318,18,266930.9,5582.53,425137.5,4986.27,435036.65,10568.8,coarse,False,36884.7,472299.1,0.898727
fixed_250_backlog,29100.0,4000.0,169886.45,256362.1,426248.55,20,307,18,266930.9,5582.53,426782.25,4986.27,436817.35,10568.8,coarse,False,35239.95,472299.1,0.902497
fixed_250_backlog,29600.0,4500.0,170636.45,255112.1,425748.55,20,306,18,265680.9,5582.53,426285.75,4986.27,436317.35,10568.8,coarse,False,35736.45,472299.1,0.901438
fixed_250_backlog,29700.0,4600.0,170286.45,255362.1,425648.55,20,302,18,265930.9,5582.53,426245.6,4986.27,436217.35,10568.8,local_refinement,False,35776.6,472299.1,0.901227
fixed_250_backlog,29800.0,4700.0,183950.0,271028.91,454978.91,21,317,19,282716.25,5682.54,456509.0,6004.8,466666.25,11687.34,local_refinement,False,5513.2,472299.1,0.963328
fixed_250_backlog,29900.0,4800.0,183950.0,271028.91,454978.91,21,316,19,282716.25,5682.54,456509.0,6004.8,466666.25,11687.34,local_refinement,False,5513.2,472299.1,0.963328
fixed_250_backlog,30000.0,4900.0,184200.0,270778.91,454978.91,21,314,19,282466.25,5682.54,456509.0,6004.8,466666.25,11687.34,local_refinement,False,5513.2,472299.1,0.963328
fixed_250_backlog,30100.0,5000.0,185200.0,272278.91,457478.91,22,314,20,287099.1,8815.39,462022.2,6004.8,472299.1,14820.19,coarse,True,0.0,472299.1,0.968621
fixed_250_backlog,30200.0,5100.0,185450.0,272028.91,457478.91,22,312,20,286849.1,8815.39,462022.2,6004.8,472299.1,14820.19,local_refinement,True,0.0,472299.1,0.968621
fixed_250_backlog,30300.0,5200.0,185450.0,272028.91,457478.91,22,309,20,286849.1,8815.39,462022.2,6004.8,472299.1,14820.19,local_refinement,True,0.0,472299.1,0.968621
fixed_250_backlog,30400.0,5300.0,185450.0,272028.91,457478.91,22,306,20,286849.1,8815.39,462022.2,6004.8,472299.1,14820.19,local_refinement,True,0.0,472299.1,0.968621
fixed_250_backlog,30500.0,5400.0,185200.0,272278.91,457478.91,22,304,20,287099.1,8815.39,462022.2,6004.8,472299.1,14820.19,local_refinement,True,0.0,472299.1,0.968621
fixed_250_backlog,30600.0,5500.0,185450.0,272028.91,457478.91,22,303,20,286849.1,8815.39,462022.2,6004.8,472299.1,14820.19,coarse,True,0.0,472299.1,0.968621
fixed_250_backlog,30700.0,5600.0,185357.1,272028.91,457386.01,22,301,20,286942.0,8908.29,462022.2,6004.8,472299.1,14913.09,local_refinement,True,0.0,472299.1,0.968424
fixed_250_backlog,30800.0,5700.0,185507.1,271778.91,457286.01,22,300,20,286792.0,9008.29,462022.2,6004.8,472299.1,15013.09,local_refinement,True,0.0,472299.1,0.968213
fixed_250_backlog,30900.0,5800.0,184907.1,272278.91,457186.01,22,296,20,287392.0,9108.29,462022.2,6004.8,472299.1,15113.09,local_refinement,True,0.0,472299.1,0.968001
fixed_250_backlog,31000.0,5900.0,184557.1,272528.91,457086.01,22,293,20,287742.0,9208.29,462022.2,6004.8,472299.1,15213.09,local_refinement,True,0.0,472299.1,0.967789
fixed_250_backlog,31100.0,6000.0,183957.1,273028.91,456986.01,22,288,20,288342.0,9308.29,462022.2,6004.8,472299.1,15313.09,coarse,True,0.0,472299.1,0.967578
fixed_250_backlog,31600.0,6500.0,182957.1,269058.12,452015.22,22,280,20,289342.0,14279.08,462022.2,6004.8,472299.1,20283.88,coarse,True,0.0,472299.1,0.957053
fixed_250_backlog,32100.0,7000.0,181402.15,265288.03,446690.18,22,278,20,290896.95,19604.12,462022.2,6004.8,472299.1,25608.92,coarse,True,0.0,472299.1,0.945778
fixed_250_backlog,32600.0,7500.0,179896.5,260210.79,440107.29,22,269,20,292402.6,26187.01,462022.2,6004.8,472299.1,32191.81,coarse,True,0.0,472299.1,0.93184
fixed_250_backlog,33100.0,8000.0,177698.0,260710.79,438408.79,22,263,20,294601.1,27885.51,462022.2,6004.8,472299.1,33890.31,coarse,True,0.0,472299.1,0.928244
fixed_250_backlog,33600.0,8500.0,176948.0,259460.79,436408.79,22,263,20,295351.1,29885.51,462022.2,6004.8,472299.1,35890.31,coarse,True,0.0,472299.1,0.924009
fixed_250_backlog,34100.0,9000.0,174948.0,259460.79,434408.79,22,257,20,297351.1,31885.51,462022.2,6004.8,472299.1,37890.31,coarse,True,0.0,472299.1,0.919775
fixed_250_backlog,34600.0,9500.0,173448.0,258960.79,432408.79,22,251,20,298851.1,33885.51,462022.2,6004.8,472299.1,39890.31,coarse,True,0.0,472299.1,0.91554
fixed_250_backlog,35100.0,10000.0,170440.9,259960.79,430401.69,22,246,20,301858.2,35892.61,462022.2,6004.8,472299.1,41897.41,coarse,True,0.0,472299.1,0.911291
fixed_500_backlog,,,102403.9,31642.2,134046.1,7,193,5,35924.6,4282.4,131311.05,0.0,138328.5,4282.4,coarse,False,330711.15,472299.1,0.283816
fixed_500_backlog,25100.0,0.0,102403.9,31642.2,134046.1,7,193,5,35924.6,4282.4,131311.05,0.0,138328.5,4282.4,coarse,False,330711.15,472299.1,0.283816
fixed_500_backlog,25600.0,500.0,102403.9,31642.2,134046.1,7,193,5,35924.6,4282.4,131311.05,0.0,138328.5,4282.4,coarse,False,330711.15,472299.1,0.283816
fixed_500_backlog,26100.0,1000.0,102403.9,31642.2,134046.1,7,193,5,35924.6,4282.4,131311.05,0.0,138328.5,4282.4,coarse,False,330711.15,472299.1,0.283816
fixed_500_backlog,26600.0,1500.0,99071.3,31642.2,130713.5,7,180,5,35924.6,4282.4,127554.45,0.0,134995.9,4282.4,coarse,False,334467.75,472299.1,0.27676
fixed_500_backlog,27100.0,2000.0,99334.85,31642.2,130977.05,7,175,5,35924.6,4282.4,127676.25,0.0,135259.45,4282.4,coarse,False,334345.95,472299.1,0.277318
fixed_500_backlog,27600.0,2500.0,114388.3,31642.2,146030.5,7,183,5,35924.6,4282.4,142698.05,0.0,150312.9,4282.4,coarse,False,319324.15,472299.1,0.309191
fixed_500_backlog,28100.0,3000.0,200355.75,50610.9,250966.65,11,291,9,55870.4,4682.44,248478.3,577.06,256226.15,5259.5,coarse,False,213543.9,472299.1,0.531372
fixed_500_backlog,28600.0,3500.0,221802.95,56137.8,277940.75,12,313,10,62055.85,4782.45,275865.25,1485.6,284208.8,6268.05,coarse,False,186156.95,472299.1,0.588485
fixed_500_backlog,29100.0,4000.0,230356.95,57137.8,287494.75,12,308,10,63055.85,4782.45,285393.25,1485.6,293762.8,6268.05,coarse,False,176628.95,472299.1,0.608713
fixed_500_backlog,29600.0,4500.0,329802.25,70204.66,400006.91,15,408,13,77874.6,5082.48,400406.25,4137.46,409226.85,9219.94,coarse,False,61615.95,472299.1,0.846936
fixed_500_backlog,29700.0,4600.0,328352.25,71154.66,399506.91,15,405,13,78874.6,5082.48,399429.9,4137.46,408726.85,9219.94,local_refinement,False,62592.3,472299.1,0.845877
fixed_500_backlog,29800.0,4700.0,358718.9,79443.98,438162.88,17,416,15,88062.75,5282.5,439926.4,5531.57,448976.95,10814.07,local_refinement,False,22095.8,472299.1,0.927723
fixed_500_backlog,29900.0,4800.0,358309.15,79443.98,437753.13,17,413,15,88062.75,5282.5,438905.9,5521.57,448557.2,10804.07,local_refinement,False,23116.3,472299.1,0.926856
fixed_500_backlog,30000.0,4900.0,357819.15,79443.98,437263.13,17,406,15,88062.75,5282.5,438536.8,5511.57,448057.2,10794.07,local_refinement,False,23485.4,472299.1,0.925818
fixed_500_backlog,30100.0,5000.0,358330.1,80943.98,439274.08,18,406,16,92695.6,8415.35,443868.95,5501.57,453191.0,13916.92,coarse,False,18153.25,472299.1,0.930076
fixed_500_backlog,30200.0,5100.0,357367.74,81516.34,438884.08,18,404,16,93276.0,8415.35,443058.75,5491.57,452791.0,13906.92,local_refinement,False,18963.45,472299.1,0.92925
fixed_500_backlog,30300.0,5200.0,356387.75,82106.34,438494.09,18,397,16,93876.0,8415.35,443058.75,5481.56,452391.0,13896.91,local_refinement,False,18963.45,472299.1,0.928425
fixed_500_backlog,30400.0,5300.0,355907.75,82196.34,438104.09,18,393,16,93976.0,8415.35,442377.8,5471.56,451991.0,13886.91,local_refinement,False,19644.4,472299.1,0.927599
fixed_500_backlog,30500.0,5400.0,354927.75,82786.34,437714.09,18,387,16,94576.0,8415.35,442056.65,5461.56,451591.0,13876.91,local_refinement,False,19965.55,472299.1,0.926773
fixed_500_backlog,30600.0,5500.0,354389.12,82934.98,437324.1,18,386,16,94739.35,8415.35,441875.6,5451.55,451191.0,13866.9,coarse,False,20146.6,472299.1,0.925947
fixed_500_backlog,31100.0,6000.0,350620.6,95248.33,445868.93,20,367,18,108349.9,9108.27,450995.8,6004.8,460982.0,15113.07,coarse,False,11026.4,472299.1,0.944039
fixed_500_backlog,31200.0,6100.0,349633.35,95935.58,445568.93,20,366,18,109177.15,9208.27,450995.8,6004.8,460782.0,15213.07,local_refinement,False,11026.4,472299.1,0.943404
fixed_500_backlog,31300.0,6200.0,348552.0,96716.93,445268.93,20,364,18,110098.5,9308.27,450504.6,6004.8,460582.0,15313.07,local_refinement,False,11517.6,472299.1,0.942769
fixed_500_backlog,31400.0,6300.0,347392.0,97576.93,444968.93,20,356,18,111098.5,9408.27,450309.5,6004.8,460382.0,15413.07,local_refinement,False,11712.7,472299.1,0.942134
fixed_500_backlog,31500.0,6400.0,346232.0,98436.93,444668.93,20,353,18,112098.5,9508.27,450140.7,6004.8,460182.0,15513.07,local_refinement,False,11881.5,472299.1,0.941499
fixed_500_backlog,31600.0,6500.0,346082.7,110403.31,456486.01,22,345,20,124411.0,9808.29,462022.2,6004.8,472299.1,15813.09,coarse,True,0.0,472299.1,0.966519
fixed_500_backlog,31700.0,6600.0,344832.7,103301.83,448134.53,22,341,20,125711.0,18159.77,462022.2,6004.8,472299.1,24164.57,local_refinement,True,0.0,472299.1,0.948836
fixed_500_backlog,31800.0,6700.0,343582.7,104251.83,447834.53,22,340,20,127011.0,18459.77,462022.2,6004.8,472299.1,24464.57,local_refinement,True,0.0,472299.1,0.948201
fixed_500_backlog,31900.0,6800.0,342332.7,105201.83,447534.53,22,334,20,128311.0,18759.77,462022.2,6004.8,472299.1,24764.57,local_refinement,True,0.0,472299.1,0.947566
fixed_500_backlog,32000.0,6900.0,341082.7,106151.83,447234.53,22,332,20,129611.0,19059.77,462022.2,6004.8,472299.1,25064.57,local_refinement,True,0.0,472299.1,0.946931
fixed_500_backlog,32100.0,7000.0,339832.7,107101.83,446934.53,22,329,20,130911.0,19359.77,462022.2,6004.8,472299.1,25364.57,coarse,True,0.0,472299.1,0.946296
fixed_500_backlog,32600.0,7500.0,332715.08,107693.71,440408.79,22,298,20,138322.65,25885.51,462022.2,6004.8,472299.1,31890.31,coarse,True,0.0,472299.1,0.932479
fixed_500_backlog,33100.0,8000.0,324517.48,113891.31,438408.79,22,270,20,146814.15,27885.51,462022.2,6004.8,472299.1,33890.31,coarse,True,0.0,472299.1,0.928244
fixed_500_backlog,33600.0,8500.0,315284.28,121124.51,436408.79,22,251,20,156297.35,29885.51,462022.2,6004.8,472299.1,35890.31,coarse,True,0.0,472299.1,0.924009
fixed_500_backlog,34100.0,9000.0,305534.28,128874.51,434408.79,22,229,20,166297.35,31885.51,462022.2,6004.8,472299.1,37890.31,coarse,True,0.0,472299.1,0.919775
fixed_500_backlog,34600.0,9500.0,295777.86,136630.93,432408.79,22,212,20,176297.35,33885.51,462022.2,6004.8,472299.1,39890.31,coarse,True,0.0,472299.1,0.91554
fixed_500_backlog,35100.0,10000.0,285872.72,144528.97,430401.69,22,203,20,186304.45,35892.61,462022.2,6004.8,472299.1,41897.41,coarse,True,0.0,472299.1,0.911291
fixed_750_backlog,,,89229.25,0.0,89229.25,2,103,0,3782.35,3782.35,87134.8,0.0,93011.6,3782.35,coarse,False,374887.4,472299.1,0.188925
fixed_750_backlog,25100.0,0.0,89229.25,0.0,89229.25,2,103,0,3782.35,3782.35,87134.8,0.0,93011.6,3782.35,coarse,False,374887.4,472299.1,0.188925
fixed_750_backlog,25600.0,500.0,89229.25,0.0,89229.25,2,103,0,3782.35,3782.35,87134.8,0.0,93011.6,3782.35,coarse,False,374887.4,472299.1,0.188925
fixed_750_backlog,26100.0,1000.0,88880.45,0.0,88880.45,2,103,0,3782.35,3782.35,86705.4,0.0,92662.8,3782.35,coarse,False,375316.8,472299.1,0.188187
fixed_750_backlog,26600.0,1500.0,84473.05,0.0,84473.05,2,95,0,3782.35,3782.35,82254.5,0.0,88255.4,3782.35,coarse,False,379767.7,472299.1,0.178855
fixed_750_backlog,27100.0,2000.0,117827.25,0.0,117827.25,2,137,0,3782.35,3782.35,115294.75,0.0,121609.6,3782.35,coarse,False,346727.45,472299.1,0.249476
fixed_750_backlog,27600.0,2500.0,136407.35,0.0,136407.35,2,148,0,3782.35,3782.35,133739.55,0.0,140189.7,3782.35,coarse,False,328282.65,472299.1,0.288816
fixed_750_backlog,28100.0,3000.0,202847.95,0.0,202847.95,2,170,0,3782.35,3782.35,199965.55,0.0,206630.3,3782.35,coarse,False,262056.65,472299.1,0.42949
fixed_750_backlog,28600.0,3500.0,193704.15,0.0,193704.15,2,166,0,3782.35,3782.35,191507.2,0.0,197486.5,3782.35,coarse,False,270515.0,472299.1,0.41013
fixed_750_backlog,29100.0,4000.0,224299.02,0.0,224299.02,2,174,0,3782.35,3782.35,221740.25,103.38,228184.75,3885.73,coarse,False,240281.95,472299.1,0.474909
fixed_750_backlog,29600.0,4500.0,322366.76,0.0,322366.76,2,229,0,3782.35,3782.35,321583.9,1490.14,327639.25,5272.49,coarse,False,140438.3,472299.1,0.682548
fixed_750_backlog,29700.0,4600.0,319756.11,0.0,319756.11,2,226,0,3782.35,3782.35,317460.95,1440.14,324978.6,5222.49,local_refinement,False,144561.25,472299.1,0.67702
fixed_750_backlog,29800.0,4700.0,371497.01,0.0,371497.01,2,254,0,3782.35,3782.35,371722.15,2370.74,377650.1,6153.09,local_refinement,False,90300.05,472299.1,0.786571
fixed_750_backlog,29900.0,4800.0,369812.86,0.0,369812.86,2,253,0,3782.35,3782.35,368643.5,2300.74,375895.95,6083.09,local_refinement,False,93378.7,472299.1,0.783006
fixed_750_backlog,30000.0,4900.0,367979.06,0.0,367979.06,2,252,0,3782.35,3782.35,366727.75,2230.74,373992.15,6013.09,local_refinement,False,95294.45,472299.1,0.779123
fixed_750_backlog,30100.0,5000.0,366554.16,1500.0,368054.16,3,249,1,8415.2,6915.2,371607.25,2160.74,377130.1,9075.94,coarse,False,90414.95,472299.1,0.779282
fixed_750_backlog,30200.0,5100.0,364257.74,1500.0,365757.74,3,248,1,8415.2,6915.2,366875.65,2097.36,374770.3,9012.56,local_refinement,False,95146.55,472299.1,0.77442
fixed_750_backlog,30300.0,5200.0,361951.7,1500.0,363451.7,3,246,1,8415.2,6915.2,366381.0,2037.35,372404.25,8952.55,local_refinement,False,95641.2,472299.1,0.769537
fixed_750_backlog,30400.0,5300.0,360111.7,1500.0,361611.7,3,245,1,8415.2,6915.2,362395.55,1977.35,370504.25,8892.55,local_refinement,False,99626.65,472299.1,0.765641
fixed_750_backlog,30500.0,5400.0,358271.7,1500.0,359771.7,3,243,1,8415.2,6915.2,362074.4,1917.35,368604.25,8832.55,local_refinement,False,99947.8,472299.1,0.761745
fixed_750_backlog,30600.0,5500.0,356431.7,1500.0,357931.7,3,241,1,8415.2,6915.2,359177.6,1857.35,366704.25,8772.55,coarse,False,102844.6,472299.1,0.75785
fixed_750_backlog,31100.0,6000.0,362770.74,83098.2,445868.94,20,247,18,96045.85,9108.27,450995.8,6004.79,460982.0,15113.06,coarse,False,11026.4,472299.1,0.944039
fixed_750_backlog,31200.0,6100.0,360834.78,84734.15,445568.93,20,247,18,97845.85,9208.27,450995.8,6004.8,460782.0,15213.07,local_refinement,False,11026.4,472299.1,0.943404
fixed_750_backlog,31300.0,6200.0,358894.78,86374.15,445268.93,20,245,18,99645.85,9308.27,450504.6,6004.8,460582.0,15313.07,local_refinement,False,11517.6,472299.1,0.942769
fixed_750_backlog,31400.0,6300.0,356954.78,88014.15,444968.93,20,244,18,101445.85,9408.27,450309.5,6004.8,460382.0,15413.07,local_refinement,False,11712.7,472299.1,0.942134
fixed_750_backlog,31500.0,6400.0,355014.78,89654.15,444668.93,20,242,18,103245.85,9508.27,450140.7,6004.8,460182.0,15513.07,local_refinement,False,11881.5,472299.1,0.941499
fixed_750_backlog,31600.0,6500.0,354140.38,102345.63,456486.01,22,237,20,116297.35,9808.29,462022.2,6004.8,472299.1,15813.09,coarse,True,0.0,472299.1,0.966519
fixed_750_backlog,31700.0,6600.0,352200.38,95934.15,448134.53,22,235,20,118297.35,18159.77,462022.2,6004.8,472299.1,24164.57,local_refinement,True,0.0,472299.1,0.948836
fixed_750_backlog,31800.0,6700.0,350260.38,97574.15,447834.53,22,235,20,120297.35,18459.77,462022.2,6004.8,472299.1,24464.57,local_refinement,True,0.0,472299.1,0.948201
fixed_750_backlog,31900.0,6800.0,348320.38,99214.15,447534.53,22,235,20,122297.35,18759.77,462022.2,6004.8,472299.1,24764.57,local_refinement,True,0.0,472299.1,0.947566
fixed_750_backlog,32000.0,6900.0,346380.38,100854.15,447234.53,22,235,20,124297.35,19059.77,462022.2,6004.8,472299.1,25064.57,local_refinement,True,0.0,472299.1,0.946931
fixed_750_backlog,32100.0,7000.0,344440.38,102494.15,446934.53,22,235,20,126297.35,19359.77,462022.2,6004.8,472299.1,25364.57,coarse,True,0.0,472299.1,0.946296
fixed_750_backlog,32600.0,7500.0,334740.38,105668.41,440408.79,22,225,20,136297.35,25885.51,462022.2,6004.8,472299.1,31890.31,coarse,True,0.0,472299.1,0.932479
fixed_750_backlog,33100.0,8000.0,325034.28,113374.51,438408.79,22,218,20,146297.35,27885.51,462022.2,6004.8,472299.1,33890.31,coarse,True,0.0,472299.1,0.928244
fixed_750_backlog,33600.0,8500.0,315284.28,121124.51,436408.79,22,215,20,156297.35,29885.51,462022.2,6004.8,472299.1,35890.31,coarse,True,0.0,472299.1,0.924009
fixed_750_backlog,34100.0,9000.0,305534.28,128874.51,434408.79,22,207,20,166297.35,31885.51,462022.2,6004.8,472299.1,37890.31,coarse,True,0.0,472299.1,0.919775
fixed_750_backlog,34600.0,9500.0,295777.86,136630.93,432408.79,22,198,20,176297.35,33885.51,462022.2,6004.8,472299.1,39890.31,coarse,True,0.0,472299.1,0.91554
fixed_750_backlog,35100.0,10000.0,285872.72,144528.97,430401.69,22,195,20,186304.45,35892.61,462022.2,6004.8,472299.1,41897.41,coarse,True,0.0,472299.1,0.911291
hold,,,-15800.0,30000.0,14200.0,22,0,20,488099.1,458099.1,462022.2,0.0,472299.1,458099.1,benchmark,True,0.0,472299.1,0.030066
legacy_500_blocks,,,102700.0,31642.2,134342.2,7,195,5,35924.6,4282.4,131462.8,0.0,138624.6,4282.4,coarse,False,330559.4,472299.1,0.284443
legacy_500_blocks,25100.0,0.0,102700.0,31642.2,134342.2,7,195,5,35924.6,4282.4,131462.8,0.0,138624.6,4282.4,coarse,False,330559.4,472299.1,0.284443
legacy_500_blocks,25600.0,500.0,102700.0,31642.2,134342.2,7,195,5,35924.6,4282.4,131462.8,0.0,138624.6,4282.4,coarse,False,330559.4,472299.1,0.284443
legacy_500_blocks,26100.0,1000.0,102700.0,31642.2,134342.2,7,195,5,35924.6,4282.4,131462.8,0.0,138624.6,4282.4,coarse,False,330559.4,472299.1,0.284443
legacy_500_blocks,26600.0,1500.0,102200.0,31642.2,133842.2,7,185,5,35924.6,4282.4,130749.4,0.0,138124.6,4282.4,coarse,False,331272.8,472299.1,0.283384
legacy_500_blocks,27100.0,2000.0,102700.0,31642.2,134342.2,7,181,5,35924.6,4282.4,131228.35,0.0,138624.6,4282.4,coarse,False,330793.85,472299.1,0.284443
legacy_500_blocks,27600.0,2500.0,162200.0,40452.84,202652.84,9,254,7,45005.7,4482.42,199514.45,70.44,207205.7,4552.86,coarse,False,262507.75,472299.1,0.429077
legacy_500_blocks,28100.0,3000.0,199700.0,50610.9,250310.9,11,292,9,55870.4,4682.44,247599.6,577.06,255570.4,5259.5,coarse,False,214422.6,472299.1,0.529984
legacy_500_blocks,28600.0,3500.0,220350.0,56137.8,276487.8,12,314,10,62055.85,4782.45,274612.0,1485.6,282755.85,6268.05,coarse,False,187410.2,472299.1,0.585408
legacy_500_blocks,29100.0,4000.0,232350.0,57137.8,289487.8,12,312,10,63055.85,4782.45,287113.15,1485.6,295755.85,6268.05,coarse,False,174909.05,472299.1,0.612933
legacy_500_blocks,29600.0,4500.0,357050.0,70204.66,427254.66,15,430,13,77874.6,5082.48,428138.5,4737.46,437074.6,9819.94,coarse,False,33883.7,472299.1,0.904627
legacy_500_blocks,29700.0,4600.0,356100.0,71154.66,427254.66,15,431,13,78874.6,5082.48,428138.5,4737.46,437074.6,9819.94,local_refinement,False,33883.7,472299.1,0.904627
legacy_500_blocks,29800.0,4700.0,358000.0,79443.98,437443.98,17,426,15,88062.75,5282.5,439030.1,5536.27,448262.75,10818.77,local_refinement,False,22992.1,472299.1,0.926201
legacy_500_blocks,29900.0,4800.0,357000.0,79443.98,436443.98,17,421,15,88062.75,5282.5,437733.1,5536.27,447262.75,10818.77,local_refinement,False,24289.1,472299.1,0.924084
legacy_500_blocks,30000.0,4900.0,357000.0,79443.98,436443.98,17,409,15,88062.75,5282.5,437733.1,5536.27,447262.75,10818.77,local_refinement,False,24289.1,472299.1,0.924084
legacy_500_blocks,30100.0,5000.0,358000.0,80943.98,438943.98,18,414,16,92695.6,8415.35,443246.3,5536.27,452895.6,13951.62,coarse,False,18775.9,472299.1,0.929377
legacy_500_blocks,30200.0,5100.0,357050.0,81893.98,438943.98,18,416,16,93695.6,8415.35,443246.3,5536.27,452895.6,13951.62,local_refinement,False,18775.9,472299.1,0.929377
legacy_500_blocks,30300.0,5200.0,355600.0,82393.98,437993.98,18,409,16,94195.6,8415.35,442257.0,5486.27,451895.6,13901.62,local_refinement,False,19765.2,472299.1,0.927366
legacy_500_blocks,30400.0,5300.0,354600.0,82393.98,436993.98,18,401,16,94195.6,8415.35,441393.0,5486.27,450895.6,13901.62,local_refinement,False,20629.2,472299.1,0.925248
legacy_500_blocks,30500.0,5400.0,354100.0,82893.98,436993.98,18,391,16,94695.6,8415.35,441393.0,5486.27,450895.6,13901.62,local_refinement,False,20629.2,472299.1,0.925248
legacy_500_blocks,30600.0,5500.0,353150.0,83843.98,436993.98,18,393,16,95695.6,8415.35,441393.0,5486.27,450895.6,13901.62,coarse,False,20629.2,472299.1,0.925248
legacy_500_blocks,31100.0,6000.0,347350.0,87193.98,434543.98,18,375,16,99695.6,8915.35,439478.2,5436.27,448895.6,14351.62,coarse,False,22544.0,472299.1,0.920061
legacy_500_blocks,31200.0,6100.0,345900.0,88143.98,434043.98,18,375,16,101195.6,9415.35,439478.2,5436.27,448895.6,14851.62,local_refinement,False,22544.0,472299.1,0.919002
legacy_500_blocks,31300.0,6200.0,344900.0,99981.58,444881.58,20,374,18,113801.75,9615.37,450504.6,6004.8,460501.75,15620.17,local_refinement,False,11517.6,472299.1,0.941949
legacy_500_blocks,31400.0,6300.0,345400.0,111078.91,456478.91,22,364,20,125099.1,9815.39,462022.2,6004.8,472299.1,15820.19,local_refinement,True,0.0,472299.1,0.966504
legacy_500_blocks,31500.0,6400.0,344900.0,111578.91,456478.91,22,360,20,125599.1,9815.39,462022.2,6004.8,472299.1,15820.19,local_refinement,True,0.0,472299.1,0.966504
legacy_500_blocks,31600.0,6500.0,343050.0,113428.91,456478.91,22,356,20,127599.1,9815.39,462022.2,6004.8,472299.1,15820.19,coarse,True,0.0,472299.1,0.966504
legacy_500_blocks,31700.0,6600.0,341600.0,105888.03,447488.03,22,354,20,129099.1,18806.27,462022.2,6004.8,472299.1,24811.07,local_refinement,True,0.0,472299.1,0.947467
legacy_500_blocks,31800.0,6700.0,339650.0,107338.03,446988.03,22,351,20,131099.1,19306.27,462022.2,6004.8,472299.1,25311.07,local_refinement,True,0.0,472299.1,0.946409
legacy_500_blocks,31900.0,6800.0,339150.0,107338.03,446488.03,22,340,20,131599.1,19806.27,462022.2,6004.8,472299.1,25811.07,local_refinement,True,0.0,472299.1,0.94535
legacy_500_blocks,32000.0,6900.0,338650.0,107838.03,446488.03,22,337,20,132099.1,19806.27,462022.2,6004.8,472299.1,25811.07,local_refinement,True,0.0,472299.1,0.94535
legacy_500_blocks,32100.0,7000.0,336800.0,109688.03,446488.03,22,339,20,134099.1,19806.27,462022.2,6004.8,472299.1,25811.07,coarse,True,0.0,472299.1,0.94535
legacy_500_blocks,32600.0,7500.0,329600.0,115388.03,444988.03,22,310,20,141599.1,21306.27,462022.2,6004.8,472299.1,27311.07,coarse,True,0.0,472299.1,0.942174
legacy_500_blocks,33100.0,8000.0,320850.0,122638.03,443488.03,22,288,20,150599.1,22806.27,462022.2,6004.8,472299.1,28811.07,coarse,True,0.0,472299.1,0.938998
legacy_500_blocks,33600.0,8500.0,311100.0,130888.03,441988.03,22,269,20,160599.1,24306.27,462022.2,6004.8,472299.1,30311.07,coarse,True,0.0,472299.1,0.935822
legacy_500_blocks,34100.0,9000.0,301350.0,132310.79,433660.79,22,248,20,170599.1,32633.51,462022.2,6004.8,472299.1,38638.31,coarse,True,0.0,472299.1,0.918191
legacy_500_blocks,34600.0,9500.0,291500.0,140160.79,431660.79,22,232,20,180599.1,34633.51,462022.2,6004.8,472299.1,40638.31,coarse,True,0.0,472299.1,0.913956
legacy_500_blocks,35100.0,10000.0,281600.0,148060.79,429660.79,22,224,20,190599.1,36633.51,462022.2,6004.8,472299.1,42638.31,coarse,True,0.0,472299.1,0.909722
maximum_excess_monthly,,,56614.3,0.0,56614.3,2,56,0,3782.35,3782.35,54884.35,0.0,60396.65,3782.35,coarse,False,407137.85,472299.1,0.11987
maximum_excess_monthly,25100.0,0.0,56614.3,0.0,56614.3,2,56,0,3782.35,3782.35,54884.35,0.0,60396.65,3782.35,coarse,False,407137.85,472299.1,0.11987
maximum_excess_monthly,25600.0,500.0,58167.45,0.0,58167.45,2,57,0,3782.35,3782.35,56508.7,0.0,61949.8,3782.35,coarse,False,405513.5,472299.1,0.123158
maximum_excess_monthly,26100.0,1000.0,57341.5,0.0,57341.5,2,58,0,3782.35,3782.35,55820.95,0.0,61123.85,3782.35,coarse,False,406201.25,472299.1,0.121409
maximum_excess_monthly,26600.0,1500.0,54217.6,0.0,54217.6,2,53,0,3782.35,3782.35,51955.75,0.0,57999.95,3782.35,coarse,False,410066.45,472299.1,0.114795
maximum_excess_monthly,27100.0,2000.0,96043.5,0.0,96043.5,2,74,0,3782.35,3782.35,93669.35,0.0,99825.85,3782.35,coarse,False,368352.85,472299.1,0.203353
maximum_excess_monthly,27600.0,2500.0,120275.9,0.0,120275.9,2,92,0,3782.35,3782.35,118513.15,0.0,124058.25,3782.35,coarse,False,343509.05,472299.1,0.25466
maximum_excess_monthly,28100.0,3000.0,181222.45,0.0,181222.45,2,117,0,3782.35,3782.35,178700.85,0.0,185004.8,3782.35,coarse,False,283321.35,472299.1,0.383703
maximum_excess_monthly,28600.0,3500.0,172008.4,0.0,172008.4,2,117,0,3782.35,3782.35,170336.25,0.0,175790.75,3782.35,coarse,False,291685.95,472299.1,0.364194
maximum_excess_monthly,29100.0,4000.0,225029.02,0.0,225029.02,2,148,0,3782.35,3782.35,222515.3,103.38,228914.75,3885.73,coarse,False,239506.9,472299.1,0.476454
maximum_excess_monthly,29600.0,4500.0,320939.31,0.0,320939.31,2,210,0,3782.35,3782.35,320112.4,1490.14,326211.8,5272.49,coarse,False,141909.8,472299.1,0.679526
maximum_excess_monthly,29700.0,4600.0,318989.31,0.0,318989.31,2,209,0,3782.35,3782.35,316407.2,1440.14,324211.8,5222.49,local_refinement,False,145615.0,472299.1,0.675397
maximum_excess_monthly,29800.0,4700.0,370417.36,0.0,370417.36,2,237,0,3782.35,3782.35,370668.4,2370.74,376570.45,6153.09,local_refinement,False,91353.8,472299.1,0.784286
maximum_excess_monthly,29900.0,4800.0,368487.36,0.0,368487.36,2,236,0,3782.35,3782.35,367344.65,2300.74,374570.45,6083.09,local_refinement,False,94677.55,472299.1,0.780199
maximum_excess_monthly,30000.0,4900.0,366557.36,0.0,366557.36,2,235,0,3782.35,3782.35,365369.8,2230.74,372570.45,6013.09,local_refinement,False,96652.4,472299.1,0.776113
maximum_excess_monthly,30100.0,5000.0,365628.31,1500.0,367128.31,3,235,1,8415.2,6915.2,370701.95,2160.74,376204.25,9075.94,coarse,False,91320.25,472299.1,0.777322
maximum_excess_monthly,30200.0,5100.0,363791.69,1500.0,365291.69,3,235,1,8415.2,6915.2,366381.0,2097.36,374304.25,9012.56,local_refinement,False,95641.2,472299.1,0.773433
maximum_excess_monthly,30300.0,5200.0,361951.7,1500.0,363451.7,3,234,1,8415.2,6915.2,366381.0,2037.35,372404.25,8952.55,local_refinement,False,95641.2,472299.1,0.769537
maximum_excess_monthly,30400.0,5300.0,360111.7,1500.0,361611.7,3,233,1,8415.2,6915.2,362395.55,1977.35,370504.25,8892.55,local_refinement,False,99626.65,472299.1,0.765641
maximum_excess_monthly,30500.0,5400.0,358271.7,1500.0,359771.7,3,232,1,8415.2,6915.2,362074.4,1917.35,368604.25,8832.55,local_refinement,False,99947.8,472299.1,0.761745
maximum_excess_monthly,30600.0,5500.0,356431.7,1500.0,357931.7,3,232,1,8415.2,6915.2,359177.6,1857.35,366704.25,8772.55,coarse,False,102844.6,472299.1,0.75785
maximum_excess_monthly,31100.0,6000.0,362770.74,83098.2,445868.94,20,242,18,96045.85,9108.27,450995.8,6004.79,460982.0,15113.06,coarse,False,11026.4,472299.1,0.944039
maximum_excess_monthly,31200.0,6100.0,360834.78,84734.15,445568.93,20,242,18,97845.85,9208.27,450995.8,6004.8,460782.0,15213.07,local_refinement,False,11026.4,472299.1,0.943404
maximum_excess_monthly,31300.0,6200.0,358894.78,86374.15,445268.93,20,240,18,99645.85,9308.27,450504.6,6004.8,460582.0,15313.07,local_refinement,False,11517.6,472299.1,0.942769
maximum_excess_monthly,31400.0,6300.0,356954.78,88014.15,444968.93,20,239,18,101445.85,9408.27,450309.5,6004.8,460382.0,15413.07,local_refinement,False,11712.7,472299.1,0.942134
maximum_excess_monthly,31500.0,6400.0,355014.78,89654.15,444668.93,20,238,18,103245.85,9508.27,450140.7,6004.8,460182.0,15513.07,local_refinement,False,11881.5,472299.1,0.941499
maximum_excess_monthly,31600.0,6500.0,354140.38,102345.63,456486.01,22,237,20,116297.35,9808.29,462022.2,6004.8,472299.1,15813.09,coarse,True,0.0,472299.1,0.966519
maximum_excess_monthly,31700.0,6600.0,352200.38,95934.15,448134.53,22,235,20,118297.35,18159.77,462022.2,6004.8,472299.1,24164.57,local_refinement,True,0.0,472299.1,0.948836
maximum_excess_monthly,31800.0,6700.0,350260.38,97574.15,447834.53,22,235,20,120297.35,18459.77,462022.2,6004.8,472299.1,24464.57,local_refinement,True,0.0,472299.1,0.948201
maximum_excess_monthly,31900.0,6800.0,348320.38,99214.15,447534.53,22,235,20,122297.35,18759.77,462022.2,6004.8,472299.1,24764.57,local_refinement,True,0.0,472299.1,0.947566
maximum_excess_monthly,32000.0,6900.0,346380.38,100854.15,447234.53,22,235,20,124297.35,19059.77,462022.2,6004.8,472299.1,25064.57,local_refinement,True,0.0,472299.1,0.946931
maximum_excess_monthly,32100.0,7000.0,344440.38,102494.15,446934.53,22,235,20,126297.35,19359.77,462022.2,6004.8,472299.1,25364.57,coarse,True,0.0,472299.1,0.946296
maximum_excess_monthly,32600.0,7500.0,334740.38,105668.41,440408.79,22,225,20,136297.35,25885.51,462022.2,6004.8,472299.1,31890.31,coarse,True,0.0,472299.1,0.932479
maximum_excess_monthly,33100.0,8000.0,325034.28,113374.51,438408.79,22,218,20,146297.35,27885.51,462022.2,6004.8,472299.1,33890.31,coarse,True,0.0,472299.1,0.928244
maximum_excess_monthly,33600.0,8500.0,315284.28,121124.51,436408.79,22,215,20,156297.35,29885.51,462022.2,6004.8,472299.1,35890.31,coarse,True,0.0,472299.1,0.924009
maximum_excess_monthly,34100.0,9000.0,305534.28,128874.51,434408.79,22,207,20,166297.35,31885.51,462022.2,6004.8,472299.1,37890.31,coarse,True,0.0,472299.1,0.919775
maximum_excess_monthly,34600.0,9500.0,295777.86,136630.93,432408.79,22,198,20,176297.35,33885.51,462022.2,6004.8,472299.1,39890.31,coarse,True,0.0,472299.1,0.91554
maximum_excess_monthly,35100.0,10000.0,285872.72,144528.97,430401.69,22,195,20,186304.45,35892.61,462022.2,6004.8,472299.1,41897.41,coarse,True,0.0,472299.1,0.911291
minimum_monthly,,,140650.0,65118.52,205768.52,11,313,9,70910.45,4682.44,202909.25,1159.49,211610.45,5841.93,coarse,False,259112.95,472299.1,0.435674
minimum_monthly,25100.0,0.0,140650.0,65118.52,205768.52,11,313,9,70910.45,4682.44,202909.25,1159.49,211610.45,5841.93,coarse,False,259112.95,472299.1,0.435674
minimum_monthly,25600.0,500.0,140650.0,65118.52,205768.52,11,313,9,70910.45,4682.44,202909.25,1159.49,211610.45,5841.93,coarse,False,259112.95,472299.1,0.435674
minimum_monthly,26100.0,1000.0,140650.0,65118.52,205768.52,11,313,9,70910.45,4682.44,202909.25,1159.49,211610.45,5841.93,coarse,False,259112.95,472299.1,0.435674
minimum_monthly,26600.0,1500.0,174650.0,81868.9,256518.9,13,381,11,89222.0,4882.46,255091.7,2520.64,263922.0,7403.1,coarse,False,206930.5,472299.1,0.543128
minimum_monthly,27100.0,2000.0,197200.0,102629.54,299829.54,15,426,13,110303.1,5082.48,298201.8,2591.08,307503.1,7673.56,coarse,False,163820.4,472299.1,0.63483
minimum_monthly,27600.0,2500.0,250700.0,135016.59,385716.59,18,533,16,144688.9,5382.51,385714.9,4289.8,395388.9,9672.31,coarse,False,76307.3,472299.1,0.816679
minimum_monthly,28100.0,3000.0,268200.0,139192.52,407392.52,17,568,15,149783.35,5282.5,408515.0,5308.33,417983.35,10590.83,coarse,False,53507.2,472299.1,0.862573
minimum_monthly,28200.0,3100.0,265200.0,141692.52,406892.52,17,562,15,152283.35,5282.5,408133.45,5308.33,417483.35,10590.83,local_refinement,False,53888.75,472299.1,0.861514
minimum_monthly,28300.0,3200.0,264700.0,142192.52,406892.52,17,561,15,152783.35,5282.5,408133.45,5308.33,417483.35,10590.83,local_refinement,False,53888.75,472299.1,0.861514
minimum_monthly,28400.0,3300.0,283200.0,152960.79,436160.79,18,598,16,164348.1,5382.51,438050.25,6004.8,447548.1,11387.31,local_refinement,False,23971.95,472299.1,0.923484
minimum_monthly,28500.0,3400.0,283200.0,152960.79,436160.79,18,598,16,164348.1,5382.51,438050.25,6004.8,447548.1,11387.31,local_refinement,False,23971.95,472299.1,0.923484
minimum_monthly,28600.0,3500.0,282200.0,153960.79,436160.79,18,596,16,165348.1,5382.51,438050.25,6004.8,447548.1,11387.31,coarse,False,23971.95,472299.1,0.923484
minimum_monthly,28700.0,3600.0,281700.0,162993.63,444693.63,19,595,17,174480.95,5482.52,446367.65,6004.8,456180.95,11487.32,local_refinement,False,15654.55,472299.1,0.941551
minimum_monthly,28800.0,3700.0,280700.0,163993.63,444693.63,19,593,17,175480.95,5482.52,446367.65,6004.8,456180.95,11487.32,local_refinement,False,15654.55,472299.1,0.941551
minimum_monthly,28900.0,3800.0,280200.0,169820.87,450020.87,20,592,18,181408.2,5582.53,451644.95,6004.8,461608.2,11587.33,local_refinement,False,10377.25,472299.1,0.95283
minimum_monthly,29000.0,3900.0,279200.0,170320.87,449520.87,20,590,18,181908.2,5582.53,451243.6,6004.8,461108.2,11587.33,local_refinement,False,10778.6,472299.1,0.951772
minimum_monthly,29100.0,4000.0,277200.0,171820.87,449020.87,20,586,18,183408.2,5582.53,450750.2,6004.8,460608.2,11587.33,coarse,False,11272.0,472299.1,0.950713
minimum_monthly,29600.0,4500.0,271700.0,177320.87,449020.87,20,575,18,188908.2,5582.53,450750.2,6004.8,460608.2,11587.33,coarse,False,11272.0,472299.1,0.950713
minimum_monthly,29700.0,4600.0,267700.0,181320.87,449020.87,20,567,18,192908.2,5582.53,450750.2,6004.8,460608.2,11587.33,local_refinement,False,11272.0,472299.1,0.950713
minimum_monthly,29800.0,4700.0,266700.0,182320.87,449020.87,20,565,18,193908.2,5582.53,450750.2,6004.8,460608.2,11587.33,local_refinement,False,11272.0,472299.1,0.950713
minimum_monthly,29900.0,4800.0,266200.0,188541.66,454741.66,21,564,19,200229.0,5682.54,456263.4,6004.8,466429.0,11687.34,local_refinement,False,5758.8,472299.1,0.962826
minimum_monthly,30000.0,4900.0,266200.0,194311.75,460511.75,22,564,20,206099.1,5782.55,462022.2,6004.8,472299.1,11787.35,local_refinement,True,0.0,472299.1,0.975043
minimum_monthly,30100.0,5000.0,264700.0,195811.75,460511.75,22,561,20,207599.1,5782.55,462022.2,6004.8,472299.1,11787.35,coarse,True,0.0,472299.1,0.975043
minimum_monthly,30200.0,5100.0,262200.0,198311.75,460511.75,22,556,20,210099.1,5782.55,462022.2,6004.8,472299.1,11787.35,local_refinement,True,0.0,472299.1,0.975043
minimum_monthly,30300.0,5200.0,260700.0,199811.75,460511.75,22,553,20,211599.1,5782.55,462022.2,6004.8,472299.1,11787.35,local_refinement,True,0.0,472299.1,0.975043
minimum_monthly,30400.0,5300.0,259200.0,201311.75,460511.75,22,550,20,213099.1,5782.55,462022.2,6004.8,472299.1,11787.35,local_refinement,True,0.0,472299.1,0.975043
minimum_monthly,30500.0,5400.0,258200.0,202311.75,460511.75,22,548,20,214099.1,5782.55,462022.2,6004.8,472299.1,11787.35,local_refinement,True,0.0,472299.1,0.975043
minimum_monthly,30600.0,5500.0,257200.0,203311.75,460511.75,22,546,20,215099.1,5782.55,462022.2,6004.8,472299.1,11787.35,coarse,True,0.0,472299.1,0.975043
minimum_monthly,31100.0,6000.0,250700.0,209811.75,460511.75,22,533,20,221599.1,5782.55,462022.2,6004.8,472299.1,11787.35,coarse,True,0.0,472299.1,0.975043
minimum_monthly,31600.0,6500.0,241700.0,213278.91,454978.91,22,515,20,230599.1,11315.39,462022.2,6004.8,472299.1,17320.19,coarse,True,0.0,472299.1,0.963328
minimum_monthly,32100.0,7000.0,235700.0,218778.91,454478.91,22,503,20,236599.1,11815.39,462022.2,6004.8,472299.1,17820.19,coarse,True,0.0,472299.1,0.962269
minimum_monthly,32600.0,7500.0,227700.0,226778.91,454478.91,22,487,20,244599.1,11815.39,462022.2,6004.8,472299.1,17820.19,coarse,True,0.0,472299.1,0.962269
minimum_monthly,33100.0,8000.0,223200.0,231278.91,454478.91,22,478,20,249099.1,11815.39,462022.2,6004.8,472299.1,17820.19,coarse,True,0.0,472299.1,0.962269
minimum_monthly,33600.0,8500.0,214700.0,224788.03,439488.03,22,461,20,257599.1,26806.27,462022.2,6004.8,472299.1,32811.07,coarse,True,0.0,472299.1,0.930529
minimum_monthly,34100.0,9000.0,208700.0,229788.03,438488.03,22,449,20,263599.1,27806.27,462022.2,6004.8,472299.1,33811.07,coarse,True,0.0,472299.1,0.928412
minimum_monthly,34600.0,9500.0,201200.0,228460.79,429660.79,22,434,20,271099.1,36633.51,462022.2,6004.8,472299.1,42638.31,coarse,True,0.0,472299.1,0.909722
minimum_monthly,35100.0,10000.0,194700.0,234460.79,429160.79,22,421,20,277599.1,37133.51,462022.2,6004.8,472299.1,43138.31,coarse,True,0.0,472299.1,0.908663
