purchase_policy,withdrawal_policy,initial_cash_usd,monthly_contribution_usd,ongoing_net_cash_usd,terminal_received_usd,combined_net_cash_usd,owner_contributions_usd,ending_owner_cash_usd,purchase_spend_usd,accounts_bought,alive_before_terminal,cash_limited_decisions,capacity_limited_decisions,minimum_owner_cash_usd
monthly_one,daily_minimum_retain_31900,1000,0,224400.0,77887.21,302287.21,1000.0,303287.21,11600.0,58,17,21,0,0.0
monthly_one,weekly_excess_retain_31600,1000,0,232440.45,66605.65,299046.1,1000.0,300046.1,11600.0,58,17,21,0,0.0
monthly_one,monthly_minimum_retain_30000,1000,0,163900.0,138387.21,302287.21,1000.0,303287.21,11600.0,58,17,21,0,0.0
monthly_two,daily_minimum_retain_31900,1000,0,-1000.0,0,-1000.0,1000.0,0.0,1000.0,5,0,77,0,0.0
monthly_two,weekly_excess_retain_31600,1000,0,-1000.0,0,-1000.0,1000.0,0.0,1000.0,5,0,77,0,0.0
monthly_two,monthly_minimum_retain_30000,1000,0,-1000.0,0,-1000.0,1000.0,0.0,1000.0,5,0,77,0,0.0
weekly_one,daily_minimum_retain_31900,1000,0,-1000.0,0,-1000.0,1000.0,0.0,1000.0,5,0,336,0,0.0
weekly_one,weekly_excess_retain_31600,1000,0,-1000.0,0,-1000.0,1000.0,0.0,1000.0,5,0,336,0,0.0
weekly_one,monthly_minimum_retain_30000,1000,0,-1000.0,0,-1000.0,1000.0,0.0,1000.0,5,0,336,0,0.0
quarterly_one,daily_minimum_retain_31900,1000,0,91400.0,25210.36,116610.36,1000.0,117610.36,4600.0,23,6,4,0,0.0
quarterly_one,weekly_excess_retain_31600,1000,0,93923.55,22686.79,116610.34,1000.0,117610.34,4600.0,23,6,4,0,0.0
quarterly_one,monthly_minimum_retain_30000,1000,0,66900.0,49710.36,116610.36,1000.0,117610.36,4600.0,23,6,4,0,0.0
quarterly_three,daily_minimum_retain_31900,1000,0,246700.0,70964.27,317664.27,1000.0,318664.27,11800.0,59,17,8,0,0.0
quarterly_three,weekly_excess_retain_31600,1000,0,253870.84,63793.39,317664.23,1000.0,318664.23,11800.0,59,17,8,0,0.0
quarterly_three,monthly_minimum_retain_30000,1000,0,179700.0,137964.27,317664.27,1000.0,318664.27,11800.0,59,17,8,0,0.0
replace_one,daily_minimum_retain_31900,1000,0,29600.0,4899.95,34499.95,1000.0,35499.95,800.0,4,1,0,0,200.0
replace_one,weekly_excess_retain_31600,1000,0,30232.96,4266.98,34499.94,1000.0,35499.94,800.0,4,1,0,0,200.0
replace_one,monthly_minimum_retain_30000,1000,0,23700.0,10799.95,34499.95,1000.0,35499.95,800.0,4,1,0,0,200.0
replace_five,daily_minimum_retain_31900,1000,0,-1000.0,0,-1000.0,1000.0,0.0,1000.0,5,0,2313,0,0.0
replace_five,weekly_excess_retain_31600,1000,0,-1000.0,0,-1000.0,1000.0,0.0,1000.0,5,0,2313,0,0.0
replace_five,monthly_minimum_retain_30000,1000,0,-1000.0,0,-1000.0,1000.0,0.0,1000.0,5,0,2313,0,0.0
reinvest_50pct,daily_minimum_retain_31900,1000,0,-200.0,0,-200.0,1000.0,800.0,200.0,1,0,0,0,800.0
reinvest_50pct,weekly_excess_retain_31600,1000,0,-200.0,0,-200.0,1000.0,800.0,200.0,1,0,0,0,800.0
reinvest_50pct,monthly_minimum_retain_30000,1000,0,-200.0,0,-200.0,1000.0,800.0,200.0,1,0,0,0,800.0
reinvest_100pct,daily_minimum_retain_31900,1000,0,-200.0,0,-200.0,1000.0,800.0,200.0,1,0,0,0,800.0
reinvest_100pct,weekly_excess_retain_31600,1000,0,-200.0,0,-200.0,1000.0,800.0,200.0,1,0,0,0,800.0
reinvest_100pct,monthly_minimum_retain_30000,1000,0,-200.0,0,-200.0,1000.0,800.0,200.0,1,0,0,0,800.0
reinvest_restart_50pct,daily_minimum_retain_31900,1000,0,227300.0,88635.89,315935.89,1000.0,316935.89,13600.0,68,20,0,719,200.0
reinvest_restart_50pct,weekly_excess_retain_31600,1000,0,186719.71,94347.69,281067.4,1000.0,282067.4,11600.0,58,20,0,666,200.0
reinvest_restart_50pct,monthly_minimum_retain_30000,1000,0,213500.0,163126.56,376626.56,1000.0,377626.56,14000.0,70,20,0,743,200.0
reinvest_restart_100pct,daily_minimum_retain_31900,1000,0,269100.0,73004.82,342104.82,1000.0,343104.82,16800.0,84,20,0,770,200.0
reinvest_restart_100pct,weekly_excess_retain_31600,1000,0,213511.76,94347.69,307859.45,1000.0,308859.45,18800.0,94,20,0,711,200.0
reinvest_restart_100pct,monthly_minimum_retain_30000,1000,0,240500.0,189971.51,430471.51,1000.0,431471.51,17000.0,85,20,0,930,200.0
monthly_one,daily_minimum_retain_31900,1000,200,361600.0,102711.75,464311.75,16600.0,480911.75,12000.0,60,20,0,19,800.0
monthly_one,weekly_excess_retain_31600,1000,200,373130.03,87940.55,461070.58,16600.0,477670.58,12000.0,60,20,0,19,800.0
monthly_one,monthly_minimum_retain_30000,1000,200,270000.0,194311.75,464311.75,16600.0,480911.75,12000.0,60,20,0,19,800.0
monthly_two,daily_minimum_retain_31900,1000,200,447600.0,101326.21,548926.21,16600.0,565526.21,13000.0,65,20,22,37,0.0
monthly_two,weekly_excess_retain_31600,1000,200,459014.08,89912.03,548926.11,16600.0,565526.11,13000.0,65,20,22,37,0.0
monthly_two,monthly_minimum_retain_30000,1000,200,326000.0,222926.21,548926.21,16600.0,565526.21,13000.0,65,20,22,37,0.0
weekly_one,daily_minimum_retain_31900,1000,200,449800.0,100881.87,550681.87,16600.0,567281.87,15000.0,75,20,83,183,0.0
weekly_one,weekly_excess_retain_31600,1000,200,460918.96,89762.83,550681.79,16600.0,567281.79,15000.0,75,20,83,183,0.0
weekly_one,monthly_minimum_retain_30000,1000,200,324500.0,226181.87,550681.87,16600.0,567281.87,15000.0,75,20,83,183,0.0
quarterly_one,daily_minimum_retain_31900,1000,200,172800.0,40146.34,212946.34,16600.0,229546.34,5400.0,27,9,0,0,800.0
quarterly_one,weekly_excess_retain_31600,1000,200,177458.55,35487.73,212946.28,16600.0,229546.28,5400.0,27,9,0,0,800.0
quarterly_one,monthly_minimum_retain_30000,1000,200,129600.0,83346.34,212946.34,16600.0,229546.34,5400.0,27,9,0,0,800.0
quarterly_three,daily_minimum_retain_31900,1000,200,493100.0,99647.41,592747.41,16600.0,609347.41,9000.0,45,20,0,14,400.0
quarterly_three,weekly_excess_retain_31600,1000,200,505248.4,87498.83,592747.23,16600.0,609347.23,9000.0,45,20,0,14,400.0
quarterly_three,monthly_minimum_retain_30000,1000,200,369500.0,223247.41,592747.41,16600.0,609347.41,9000.0,45,20,0,14,400.0
replace_one,daily_minimum_retain_31900,1000,200,29600.0,4899.95,34499.95,16600.0,51099.95,800.0,4,1,0,0,600.0
replace_one,weekly_excess_retain_31600,1000,200,30232.96,4266.98,34499.94,16600.0,51099.94,800.0,4,1,0,0,600.0
replace_one,monthly_minimum_retain_30000,1000,200,23700.0,10799.95,34499.95,16600.0,51099.95,800.0,4,1,0,0,600.0
replace_five,daily_minimum_retain_31900,1000,200,135550.0,24573.08,160123.08,16600.0,176723.08,5200.0,26,5,331,0,0.0
replace_five,weekly_excess_retain_31600,1000,200,138788.11,21334.9,160123.01,16600.0,176723.01,5200.0,26,5,331,0,0.0
replace_five,monthly_minimum_retain_30000,1000,200,104300.0,55823.08,160123.08,16600.0,176723.08,5200.0,26,5,331,0,0.0
reinvest_50pct,daily_minimum_retain_31900,1000,200,-200.0,0,-200.0,16600.0,16400.0,200.0,1,0,0,0,800.0
reinvest_50pct,weekly_excess_retain_31600,1000,200,-200.0,0,-200.0,16600.0,16400.0,200.0,1,0,0,0,800.0
reinvest_50pct,monthly_minimum_retain_30000,1000,200,-200.0,0,-200.0,16600.0,16400.0,200.0,1,0,0,0,800.0
reinvest_100pct,daily_minimum_retain_31900,1000,200,-200.0,0,-200.0,16600.0,16400.0,200.0,1,0,0,0,800.0
reinvest_100pct,weekly_excess_retain_31600,1000,200,-200.0,0,-200.0,16600.0,16400.0,200.0,1,0,0,0,800.0
reinvest_100pct,monthly_minimum_retain_30000,1000,200,-200.0,0,-200.0,16600.0,16400.0,200.0,1,0,0,0,800.0
reinvest_restart_50pct,daily_minimum_retain_31900,1000,200,227300.0,88635.89,315935.89,16600.0,332535.89,13600.0,68,20,0,719,600.0
reinvest_restart_50pct,weekly_excess_retain_31600,1000,200,186719.71,94347.69,281067.4,16600.0,297667.4,11600.0,58,20,0,666,600.0
reinvest_restart_50pct,monthly_minimum_retain_30000,1000,200,213500.0,163126.56,376626.56,16600.0,393226.56,14000.0,70,20,0,743,600.0
reinvest_restart_100pct,daily_minimum_retain_31900,1000,200,269100.0,73004.82,342104.82,16600.0,358704.82,16800.0,84,20,0,770,600.0
reinvest_restart_100pct,weekly_excess_retain_31600,1000,200,213511.76,94347.69,307859.45,16600.0,324459.45,18800.0,94,20,0,711,600.0
reinvest_restart_100pct,monthly_minimum_retain_30000,1000,200,240500.0,189971.51,430471.51,16600.0,447071.51,17000.0,85,20,0,930,600.0
monthly_one,daily_minimum_retain_31900,5000,0,361800.0,102711.75,464511.75,5000.0,469511.75,11800.0,59,20,1,19,0.0
monthly_one,weekly_excess_retain_31600,5000,0,373330.03,87940.55,461270.58,5000.0,466270.58,11800.0,59,20,1,19,0.0
monthly_one,monthly_minimum_retain_30000,5000,0,270200.0,194311.75,464511.75,5000.0,469511.75,11800.0,59,20,1,19,0.0
monthly_two,daily_minimum_retain_31900,5000,0,388400.0,102963.72,491363.72,5000.0,496363.72,14600.0,73,20,14,29,0.0
monthly_two,weekly_excess_retain_31600,5000,0,399081.1,92282.58,491363.68,5000.0,496363.68,14600.0,73,20,14,29,0.0
monthly_two,monthly_minimum_retain_30000,5000,0,276400.0,214963.72,491363.72,5000.0,496363.72,14600.0,73,20,14,29,0.0
weekly_one,daily_minimum_retain_31900,5000,0,443000.0,101526.53,544526.53,5000.0,549526.53,15000.0,75,20,87,179,0.0
weekly_one,weekly_excess_retain_31600,5000,0,453735.95,90590.51,544326.46,5000.0,549326.46,15200.0,76,20,86,179,0.0
weekly_one,monthly_minimum_retain_30000,5000,0,318800.0,225526.53,544326.53,5000.0,549326.53,15200.0,76,20,86,179,0.0
quarterly_one,daily_minimum_retain_31900,5000,0,172800.0,40146.34,212946.34,5000.0,217946.34,5400.0,27,9,0,0,3200.0
quarterly_one,weekly_excess_retain_31600,5000,0,177458.55,35487.73,212946.28,5000.0,217946.28,5400.0,27,9,0,0,3200.0
quarterly_one,monthly_minimum_retain_30000,5000,0,129600.0,83346.34,212946.34,5000.0,217946.34,5400.0,27,9,0,0,3200.0
quarterly_three,daily_minimum_retain_31900,5000,0,460900.0,100160.9,561060.9,5000.0,566060.9,10000.0,50,20,1,11,0.0
quarterly_three,weekly_excess_retain_31600,5000,0,472613.69,88447.05,561060.74,5000.0,566060.74,10000.0,50,20,1,11,0.0
quarterly_three,monthly_minimum_retain_30000,5000,0,345000.0,216060.9,561060.9,5000.0,566060.9,10000.0,50,20,1,11,0.0
replace_one,daily_minimum_retain_31900,5000,0,29600.0,4899.95,34499.95,5000.0,39499.95,800.0,4,1,0,0,4200.0
replace_one,weekly_excess_retain_31600,5000,0,30232.96,4266.98,34499.94,5000.0,39499.94,800.0,4,1,0,0,4200.0
replace_one,monthly_minimum_retain_30000,5000,0,23700.0,10799.95,34499.95,5000.0,39499.95,800.0,4,1,0,0,4200.0
replace_five,daily_minimum_retain_31900,5000,0,148000.0,24499.75,172499.75,5000.0,177499.75,4000.0,20,5,0,0,1000.0
replace_five,weekly_excess_retain_31600,5000,0,151164.8,21334.9,172499.7,5000.0,177499.7,4000.0,20,5,0,0,1000.0
replace_five,monthly_minimum_retain_30000,5000,0,118500.0,53999.75,172499.75,5000.0,177499.75,4000.0,20,5,0,0,1000.0
reinvest_50pct,daily_minimum_retain_31900,5000,0,-200.0,0,-200.0,5000.0,4800.0,200.0,1,0,0,0,4800.0
reinvest_50pct,weekly_excess_retain_31600,5000,0,-200.0,0,-200.0,5000.0,4800.0,200.0,1,0,0,0,4800.0
reinvest_50pct,monthly_minimum_retain_30000,5000,0,-200.0,0,-200.0,5000.0,4800.0,200.0,1,0,0,0,4800.0
reinvest_100pct,daily_minimum_retain_31900,5000,0,-200.0,0,-200.0,5000.0,4800.0,200.0,1,0,0,0,4800.0
reinvest_100pct,weekly_excess_retain_31600,5000,0,-200.0,0,-200.0,5000.0,4800.0,200.0,1,0,0,0,4800.0
reinvest_100pct,monthly_minimum_retain_30000,5000,0,-200.0,0,-200.0,5000.0,4800.0,200.0,1,0,0,0,4800.0
reinvest_restart_50pct,daily_minimum_retain_31900,5000,0,227300.0,88635.89,315935.89,5000.0,320935.89,13600.0,68,20,0,719,4200.0
reinvest_restart_50pct,weekly_excess_retain_31600,5000,0,186719.71,94347.69,281067.4,5000.0,286067.4,11600.0,58,20,0,666,4200.0
reinvest_restart_50pct,monthly_minimum_retain_30000,5000,0,213500.0,163126.56,376626.56,5000.0,381626.56,14000.0,70,20,0,743,4200.0
reinvest_restart_100pct,daily_minimum_retain_31900,5000,0,269100.0,73004.82,342104.82,5000.0,347104.82,16800.0,84,20,0,770,4200.0
reinvest_restart_100pct,weekly_excess_retain_31600,5000,0,213511.76,94347.69,307859.45,5000.0,312859.45,18800.0,94,20,0,711,4200.0
reinvest_restart_100pct,monthly_minimum_retain_30000,5000,0,240500.0,189971.51,430471.51,5000.0,435471.51,17000.0,85,20,0,930,4200.0
monthly_one,daily_minimum_retain_31900,5000,200,361600.0,102711.75,464311.75,20600.0,484911.75,12000.0,60,20,0,19,4800.0
monthly_one,weekly_excess_retain_31600,5000,200,373130.03,87940.55,461070.58,20600.0,481670.58,12000.0,60,20,0,19,4800.0
monthly_one,monthly_minimum_retain_30000,5000,200,270000.0,194311.75,464311.75,20600.0,484911.75,12000.0,60,20,0,19,4800.0
monthly_two,daily_minimum_retain_31900,5000,200,485550.0,100420.42,585970.42,20600.0,606570.42,14800.0,74,20,2,42,0.0
monthly_two,weekly_excess_retain_31600,5000,200,497954.68,88015.59,585970.27,20600.0,606570.27,14800.0,74,20,2,42,0.0
monthly_two,monthly_minimum_retain_30000,5000,200,359700.0,226270.42,585970.42,20600.0,606570.42,14800.0,74,20,2,42,0.0
weekly_one,daily_minimum_retain_31900,5000,200,490700.0,98640.13,589340.13,20600.0,609940.13,16600.0,83,20,53,205,0.0
weekly_one,weekly_excess_retain_31600,5000,200,501273.61,87866.39,589140.0,20600.0,609740.0,16800.0,84,20,52,205,0.0
weekly_one,monthly_minimum_retain_30000,5000,200,362700.0,226440.13,589140.13,20600.0,609740.13,16800.0,84,20,52,205,0.0
quarterly_one,daily_minimum_retain_31900,5000,200,172800.0,40146.34,212946.34,20600.0,233546.34,5400.0,27,9,0,0,4800.0
quarterly_one,weekly_excess_retain_31600,5000,200,177458.55,35487.73,212946.28,20600.0,233546.28,5400.0,27,9,0,0,4800.0
quarterly_one,monthly_minimum_retain_30000,5000,200,129600.0,83346.34,212946.34,20600.0,233546.34,5400.0,27,9,0,0,4800.0
quarterly_three,daily_minimum_retain_31900,5000,200,493100.0,99647.41,592747.41,20600.0,613347.41,9000.0,45,20,0,14,4400.0
quarterly_three,weekly_excess_retain_31600,5000,200,505248.4,87498.83,592747.23,20600.0,613347.23,9000.0,45,20,0,14,4400.0
quarterly_three,monthly_minimum_retain_30000,5000,200,369500.0,223247.41,592747.41,20600.0,613347.41,9000.0,45,20,0,14,4400.0
replace_one,daily_minimum_retain_31900,5000,200,29600.0,4899.95,34499.95,20600.0,55099.95,800.0,4,1,0,0,4600.0
replace_one,weekly_excess_retain_31600,5000,200,30232.96,4266.98,34499.94,20600.0,55099.94,800.0,4,1,0,0,4600.0
replace_one,monthly_minimum_retain_30000,5000,200,23700.0,10799.95,34499.95,20600.0,55099.95,800.0,4,1,0,0,4600.0
replace_five,daily_minimum_retain_31900,5000,200,148000.0,24499.75,172499.75,20600.0,193099.75,4000.0,20,5,0,0,1400.0
replace_five,weekly_excess_retain_31600,5000,200,151164.8,21334.9,172499.7,20600.0,193099.7,4000.0,20,5,0,0,1400.0
replace_five,monthly_minimum_retain_30000,5000,200,118500.0,53999.75,172499.75,20600.0,193099.75,4000.0,20,5,0,0,1400.0
reinvest_50pct,daily_minimum_retain_31900,5000,200,-200.0,0,-200.0,20600.0,20400.0,200.0,1,0,0,0,4800.0
reinvest_50pct,weekly_excess_retain_31600,5000,200,-200.0,0,-200.0,20600.0,20400.0,200.0,1,0,0,0,4800.0
reinvest_50pct,monthly_minimum_retain_30000,5000,200,-200.0,0,-200.0,20600.0,20400.0,200.0,1,0,0,0,4800.0
reinvest_100pct,daily_minimum_retain_31900,5000,200,-200.0,0,-200.0,20600.0,20400.0,200.0,1,0,0,0,4800.0
reinvest_100pct,weekly_excess_retain_31600,5000,200,-200.0,0,-200.0,20600.0,20400.0,200.0,1,0,0,0,4800.0
reinvest_100pct,monthly_minimum_retain_30000,5000,200,-200.0,0,-200.0,20600.0,20400.0,200.0,1,0,0,0,4800.0
reinvest_restart_50pct,daily_minimum_retain_31900,5000,200,227300.0,88635.89,315935.89,20600.0,336535.89,13600.0,68,20,0,719,4600.0
reinvest_restart_50pct,weekly_excess_retain_31600,5000,200,186719.71,94347.69,281067.4,20600.0,301667.4,11600.0,58,20,0,666,4600.0
reinvest_restart_50pct,monthly_minimum_retain_30000,5000,200,213500.0,163126.56,376626.56,20600.0,397226.56,14000.0,70,20,0,743,4600.0
reinvest_restart_100pct,daily_minimum_retain_31900,5000,200,269100.0,73004.82,342104.82,20600.0,362704.82,16800.0,84,20,0,770,4600.0
reinvest_restart_100pct,weekly_excess_retain_31600,5000,200,213511.76,94347.69,307859.45,20600.0,328459.45,18800.0,94,20,0,711,4600.0
reinvest_restart_100pct,monthly_minimum_retain_30000,5000,200,240500.0,189971.51,430471.51,20600.0,451071.51,17000.0,85,20,0,930,4600.0
