product,initial_cash,monthly_funding,acquisition,spares,passes,withdrawal,cadence,headroom,reserve,fee,accounts,alive,spares_unused,supply_limited,ongoing,terminal,total,contributions,ending_owner_cash,objective,tested_count,tied_best,boundary_best
legacy_25k,1000,0,monthly_current_slot_replacements,0,1,minimum,daily,4100,29200.0,200.0,60,2,0,1331,243200.0,0,243200.0,1000.0,244200.0,ongoing,90,1,False
legacy_25k,1000,0,monthly_current_slot_replacements,0,1,minimum,calendar_month,4900,30000.0,200.0,58,17,0,1274,163900.0,138387.21,302287.21,1000.0,303287.21,total,90,6,False
legacy_25k,1000,0,monthly_current_slot_replacements,0,2,minimum,daily,3600,28700.0,200.0,68,4,0,491,402300.0,0,402300.0,1000.0,403300.0,ongoing,98,1,False
legacy_25k,1000,0,monthly_current_slot_replacements,0,2,minimum,calendar_month,3200,28300.0,200.0,58,20,0,346,281900.0,182623.11,464523.11,1000.0,465523.11,total,98,1,False
legacy_25k,1000,0,monthly_current_slot_replacements,0,3,maximum,calendar_month,0,25100.0,200.0,5,0,0,94,-1000.0,0,-1000.0,1000.0,0.0,ongoing,86,86,True
legacy_25k,1000,0,monthly_current_slot_replacements,0,3,maximum,calendar_month,0,25100.0,200.0,5,0,0,94,-1000.0,0,-1000.0,1000.0,0.0,total,86,86,True
legacy_25k,1000,0,monthly_current_slot_replacements,0,5,maximum,calendar_month,0,25100.0,200.0,5,0,0,13,-1000.0,0,-1000.0,1000.0,0.0,ongoing,86,86,True
legacy_25k,1000,0,monthly_current_slot_replacements,0,5,maximum,calendar_month,0,25100.0,200.0,5,0,0,13,-1000.0,0,-1000.0,1000.0,0.0,total,86,86,True
legacy_25k,1000,0,monthly_current_slot_replacements,0,10,maximum,calendar_month,0,25100.0,200.0,5,0,0,0,-1000.0,0,-1000.0,1000.0,0.0,ongoing,86,86,True
legacy_25k,1000,0,monthly_current_slot_replacements,0,10,maximum,calendar_month,0,25100.0,200.0,5,0,0,0,-1000.0,0,-1000.0,1000.0,0.0,total,86,86,True
legacy_25k,1000,0,monthly_current_slot_replacements,5,1,minimum,daily,4100,29200.0,200.0,60,2,0,1331,243200.0,0,243200.0,1000.0,244200.0,ongoing,90,1,False
legacy_25k,1000,0,monthly_current_slot_replacements,5,1,minimum,calendar_month,4900,30000.0,200.0,58,17,0,1274,163900.0,138387.21,302287.21,1000.0,303287.21,total,90,6,False
legacy_25k,1000,0,monthly_current_slot_replacements,5,2,maximum,calendar_month,0,25100.0,200.0,5,0,0,2308,-1000.0,0,-1000.0,1000.0,0.0,ongoing,86,86,True
legacy_25k,1000,0,monthly_current_slot_replacements,5,2,maximum,calendar_month,0,25100.0,200.0,5,0,0,2308,-1000.0,0,-1000.0,1000.0,0.0,total,86,86,True
legacy_25k,1000,0,monthly_current_slot_replacements,5,3,maximum,calendar_month,0,25100.0,200.0,5,0,0,76,-1000.0,0,-1000.0,1000.0,0.0,ongoing,86,86,True
legacy_25k,1000,0,monthly_current_slot_replacements,5,3,maximum,calendar_month,0,25100.0,200.0,5,0,0,76,-1000.0,0,-1000.0,1000.0,0.0,total,86,86,True
legacy_25k,1000,0,monthly_current_slot_replacements,5,5,maximum,calendar_month,0,25100.0,200.0,5,0,0,0,-1000.0,0,-1000.0,1000.0,0.0,ongoing,86,86,True
legacy_25k,1000,0,monthly_current_slot_replacements,5,5,maximum,calendar_month,0,25100.0,200.0,5,0,0,0,-1000.0,0,-1000.0,1000.0,0.0,total,86,86,True
legacy_25k,1000,0,monthly_current_slot_replacements,5,10,maximum,calendar_month,0,25100.0,200.0,5,0,0,0,-1000.0,0,-1000.0,1000.0,0.0,ongoing,86,86,True
legacy_25k,1000,0,monthly_current_slot_replacements,5,10,maximum,calendar_month,0,25100.0,200.0,5,0,0,0,-1000.0,0,-1000.0,1000.0,0.0,total,86,86,True
legacy_25k,1000,0,monthly_current_slot_replacements,10,1,minimum,daily,4100,29200.0,200.0,60,2,0,1331,243200.0,0,243200.0,1000.0,244200.0,ongoing,90,1,False
legacy_25k,1000,0,monthly_current_slot_replacements,10,1,minimum,calendar_month,4900,30000.0,200.0,58,17,0,1274,163900.0,138387.21,302287.21,1000.0,303287.21,total,90,6,False
legacy_25k,1000,0,monthly_current_slot_replacements,10,2,maximum,calendar_month,0,25100.0,200.0,5,0,0,2308,-1000.0,0,-1000.0,1000.0,0.0,ongoing,86,86,True
legacy_25k,1000,0,monthly_current_slot_replacements,10,2,maximum,calendar_month,0,25100.0,200.0,5,0,0,2308,-1000.0,0,-1000.0,1000.0,0.0,total,86,86,True
legacy_25k,1000,0,monthly_current_slot_replacements,10,3,maximum,calendar_month,0,25100.0,200.0,5,0,0,76,-1000.0,0,-1000.0,1000.0,0.0,ongoing,86,86,True
legacy_25k,1000,0,monthly_current_slot_replacements,10,3,maximum,calendar_month,0,25100.0,200.0,5,0,0,76,-1000.0,0,-1000.0,1000.0,0.0,total,86,86,True
legacy_25k,1000,0,monthly_current_slot_replacements,10,5,maximum,calendar_month,0,25100.0,200.0,5,0,0,0,-1000.0,0,-1000.0,1000.0,0.0,ongoing,86,86,True
legacy_25k,1000,0,monthly_current_slot_replacements,10,5,maximum,calendar_month,0,25100.0,200.0,5,0,0,0,-1000.0,0,-1000.0,1000.0,0.0,total,86,86,True
legacy_25k,1000,0,monthly_current_slot_replacements,10,10,maximum,calendar_month,0,25100.0,200.0,5,0,0,0,-1000.0,0,-1000.0,1000.0,0.0,ongoing,86,86,True
legacy_25k,1000,0,monthly_current_slot_replacements,10,10,maximum,calendar_month,0,25100.0,200.0,5,0,0,0,-1000.0,0,-1000.0,1000.0,0.0,total,86,86,True
legacy_25k,1000,0,monthly_one,0,1,minimum,daily,4000,29100.0,200.0,61,2,0,0,266650.0,0,266650.0,1000.0,267650.0,ongoing,90,1,False
legacy_25k,1000,0,monthly_one,0,1,minimum,daily,8200,33300.0,200.0,56,17,0,0,203950.0,98737.21,302687.21,1000.0,303687.21,total,90,6,False
legacy_25k,1000,0,weekly_one,0,1,minimum,daily,3600,28700.0,200.0,62,3,0,199,254700.0,0,254700.0,1000.0,255700.0,ongoing,98,1,False
legacy_25k,1000,0,weekly_one,0,1,minimum,calendar_month,2600,27700.0,200.0,64,17,0,209,207200.0,119133.2,326333.2,1000.0,327333.2,total,98,1,False
legacy_25k,1000,0,weekly_one,0,2,maximum,calendar_month,0,25100.0,200.0,5,0,0,4,-1000.0,0,-1000.0,1000.0,0.0,ongoing,70,70,True
legacy_25k,1000,0,weekly_one,0,2,maximum,calendar_month,0,25100.0,200.0,5,0,0,4,-1000.0,0,-1000.0,1000.0,0.0,total,70,70,True
legacy_25k,1000,0,weekly_one,0,3,maximum,calendar_month,0,25100.0,200.0,5,0,0,1,-1000.0,0,-1000.0,1000.0,0.0,ongoing,70,70,True
legacy_25k,1000,0,weekly_one,0,3,maximum,calendar_month,0,25100.0,200.0,5,0,0,1,-1000.0,0,-1000.0,1000.0,0.0,total,70,70,True
legacy_25k,1000,0,weekly_one,0,5,maximum,calendar_month,0,25100.0,200.0,5,0,0,0,-1000.0,0,-1000.0,1000.0,0.0,ongoing,70,70,True
legacy_25k,1000,0,weekly_one,0,5,maximum,calendar_month,0,25100.0,200.0,5,0,0,0,-1000.0,0,-1000.0,1000.0,0.0,total,70,70,True
legacy_25k,1000,200,monthly_current_slot_replacements,0,1,minimum,daily,4100,29200.0,200.0,66,2,0,1207,391100.0,0,391100.0,16600.0,407700.0,ongoing,90,1,False
legacy_25k,1000,200,monthly_current_slot_replacements,0,1,minimum,weekly,6100,31200.0,200.0,60,20,0,1088,360650.0,103661.75,464311.75,16600.0,480911.75,total,90,11,False
legacy_25k,1000,200,monthly_current_slot_replacements,0,2,minimum,daily,3600,28700.0,200.0,78,4,0,692,502250.0,0,502250.0,16600.0,518850.0,ongoing,82,1,False
legacy_25k,1000,200,monthly_current_slot_replacements,0,2,minimum,calendar_month,3100,28200.0,200.0,66,20,0,564,377800.0,195637.84,573437.84,16600.0,590037.84,total,82,2,False
legacy_25k,1000,200,monthly_current_slot_replacements,0,3,minimum,daily,3600,28700.0,200.0,82,6,0,521,516600.0,0,516600.0,16600.0,533200.0,ongoing,82,1,False
legacy_25k,1000,200,monthly_current_slot_replacements,0,3,minimum,calendar_month,3100,28200.0,200.0,64,20,0,385,400200.0,196781.57,596981.57,16600.0,613581.57,total,82,2,False
legacy_25k,1000,200,monthly_current_slot_replacements,0,5,minimum,daily,1800,26900.0,200.0,158,10,0,734,511900.0,0,511900.0,16600.0,528500.0,ongoing,86,1,False
legacy_25k,1000,200,monthly_current_slot_replacements,0,5,minimum,calendar_month,2800,27900.0,200.0,70,20,0,84,375000.0,192042.72,567042.72,16600.0,583642.72,total,86,5,False
legacy_25k,1000,200,monthly_current_slot_replacements,0,10,minimum,weekly,0,25100.0,200.0,211,20,0,394,544800.0,0,544800.0,16600.0,561400.0,ongoing,82,7,True
legacy_25k,1000,200,monthly_current_slot_replacements,0,10,minimum,calendar_month,2800,27900.0,200.0,74,20,0,0,384700.0,191011.69,575711.69,16600.0,592311.69,total,82,5,False
legacy_25k,1000,200,monthly_current_slot_replacements,5,1,minimum,daily,4100,29200.0,200.0,66,2,0,1207,391100.0,0,391100.0,16600.0,407700.0,ongoing,90,1,False
legacy_25k,1000,200,monthly_current_slot_replacements,5,1,minimum,weekly,6100,31200.0,200.0,60,20,0,1088,360650.0,103661.75,464311.75,16600.0,480911.75,total,90,11,False
legacy_25k,1000,200,monthly_current_slot_replacements,5,2,minimum,daily,3600,28700.0,200.0,80,4,0,685,501850.0,0,501850.0,16600.0,518450.0,ongoing,82,1,False
legacy_25k,1000,200,monthly_current_slot_replacements,5,2,minimum,calendar_month,3100,28200.0,200.0,69,20,0,568,377200.0,195733.64,572933.64,16600.0,589533.64,total,82,2,False
legacy_25k,1000,200,monthly_current_slot_replacements,5,3,minimum,daily,3600,28700.0,200.0,88,6,0,529,488350.0,0,488350.0,16600.0,504950.0,ongoing,90,1,False
legacy_25k,1000,200,monthly_current_slot_replacements,5,3,minimum,calendar_month,3300,28400.0,200.0,69,20,0,381,357700.0,200370.89,558070.89,16600.0,574670.89,total,90,2,False
legacy_25k,1000,200,monthly_current_slot_replacements,5,5,minimum,daily,1800,26900.0,200.0,162,10,0,679,520100.0,0,520100.0,16600.0,536700.0,ongoing,86,1,False
legacy_25k,1000,200,monthly_current_slot_replacements,5,5,minimum,calendar_month,3300,28400.0,200.0,70,20,0,25,369000.0,200394.75,569394.75,16600.0,585994.75,total,86,2,False
legacy_25k,1000,200,monthly_current_slot_replacements,5,10,minimum,weekly,0,25100.0,200.0,215,20,0,363,544000.0,0,544000.0,16600.0,560600.0,ongoing,86,7,True
legacy_25k,1000,200,monthly_current_slot_replacements,5,10,minimum,calendar_month,1900,27000.0,200.0,89,20,0,0,403700.0,174241.72,577941.72,16600.0,594541.72,total,86,2,False
legacy_25k,1000,200,monthly_current_slot_replacements,10,1,minimum,daily,4100,29200.0,200.0,66,2,0,1207,391100.0,0,391100.0,16600.0,407700.0,ongoing,90,1,False
legacy_25k,1000,200,monthly_current_slot_replacements,10,1,minimum,weekly,6100,31200.0,200.0,60,20,0,1088,360650.0,103661.75,464311.75,16600.0,480911.75,total,90,11,False
legacy_25k,1000,200,monthly_current_slot_replacements,10,2,minimum,daily,3600,28700.0,200.0,80,4,0,685,501850.0,0,501850.0,16600.0,518450.0,ongoing,82,1,False
legacy_25k,1000,200,monthly_current_slot_replacements,10,2,minimum,calendar_month,3100,28200.0,200.0,69,20,0,568,377200.0,195733.64,572933.64,16600.0,589533.64,total,82,2,False
legacy_25k,1000,200,monthly_current_slot_replacements,10,3,minimum,daily,3600,28700.0,200.0,89,6,0,529,488150.0,0,488150.0,16600.0,504750.0,ongoing,90,1,False
legacy_25k,1000,200,monthly_current_slot_replacements,10,3,minimum,calendar_month,3300,28400.0,200.0,69,20,0,381,357700.0,200370.89,558070.89,16600.0,574670.89,total,90,2,False
legacy_25k,1000,200,monthly_current_slot_replacements,10,5,minimum,daily,1800,26900.0,200.0,166,10,0,686,517300.0,0,517300.0,16600.0,533900.0,ongoing,86,1,False
legacy_25k,1000,200,monthly_current_slot_replacements,10,5,minimum,calendar_month,2800,27900.0,200.0,74,20,0,25,384700.0,191011.69,575711.69,16600.0,592311.69,total,86,5,False
legacy_25k,1000,200,monthly_current_slot_replacements,10,10,minimum,weekly,0,25100.0,200.0,215,20,0,361,544000.0,0,544000.0,16600.0,560600.0,ongoing,86,7,True
legacy_25k,1000,200,monthly_current_slot_replacements,10,10,minimum,calendar_month,1700,26800.0,200.0,102,20,0,96,408100.0,170908.09,579008.09,16600.0,595608.09,total,86,1,False
legacy_25k,1000,200,monthly_one,0,1,minimum,daily,4100,29200.0,200.0,69,2,0,0,387000.0,0,387000.0,16600.0,403600.0,ongoing,90,1,False
legacy_25k,1000,200,monthly_one,0,1,minimum,weekly,6100,31200.0,200.0,60,20,0,0,360650.0,103661.75,464311.75,16600.0,480911.75,total,90,11,False
legacy_25k,1000,200,weekly_one,0,1,minimum,daily,4000,29100.0,200.0,65,3,0,205,416350.0,0,416350.0,16600.0,432950.0,ongoing,90,1,False
legacy_25k,1000,200,weekly_one,0,1,maximum,daily,7600,32700.0,200.0,58,20,0,191,368745.51,120634.69,489380.2,16600.0,505980.2,total,90,1,False
legacy_25k,1000,200,weekly_one,0,2,minimum,daily,3900,29000.0,200.0,79,5,0,58,486750.0,0,486750.0,16600.0,503350.0,ongoing,90,1,False
legacy_25k,1000,200,weekly_one,0,2,minimum,calendar_month,3000,28100.0,200.0,63,20,0,50,399400.0,192203.36,591603.36,16600.0,608203.36,total,90,2,False
legacy_25k,1000,200,weekly_one,0,3,minimum,daily,4000,29100.0,200.0,87,6,0,24,479950.0,0,479950.0,16600.0,496550.0,ongoing,90,1,False
legacy_25k,1000,200,weekly_one,0,3,minimum,calendar_month,2700,27800.0,200.0,76,20,0,21,362800.0,188650.21,551450.21,16600.0,568050.21,total,90,5,False
legacy_25k,1000,200,weekly_one,0,5,minimum,daily,4000,29100.0,200.0,98,8,0,0,484750.0,0,484750.0,16600.0,501350.0,ongoing,82,1,False
legacy_25k,1000,200,weekly_one,0,5,maximum,daily,8400,33500.0,200.0,69,20,0,0,416738.99,135142.88,551881.87,16600.0,568481.87,total,82,1,False
legacy_25k,5000,0,monthly_current_slot_replacements,0,1,minimum,daily,4100,29200.0,200.0,66,2,0,1207,391100.0,0,391100.0,5000.0,396100.0,ongoing,90,1,False
legacy_25k,5000,0,monthly_current_slot_replacements,0,1,minimum,daily,8200,33300.0,200.0,58,20,0,1044,335750.0,128961.75,464711.75,5000.0,469711.75,total,90,2,False
legacy_25k,5000,0,monthly_current_slot_replacements,0,2,minimum,daily,3600,28700.0,200.0,88,4,0,955,435050.0,0,435050.0,5000.0,440050.0,ongoing,90,1,False
legacy_25k,5000,0,monthly_current_slot_replacements,0,2,minimum,calendar_month,2600,27700.0,200.0,74,20,0,731,349200.0,186130.84,535330.84,5000.0,540330.84,total,90,1,False
legacy_25k,5000,0,monthly_current_slot_replacements,0,3,minimum,daily,3600,28700.0,200.0,97,6,0,746,465900.0,0,465900.0,5000.0,470900.0,ongoing,90,1,False
legacy_25k,5000,0,monthly_current_slot_replacements,0,3,minimum,calendar_month,1400,26500.0,200.0,101,20,0,567,393200.0,164957.66,558157.66,5000.0,563157.66,total,90,3,False
legacy_25k,5000,0,monthly_current_slot_replacements,0,5,minimum,weekly,1500,26600.0,200.0,171,10,0,587,521800.0,0,521800.0,5000.0,526800.0,ongoing,90,1,False
legacy_25k,5000,0,monthly_current_slot_replacements,0,5,minimum,calendar_month,3300,28400.0,200.0,74,20,0,427,365700.0,201498.51,567198.51,5000.0,572198.51,total,90,2,False
legacy_25k,5000,0,monthly_current_slot_replacements,0,10,minimum,weekly,0,25100.0,200.0,233,20,0,306,604400.0,0,604400.0,5000.0,609400.0,ongoing,86,7,True
legacy_25k,5000,0,monthly_current_slot_replacements,0,10,minimum,calendar_month,1900,27000.0,200.0,83,20,0,22,479400.0,166996.43,646396.43,5000.0,651396.43,total,86,1,False
legacy_25k,5000,0,monthly_current_slot_replacements,5,1,minimum,daily,4100,29200.0,200.0,66,2,0,1207,391100.0,0,391100.0,5000.0,396100.0,ongoing,90,1,False
legacy_25k,5000,0,monthly_current_slot_replacements,5,1,minimum,daily,8200,33300.0,200.0,58,20,0,1044,335750.0,128961.75,464711.75,5000.0,469711.75,total,90,2,False
legacy_25k,5000,0,monthly_current_slot_replacements,5,2,minimum,daily,3600,28700.0,200.0,90,4,0,976,433700.0,0,433700.0,5000.0,438700.0,ongoing,82,1,False
legacy_25k,5000,0,monthly_current_slot_replacements,5,2,minimum,calendar_month,3300,28400.0,200.0,75,20,0,811,314500.0,196204.43,510704.43,5000.0,515704.43,total,82,2,False
legacy_25k,5000,0,monthly_current_slot_replacements,5,3,minimum,daily,3700,28800.0,200.0,93,6,0,683,471700.0,0,471700.0,5000.0,476700.0,ongoing,82,1,False
legacy_25k,5000,0,monthly_current_slot_replacements,5,3,minimum,calendar_month,0,25100.0,200.0,129,20,0,697,377550.0,158934.35,536484.35,5000.0,541484.35,total,82,7,True
legacy_25k,5000,0,monthly_current_slot_replacements,5,5,minimum,daily,2400,27500.0,200.0,162,10,0,417,556600.0,0,556600.0,5000.0,561600.0,ongoing,94,1,False
legacy_25k,5000,0,monthly_current_slot_replacements,5,5,minimum,calendar_month,2100,27200.0,200.0,95,20,0,141,449000.0,175386.3,624386.3,5000.0,629386.3,total,94,1,False
legacy_25k,5000,0,monthly_current_slot_replacements,5,10,minimum,weekly,0,25100.0,200.0,234,20,0,266,609200.0,0,609200.0,5000.0,614200.0,ongoing,82,7,True
legacy_25k,5000,0,monthly_current_slot_replacements,5,10,minimum,calendar_month,1900,27000.0,200.0,82,20,0,9,479100.0,167328.91,646428.91,5000.0,651428.91,total,82,1,False
legacy_25k,5000,0,monthly_current_slot_replacements,10,1,minimum,daily,4100,29200.0,200.0,66,2,0,1207,391100.0,0,391100.0,5000.0,396100.0,ongoing,90,1,False
legacy_25k,5000,0,monthly_current_slot_replacements,10,1,minimum,daily,8200,33300.0,200.0,58,20,0,1044,335750.0,128961.75,464711.75,5000.0,469711.75,total,90,2,False
legacy_25k,5000,0,monthly_current_slot_replacements,10,2,minimum,daily,3600,28700.0,200.0,90,4,0,976,433700.0,0,433700.0,5000.0,438700.0,ongoing,82,1,False
legacy_25k,5000,0,monthly_current_slot_replacements,10,2,minimum,calendar_month,3300,28400.0,200.0,75,20,0,811,314500.0,196204.43,510704.43,5000.0,515704.43,total,82,2,False
legacy_25k,5000,0,monthly_current_slot_replacements,10,3,minimum,daily,3700,28800.0,200.0,93,6,0,683,471700.0,0,471700.0,5000.0,476700.0,ongoing,94,1,False
legacy_25k,5000,0,monthly_current_slot_replacements,10,3,minimum,calendar_month,3300,28400.0,200.0,69,20,0,484,356200.0,200584.78,556784.78,5000.0,561784.78,total,94,2,False
legacy_25k,5000,0,monthly_current_slot_replacements,10,5,minimum,daily,2400,27500.0,200.0,162,10,0,417,556600.0,0,556600.0,5000.0,561600.0,ongoing,94,1,False
legacy_25k,5000,0,monthly_current_slot_replacements,10,5,minimum,calendar_month,2100,27200.0,200.0,95,20,0,141,449000.0,175386.3,624386.3,5000.0,629386.3,total,94,1,False
legacy_25k,5000,0,monthly_current_slot_replacements,10,10,minimum,weekly,0,25100.0,200.0,234,20,0,266,609200.0,0,609200.0,5000.0,614200.0,ongoing,82,7,True
legacy_25k,5000,0,monthly_current_slot_replacements,10,10,minimum,calendar_month,1900,27000.0,200.0,82,20,0,9,479100.0,167328.91,646428.91,5000.0,651428.91,total,82,1,False
legacy_25k,5000,0,monthly_one,0,1,minimum,daily,4100,29200.0,200.0,69,2,0,0,387000.0,0,387000.0,5000.0,392000.0,ongoing,90,1,False
legacy_25k,5000,0,monthly_one,0,1,minimum,daily,8200,33300.0,200.0,57,20,0,0,335950.0,128961.75,464911.75,5000.0,469911.75,total,90,2,False
legacy_25k,5000,0,weekly_one,0,1,minimum,daily,4000,29100.0,200.0,65,3,0,205,416350.0,0,416350.0,5000.0,421350.0,ongoing,90,1,False
legacy_25k,5000,0,weekly_one,0,1,minimum,daily,7700,32800.0,200.0,56,20,0,185,369800.0,119980.17,489780.17,5000.0,494780.17,total,90,9,False
legacy_25k,5000,0,weekly_one,0,2,minimum,daily,3900,29000.0,200.0,89,5,0,96,423300.0,0,423300.0,5000.0,428300.0,ongoing,82,1,False
legacy_25k,5000,0,weekly_one,0,2,minimum,calendar_month,3000,28100.0,200.0,76,20,0,79,338800.0,191327.75,530127.75,5000.0,535127.75,total,82,2,False
legacy_25k,5000,0,weekly_one,0,3,minimum,daily,3600,28700.0,200.0,99,6,0,36,447400.0,0,447400.0,5000.0,452400.0,ongoing,82,1,False
legacy_25k,5000,0,weekly_one,0,3,minimum,calendar_month,3000,28100.0,200.0,81,20,0,34,350800.0,193045.96,543845.96,5000.0,548845.96,total,82,2,False
legacy_25k,5000,0,weekly_one,0,5,minimum,daily,3700,28800.0,200.0,114,8,0,0,489650.0,0,489650.0,5000.0,494650.0,ongoing,82,1,False
legacy_25k,5000,0,weekly_one,0,5,minimum,calendar_month,3000,28100.0,200.0,86,20,0,0,388200.0,193396.36,581596.36,5000.0,586596.36,total,82,2,False
legacy_25k,5000,200,monthly_current_slot_replacements,0,1,minimum,daily,4100,29200.0,200.0,66,2,0,1207,391100.0,0,391100.0,20600.0,411700.0,ongoing,90,1,False
legacy_25k,5000,200,monthly_current_slot_replacements,0,1,minimum,weekly,6100,31200.0,200.0,60,20,0,1088,360650.0,103661.75,464311.75,20600.0,484911.75,total,90,11,False
legacy_25k,5000,200,monthly_current_slot_replacements,0,2,minimum,daily,4000,29100.0,200.0,74,4,0,587,519350.0,0,519350.0,20600.0,539950.0,ongoing,82,1,False
legacy_25k,5000,200,monthly_current_slot_replacements,0,2,maximum,daily,7600,32700.0,200.0,64,20,0,468,469379.45,117232.68,586612.13,20600.0,607212.13,total,82,9,False
legacy_25k,5000,200,monthly_current_slot_replacements,0,3,minimum,daily,3600,28700.0,200.0,88,6,0,451,551200.0,0,551200.0,20600.0,571800.0,ongoing,82,1,False
legacy_25k,5000,200,monthly_current_slot_replacements,0,3,minimum,calendar_month,3300,28400.0,200.0,72,20,0,322,415100.0,196790.24,611890.24,20600.0,632490.24,total,82,2,False
legacy_25k,5000,200,monthly_current_slot_replacements,0,5,minimum,daily,2400,27500.0,200.0,160,10,0,473,545500.0,0,545500.0,20600.0,566100.0,ongoing,98,1,False
legacy_25k,5000,200,monthly_current_slot_replacements,0,5,minimum,calendar_month,2600,27700.0,200.0,92,20,0,194,422600.0,186867.54,609467.54,20600.0,630067.54,total,98,1,False
legacy_25k,5000,200,monthly_current_slot_replacements,0,10,minimum,weekly,0,25100.0,200.0,233,20,0,306,604400.0,0,604400.0,20600.0,625000.0,ongoing,82,7,True
legacy_25k,5000,200,monthly_current_slot_replacements,0,10,minimum,calendar_month,2800,27900.0,200.0,73,20,0,22,465450.0,184571.7,650021.7,20600.0,670621.7,total,82,5,False
legacy_25k,5000,200,monthly_current_slot_replacements,5,1,minimum,daily,4100,29200.0,200.0,66,2,0,1207,391100.0,0,391100.0,20600.0,411700.0,ongoing,90,1,False
legacy_25k,5000,200,monthly_current_slot_replacements,5,1,minimum,weekly,6100,31200.0,200.0,60,20,0,1088,360650.0,103661.75,464311.75,20600.0,484911.75,total,90,11,False
legacy_25k,5000,200,monthly_current_slot_replacements,5,2,minimum,daily,4000,29100.0,200.0,85,4,0,568,527100.0,0,527100.0,20600.0,547700.0,ongoing,90,1,False
legacy_25k,5000,200,monthly_current_slot_replacements,5,2,minimum,calendar_month,3300,28400.0,200.0,75,20,0,445,396500.0,197540.82,594040.82,20600.0,614640.82,total,90,2,False
legacy_25k,5000,200,monthly_current_slot_replacements,5,3,minimum,daily,3600,28700.0,200.0,109,6,0,567,523650.0,0,523650.0,20600.0,544250.0,ongoing,82,1,False
legacy_25k,5000,200,monthly_current_slot_replacements,5,3,minimum,calendar_month,2600,27700.0,200.0,91,20,0,327,420800.0,187291.66,608091.66,20600.0,628691.66,total,82,1,False
legacy_25k,5000,200,monthly_current_slot_replacements,5,5,minimum,daily,3600,28700.0,200.0,102,10,0,182,586900.0,0,586900.0,20600.0,607500.0,ongoing,90,1,False
legacy_25k,5000,200,monthly_current_slot_replacements,5,5,minimum,calendar_month,2800,27900.0,200.0,75,20,0,53,462550.0,183993.61,646543.61,20600.0,667143.61,total,90,7,False
legacy_25k,5000,200,monthly_current_slot_replacements,5,10,minimum,weekly,0,25100.0,200.0,234,20,0,266,609200.0,0,609200.0,20600.0,629800.0,ongoing,94,7,True
legacy_25k,5000,200,monthly_current_slot_replacements,5,10,minimum,calendar_month,2800,27900.0,200.0,73,20,0,9,466450.0,184539.62,650989.62,20600.0,671589.62,total,94,2,False
legacy_25k,5000,200,monthly_current_slot_replacements,10,1,minimum,daily,4100,29200.0,200.0,66,2,0,1207,391100.0,0,391100.0,20600.0,411700.0,ongoing,90,1,False
legacy_25k,5000,200,monthly_current_slot_replacements,10,1,minimum,weekly,6100,31200.0,200.0,60,20,0,1088,360650.0,103661.75,464311.75,20600.0,484911.75,total,90,11,False
legacy_25k,5000,200,monthly_current_slot_replacements,10,2,minimum,daily,4000,29100.0,200.0,85,4,0,568,527100.0,0,527100.0,20600.0,547700.0,ongoing,90,1,False
legacy_25k,5000,200,monthly_current_slot_replacements,10,2,minimum,calendar_month,3300,28400.0,200.0,75,20,0,445,396500.0,197540.82,594040.82,20600.0,614640.82,total,90,2,False
legacy_25k,5000,200,monthly_current_slot_replacements,10,3,minimum,daily,4000,29100.0,200.0,102,6,0,494,517600.0,0,517600.0,20600.0,538200.0,ongoing,82,1,False
legacy_25k,5000,200,monthly_current_slot_replacements,10,3,minimum,calendar_month,2600,27700.0,200.0,96,20,0,349,412300.0,187799.02,600099.02,20600.0,620699.02,total,82,1,False
legacy_25k,5000,200,monthly_current_slot_replacements,10,5,minimum,daily,3600,28700.0,200.0,102,10,0,182,586900.0,0,586900.0,20600.0,607500.0,ongoing,90,1,False
legacy_25k,5000,200,monthly_current_slot_replacements,10,5,minimum,calendar_month,2800,27900.0,200.0,75,20,0,53,462550.0,183993.61,646543.61,20600.0,667143.61,total,90,7,False
legacy_25k,5000,200,monthly_current_slot_replacements,10,10,minimum,weekly,0,25100.0,200.0,234,20,0,266,609200.0,0,609200.0,20600.0,629800.0,ongoing,94,7,True
legacy_25k,5000,200,monthly_current_slot_replacements,10,10,minimum,calendar_month,2800,27900.0,200.0,73,20,0,9,466450.0,184539.62,650989.62,20600.0,671589.62,total,94,2,False
legacy_25k,5000,200,monthly_one,0,1,minimum,daily,4100,29200.0,200.0,69,2,0,0,387000.0,0,387000.0,20600.0,407600.0,ongoing,90,1,False
legacy_25k,5000,200,monthly_one,0,1,minimum,weekly,6100,31200.0,200.0,60,20,0,0,360650.0,103661.75,464311.75,20600.0,484911.75,total,90,11,False
legacy_25k,5000,200,weekly_one,0,1,minimum,daily,4000,29100.0,200.0,65,3,0,205,416350.0,0,416350.0,20600.0,436950.0,ongoing,90,1,False
legacy_25k,5000,200,weekly_one,0,1,minimum,weekly,6100,31200.0,200.0,58,20,0,191,386750.0,102630.17,489380.17,20600.0,509980.17,total,90,13,False
legacy_25k,5000,200,weekly_one,0,2,minimum,daily,4000,29100.0,200.0,81,5,0,85,538650.0,0,538650.0,20600.0,559250.0,ongoing,82,1,False
legacy_25k,5000,200,weekly_one,0,2,minimum,calendar_month,3300,28400.0,200.0,71,20,0,77,406300.0,196907.93,603207.93,20600.0,623807.93,total,82,2,False
legacy_25k,5000,200,weekly_one,0,3,minimum,daily,3900,29000.0,200.0,107,6,0,37,502550.0,0,502550.0,20600.0,523150.0,ongoing,82,1,False
legacy_25k,5000,200,weekly_one,0,3,minimum,calendar_month,3000,28100.0,200.0,86,20,0,29,403300.0,192685.72,595985.72,20600.0,616585.72,total,82,2,False
legacy_25k,5000,200,weekly_one,0,5,minimum,daily,3900,29000.0,200.0,109,8,0,0,534200.0,0,534200.0,20600.0,554800.0,ongoing,86,1,False
legacy_25k,5000,200,weekly_one,0,5,minimum,calendar_month,3000,28100.0,200.0,76,20,0,0,440700.0,189862.86,630562.86,20600.0,651162.86,total,86,2,False
legacy_50k,1000,0,monthly_current_slot_replacements,0,1,minimum,daily,3600,53700.0,250.0,49,4,0,1211,344350.0,0,344350.0,1000.0,345350.0,ongoing,90,1,False
legacy_50k,1000,0,monthly_current_slot_replacements,0,1,maximum,weekly,8000,58100.0,250.0,35,20,0,1068,294952.57,123369.68,418322.25,1000.0,419322.25,total,90,2,False
legacy_50k,1000,0,monthly_current_slot_replacements,0,2,minimum,daily,3000,53100.0,250.0,55,6,0,352,428750.0,0,428750.0,1000.0,429750.0,ongoing,98,1,False
legacy_50k,1000,0,monthly_current_slot_replacements,0,2,minimum,calendar_month,2600,52700.0,250.0,43,20,0,221,305750.0,185432.3,491182.3,1000.0,492182.3,total,98,2,False
legacy_50k,1000,0,monthly_current_slot_replacements,0,3,minimum,daily,3300,53400.0,250.0,58,9,0,215,453700.0,0,453700.0,1000.0,454700.0,ongoing,86,1,False
legacy_50k,1000,0,monthly_current_slot_replacements,0,3,minimum,calendar_month,2600,52700.0,250.0,42,20,0,85,323000.0,189400.14,512400.14,1000.0,513400.14,total,86,2,False
legacy_50k,1000,0,monthly_current_slot_replacements,0,5,minimum,daily,3300,53400.0,250.0,67,15,0,146,467050.0,0,467050.0,1000.0,468050.0,ongoing,86,1,False
legacy_50k,1000,0,monthly_current_slot_replacements,0,5,minimum,calendar_month,2600,52700.0,250.0,41,20,0,15,334250.0,190348.83,524598.83,1000.0,525598.83,total,86,2,False
legacy_50k,1000,0,monthly_current_slot_replacements,0,10,minimum,daily,3300,53400.0,250.0,72,20,0,55,469000.0,0,469000.0,1000.0,470000.0,ongoing,86,1,False
legacy_50k,1000,0,monthly_current_slot_replacements,0,10,minimum,calendar_month,3100,53200.0,250.0,38,20,0,0,332000.0,198385.53,530385.53,1000.0,531385.53,total,86,2,False
legacy_50k,1000,0,monthly_current_slot_replacements,5,1,minimum,daily,3600,53700.0,250.0,49,4,0,1211,344350.0,0,344350.0,1000.0,345350.0,ongoing,90,1,False
legacy_50k,1000,0,monthly_current_slot_replacements,5,1,maximum,weekly,8000,58100.0,250.0,35,20,0,1011,308404.87,123238.1,431642.97,1000.0,432642.97,total,90,2,False
legacy_50k,1000,0,monthly_current_slot_replacements,5,2,minimum,daily,3000,53100.0,250.0,55,6,0,230,457800.0,0,457800.0,1000.0,458800.0,ongoing,86,1,False
legacy_50k,1000,0,monthly_current_slot_replacements,5,2,minimum,calendar_month,2600,52700.0,250.0,43,20,0,130,320250.0,189216.56,509466.56,1000.0,510466.56,total,86,2,False
legacy_50k,1000,0,monthly_current_slot_replacements,5,3,minimum,daily,3300,53400.0,250.0,57,9,0,151,466700.0,0,466700.0,1000.0,467700.0,ongoing,86,1,False
legacy_50k,1000,0,monthly_current_slot_replacements,5,3,minimum,calendar_month,3100,53200.0,250.0,39,20,0,7,325750.0,197824.67,523574.67,1000.0,524574.67,total,86,2,False
legacy_50k,1000,0,monthly_current_slot_replacements,5,5,minimum,daily,3300,53400.0,250.0,67,15,0,130,465250.0,0,465250.0,1000.0,466250.0,ongoing,86,1,False
legacy_50k,1000,0,monthly_current_slot_replacements,5,5,minimum,calendar_month,3100,53200.0,250.0,38,20,0,0,332000.0,198385.53,530385.53,1000.0,531385.53,total,86,2,False
legacy_50k,1000,0,monthly_current_slot_replacements,5,10,minimum,daily,3300,53400.0,250.0,72,20,0,55,469000.0,0,469000.0,1000.0,470000.0,ongoing,86,1,False
legacy_50k,1000,0,monthly_current_slot_replacements,5,10,minimum,calendar_month,3100,53200.0,250.0,38,20,0,0,332000.0,198385.53,530385.53,1000.0,531385.53,total,86,2,False
legacy_50k,1000,0,monthly_current_slot_replacements,10,1,minimum,daily,3600,53700.0,250.0,49,4,0,1211,344350.0,0,344350.0,1000.0,345350.0,ongoing,90,1,False
legacy_50k,1000,0,monthly_current_slot_replacements,10,1,maximum,weekly,8000,58100.0,250.0,35,20,0,1011,308404.87,123238.1,431642.97,1000.0,432642.97,total,90,2,False
legacy_50k,1000,0,monthly_current_slot_replacements,10,2,minimum,daily,3000,53100.0,250.0,55,6,0,230,457800.0,0,457800.0,1000.0,458800.0,ongoing,86,1,False
legacy_50k,1000,0,monthly_current_slot_replacements,10,2,minimum,calendar_month,2600,52700.0,250.0,43,20,0,130,320250.0,189216.56,509466.56,1000.0,510466.56,total,86,2,False
legacy_50k,1000,0,monthly_current_slot_replacements,10,3,minimum,daily,3300,53400.0,250.0,57,9,0,136,466250.0,0,466250.0,1000.0,467250.0,ongoing,86,1,False
legacy_50k,1000,0,monthly_current_slot_replacements,10,3,minimum,calendar_month,3100,53200.0,250.0,39,20,0,7,325750.0,197824.67,523574.67,1000.0,524574.67,total,86,2,False
legacy_50k,1000,0,monthly_current_slot_replacements,10,5,minimum,daily,3300,53400.0,250.0,67,15,0,130,465250.0,0,465250.0,1000.0,466250.0,ongoing,86,1,False
legacy_50k,1000,0,monthly_current_slot_replacements,10,5,minimum,calendar_month,3100,53200.0,250.0,38,20,0,0,332000.0,198385.53,530385.53,1000.0,531385.53,total,86,2,False
legacy_50k,1000,0,monthly_current_slot_replacements,10,10,minimum,daily,3300,53400.0,250.0,72,20,0,55,469000.0,0,469000.0,1000.0,470000.0,ongoing,86,1,False
legacy_50k,1000,0,monthly_current_slot_replacements,10,10,minimum,calendar_month,3100,53200.0,250.0,38,20,0,0,332000.0,198385.53,530385.53,1000.0,531385.53,total,86,2,False
legacy_50k,1000,0,monthly_one,0,1,minimum,daily,4000,54100.0,250.0,43,3,0,0,368100.0,0,368100.0,1000.0,369100.0,ongoing,90,1,False
legacy_50k,1000,0,monthly_one,0,1,minimum,daily,8300,58400.0,250.0,34,20,0,0,284650.0,133922.26,418572.26,1000.0,419572.26,total,90,2,False
legacy_50k,1000,0,weekly_one,0,1,minimum,daily,3700,53800.0,250.0,48,3,0,146,346600.0,0,346600.0,1000.0,347600.0,ongoing,98,1,False
legacy_50k,1000,0,weekly_one,0,1,minimum,calendar_month,3000,53100.0,250.0,45,20,0,139,265750.0,160283.66,426033.66,1000.0,427033.66,total,98,2,False
legacy_50k,1000,0,weekly_one,0,2,maximum,calendar_month,0,50100.0,250.0,4,0,0,4,-1000.0,0,-1000.0,1000.0,0.0,ongoing,70,70,True
legacy_50k,1000,0,weekly_one,0,2,maximum,calendar_month,0,50100.0,250.0,4,0,0,4,-1000.0,0,-1000.0,1000.0,0.0,total,70,70,True
legacy_50k,1000,0,weekly_one,0,3,maximum,calendar_month,0,50100.0,250.0,4,0,0,1,-1000.0,0,-1000.0,1000.0,0.0,ongoing,70,70,True
legacy_50k,1000,0,weekly_one,0,3,maximum,calendar_month,0,50100.0,250.0,4,0,0,1,-1000.0,0,-1000.0,1000.0,0.0,total,70,70,True
legacy_50k,1000,0,weekly_one,0,5,maximum,calendar_month,0,50100.0,250.0,4,0,0,0,-1000.0,0,-1000.0,1000.0,0.0,ongoing,70,70,True
legacy_50k,1000,0,weekly_one,0,5,maximum,calendar_month,0,50100.0,250.0,4,0,0,0,-1000.0,0,-1000.0,1000.0,0.0,total,70,70,True
legacy_50k,1000,200,monthly_current_slot_replacements,0,1,minimum,daily,3600,53700.0,250.0,58,3,0,1082,439350.0,0,439350.0,16600.0,455950.0,ongoing,90,1,False
legacy_50k,1000,200,monthly_current_slot_replacements,0,1,maximum,calendar_month,7600,57700.0,250.0,49,20,0,922,379451.3,127787.18,507238.48,16600.0,523838.48,total,90,11,False
legacy_50k,1000,200,monthly_current_slot_replacements,0,2,minimum,daily,3700,53800.0,250.0,65,6,0,685,490150.0,0,490150.0,16600.0,506750.0,ongoing,82,1,False
legacy_50k,1000,200,monthly_current_slot_replacements,0,2,minimum,calendar_month,2600,52700.0,250.0,60,20,0,512,380500.0,188823.51,569323.51,16600.0,585923.51,total,82,2,False
legacy_50k,1000,200,monthly_current_slot_replacements,0,3,minimum,daily,3700,53800.0,250.0,68,9,0,557,517000.0,0,517000.0,16600.0,533600.0,ongoing,82,1,False
legacy_50k,1000,200,monthly_current_slot_replacements,0,3,minimum,calendar_month,2900,53000.0,250.0,56,20,0,374,391500.0,192184.53,583684.53,16600.0,600284.53,total,82,2,False
legacy_50k,1000,200,monthly_current_slot_replacements,0,5,minimum,daily,2400,52500.0,250.0,117,15,0,352,565750.0,0,565750.0,16600.0,582350.0,ongoing,86,1,False
legacy_50k,1000,200,monthly_current_slot_replacements,0,5,minimum,calendar_month,2900,53000.0,250.0,56,20,0,219,409500.0,190065.09,599565.09,16600.0,616165.09,total,86,2,False
legacy_50k,1000,200,monthly_current_slot_replacements,0,10,minimum,daily,0,50100.0,250.0,162,20,0,203,578500.0,0,578500.0,16600.0,595100.0,ongoing,82,9,True
legacy_50k,1000,200,monthly_current_slot_replacements,0,10,minimum,calendar_month,2900,53000.0,250.0,55,20,0,1,416250.0,190249.41,606499.41,16600.0,623099.41,total,82,2,False
legacy_50k,1000,200,monthly_current_slot_replacements,5,1,minimum,daily,3600,53700.0,250.0,58,3,0,1082,439350.0,0,439350.0,16600.0,455950.0,ongoing,90,1,False
legacy_50k,1000,200,monthly_current_slot_replacements,5,1,maximum,calendar_month,7600,57700.0,250.0,49,20,0,922,379451.3,127787.18,507238.48,16600.0,523838.48,total,90,11,False
legacy_50k,1000,200,monthly_current_slot_replacements,5,2,minimum,daily,4000,54100.0,250.0,60,6,0,557,505800.0,0,505800.0,16600.0,522400.0,ongoing,82,1,False
legacy_50k,1000,200,monthly_current_slot_replacements,5,2,minimum,calendar_month,2900,53000.0,250.0,54,20,0,359,390500.0,191809.75,582309.75,16600.0,598909.75,total,82,2,False
legacy_50k,1000,200,monthly_current_slot_replacements,5,3,minimum,daily,3700,53800.0,250.0,68,9,0,453,532550.0,0,532550.0,16600.0,549150.0,ongoing,90,1,False
legacy_50k,1000,200,monthly_current_slot_replacements,5,3,minimum,calendar_month,2900,53000.0,250.0,56,20,0,296,404000.0,190603.57,594603.57,16600.0,611203.57,total,90,2,False
legacy_50k,1000,200,monthly_current_slot_replacements,5,5,minimum,daily,2400,52500.0,250.0,119,15,0,324,560250.0,0,560250.0,16600.0,576850.0,ongoing,86,1,False
legacy_50k,1000,200,monthly_current_slot_replacements,5,5,minimum,calendar_month,2900,53000.0,250.0,56,20,0,203,413500.0,189904.23,603404.23,16600.0,620004.23,total,86,2,False
legacy_50k,1000,200,monthly_current_slot_replacements,5,10,minimum,weekly,0,50100.0,250.0,130,20,0,99,580500.0,0,580500.0,16600.0,597100.0,ongoing,86,9,True
legacy_50k,1000,200,monthly_current_slot_replacements,5,10,minimum,calendar_month,2900,53000.0,250.0,55,20,0,0,415750.0,190572.7,606322.7,16600.0,622922.7,total,86,2,False
legacy_50k,1000,200,monthly_current_slot_replacements,10,1,minimum,daily,3600,53700.0,250.0,58,3,0,1082,439350.0,0,439350.0,16600.0,455950.0,ongoing,90,1,False
legacy_50k,1000,200,monthly_current_slot_replacements,10,1,maximum,calendar_month,7600,57700.0,250.0,49,20,0,922,379451.3,127787.18,507238.48,16600.0,523838.48,total,90,11,False
legacy_50k,1000,200,monthly_current_slot_replacements,10,2,minimum,daily,4000,54100.0,250.0,60,6,0,557,505800.0,0,505800.0,16600.0,522400.0,ongoing,82,1,False
legacy_50k,1000,200,monthly_current_slot_replacements,10,2,minimum,calendar_month,2900,53000.0,250.0,54,20,0,359,390500.0,191809.75,582309.75,16600.0,598909.75,total,82,2,False
legacy_50k,1000,200,monthly_current_slot_replacements,10,3,minimum,daily,3700,53800.0,250.0,68,9,0,453,532550.0,0,532550.0,16600.0,549150.0,ongoing,90,1,False
legacy_50k,1000,200,monthly_current_slot_replacements,10,3,minimum,calendar_month,2900,53000.0,250.0,56,20,0,296,404000.0,190603.57,594603.57,16600.0,611203.57,total,90,2,False
legacy_50k,1000,200,monthly_current_slot_replacements,10,5,minimum,daily,2400,52500.0,250.0,119,15,0,324,560250.0,0,560250.0,16600.0,576850.0,ongoing,86,1,False
legacy_50k,1000,200,monthly_current_slot_replacements,10,5,minimum,calendar_month,2900,53000.0,250.0,56,20,0,203,413500.0,189904.23,603404.23,16600.0,620004.23,total,86,2,False
legacy_50k,1000,200,monthly_current_slot_replacements,10,10,minimum,weekly,0,50100.0,250.0,130,20,0,99,580500.0,0,580500.0,16600.0,597100.0,ongoing,86,9,True
legacy_50k,1000,200,monthly_current_slot_replacements,10,10,minimum,calendar_month,2900,53000.0,250.0,55,20,0,0,415750.0,190572.7,606322.7,16600.0,622922.7,total,86,2,False
legacy_50k,1000,200,monthly_one,0,1,minimum,daily,3600,53700.0,250.0,57,3,0,0,439600.0,0,439600.0,16600.0,456200.0,ongoing,90,1,False
legacy_50k,1000,200,monthly_one,0,1,maximum,daily,7600,57700.0,250.0,49,20,0,0,385927.26,121311.23,507238.49,16600.0,523838.49,total,90,9,False
legacy_50k,1000,200,weekly_one,0,1,minimum,daily,4300,54400.0,250.0,54,4,0,165,450800.0,0,450800.0,16600.0,467400.0,ongoing,90,1,False
legacy_50k,1000,200,weekly_one,0,1,maximum,daily,7700,57800.0,250.0,48,20,0,150,400741.52,122477.67,523219.19,16600.0,539819.19,total,90,4,False
legacy_50k,1000,200,weekly_one,0,2,minimum,daily,4300,54400.0,250.0,60,7,0,38,480300.0,2000.0,482300.0,16600.0,498900.0,ongoing,90,1,False
legacy_50k,1000,200,weekly_one,0,2,minimum,calendar_month,3400,53500.0,250.0,51,20,0,36,356750.0,201863.05,558613.05,16600.0,575213.05,total,90,1,False
legacy_50k,1000,200,weekly_one,0,3,minimum,daily,4000,54100.0,250.0,74,8,0,17,485300.0,0,485300.0,16600.0,501900.0,ongoing,90,1,False
legacy_50k,1000,200,weekly_one,0,3,maximum,calendar_month,7800,57900.0,250.0,45,20,0,8,432261.24,129319.44,561580.68,16600.0,578180.68,total,90,1,False
legacy_50k,1000,200,weekly_one,0,5,minimum,daily,4000,54100.0,250.0,78,10,0,0,493300.0,0,493300.0,16600.0,509900.0,ongoing,82,1,False
legacy_50k,1000,200,weekly_one,0,5,maximum,daily,7700,57800.0,250.0,52,20,0,0,442740.67,120508.02,563248.69,16600.0,579848.69,total,82,4,False
legacy_50k,5000,0,monthly_current_slot_replacements,0,1,minimum,daily,3600,53700.0,250.0,56,3,0,1082,437850.0,0,437850.0,5000.0,442850.0,ongoing,90,1,False
legacy_50k,5000,0,monthly_current_slot_replacements,0,1,minimum,calendar_month,2800,52900.0,250.0,52,20,0,953,318000.0,182170.67,500170.67,5000.0,505170.67,total,90,5,False
legacy_50k,5000,0,monthly_current_slot_replacements,0,2,minimum,daily,2800,52900.0,250.0,84,6,0,792,477500.0,0,477500.0,5000.0,482500.0,ongoing,90,1,False
legacy_50k,5000,0,monthly_current_slot_replacements,0,2,minimum,calendar_month,2600,52700.0,250.0,60,20,0,602,366000.0,188729.85,554729.85,5000.0,559729.85,total,90,2,False
legacy_50k,5000,0,monthly_current_slot_replacements,0,3,minimum,daily,0,50100.0,250.0,124,9,0,866,479500.0,0,479500.0,5000.0,484500.0,ongoing,90,9,True
legacy_50k,5000,0,monthly_current_slot_replacements,0,3,minimum,calendar_month,0,50100.0,250.0,66,20,0,489,394500.0,174864.59,569364.59,5000.0,574364.59,total,90,17,True
legacy_50k,5000,0,monthly_current_slot_replacements,0,5,minimum,weekly,0,50100.0,250.0,126,15,0,438,544500.0,0,544500.0,5000.0,549500.0,ongoing,90,17,True
legacy_50k,5000,0,monthly_current_slot_replacements,0,5,minimum,calendar_month,0,50100.0,250.0,63,20,0,281,441250.0,170350.03,611600.03,5000.0,616600.03,total,90,9,True
legacy_50k,5000,0,monthly_current_slot_replacements,0,10,minimum,daily,0,50100.0,250.0,159,20,0,203,596250.0,0,596250.0,5000.0,601250.0,ongoing,86,9,True
legacy_50k,5000,0,monthly_current_slot_replacements,0,10,minimum,calendar_month,0,50100.0,250.0,65,20,0,93,428750.0,172044.87,600794.87,5000.0,605794.87,total,86,17,True
legacy_50k,5000,0,monthly_current_slot_replacements,5,1,minimum,daily,3600,53700.0,250.0,56,3,0,1082,437850.0,0,437850.0,5000.0,442850.0,ongoing,90,1,False
legacy_50k,5000,0,monthly_current_slot_replacements,5,1,minimum,calendar_month,2800,52900.0,250.0,52,20,0,953,318000.0,182170.67,500170.67,5000.0,505170.67,total,90,5,False
legacy_50k,5000,0,monthly_current_slot_replacements,5,2,minimum,daily,3700,53800.0,250.0,69,6,0,788,475550.0,0,475550.0,5000.0,480550.0,ongoing,82,1,False
legacy_50k,5000,0,monthly_current_slot_replacements,5,2,minimum,calendar_month,2900,53000.0,250.0,61,20,0,571,361750.0,193475.45,555225.45,5000.0,560225.45,total,82,2,False
legacy_50k,5000,0,monthly_current_slot_replacements,5,3,minimum,daily,3900,54000.0,250.0,74,9,0,585,504250.0,0,504250.0,5000.0,509250.0,ongoing,82,1,False
legacy_50k,5000,0,monthly_current_slot_replacements,5,3,minimum,calendar_month,0,50100.0,250.0,68,20,0,426,416000.0,173639.89,589639.89,5000.0,594639.89,total,82,9,True
legacy_50k,5000,0,monthly_current_slot_replacements,5,5,minimum,daily,2400,52500.0,250.0,119,15,0,324,570250.0,0,570250.0,5000.0,575250.0,ongoing,94,1,False
legacy_50k,5000,0,monthly_current_slot_replacements,5,5,minimum,calendar_month,3300,53400.0,250.0,52,20,0,378,396000.0,199007.56,595007.56,5000.0,600007.56,total,94,2,False
legacy_50k,5000,0,monthly_current_slot_replacements,5,10,minimum,weekly,0,50100.0,250.0,132,20,0,120,584000.0,0,584000.0,5000.0,589000.0,ongoing,82,9,True
legacy_50k,5000,0,monthly_current_slot_replacements,5,10,minimum,calendar_month,0,50100.0,250.0,65,20,0,71,428750.0,172044.87,600794.87,5000.0,605794.87,total,82,17,True
legacy_50k,5000,0,monthly_current_slot_replacements,10,1,minimum,daily,3600,53700.0,250.0,56,3,0,1082,437850.0,0,437850.0,5000.0,442850.0,ongoing,90,1,False
legacy_50k,5000,0,monthly_current_slot_replacements,10,1,minimum,calendar_month,2800,52900.0,250.0,52,20,0,953,318000.0,182170.67,500170.67,5000.0,505170.67,total,90,5,False
legacy_50k,5000,0,monthly_current_slot_replacements,10,2,minimum,daily,3700,53800.0,250.0,69,6,0,788,475550.0,0,475550.0,5000.0,480550.0,ongoing,82,1,False
legacy_50k,5000,0,monthly_current_slot_replacements,10,2,minimum,calendar_month,2900,53000.0,250.0,61,20,0,571,361750.0,193475.45,555225.45,5000.0,560225.45,total,82,2,False
legacy_50k,5000,0,monthly_current_slot_replacements,10,3,minimum,daily,3900,54000.0,250.0,74,9,0,585,504250.0,0,504250.0,5000.0,509250.0,ongoing,94,1,False
legacy_50k,5000,0,monthly_current_slot_replacements,10,3,minimum,calendar_month,2700,52800.0,250.0,64,20,0,426,395500.0,189381.21,584881.21,5000.0,589881.21,total,94,1,False
legacy_50k,5000,0,monthly_current_slot_replacements,10,5,minimum,daily,2400,52500.0,250.0,119,15,0,324,570250.0,0,570250.0,5000.0,575250.0,ongoing,94,1,False
legacy_50k,5000,0,monthly_current_slot_replacements,10,5,minimum,calendar_month,3300,53400.0,250.0,52,20,0,378,396000.0,199007.56,595007.56,5000.0,600007.56,total,94,2,False
legacy_50k,5000,0,monthly_current_slot_replacements,10,10,minimum,weekly,0,50100.0,250.0,132,20,0,120,584000.0,0,584000.0,5000.0,589000.0,ongoing,82,9,True
legacy_50k,5000,0,monthly_current_slot_replacements,10,10,minimum,calendar_month,0,50100.0,250.0,65,20,0,71,428750.0,172044.87,600794.87,5000.0,605794.87,total,82,17,True
legacy_50k,5000,0,monthly_one,0,1,minimum,daily,3600,53700.0,250.0,54,3,0,0,437350.0,0,437350.0,5000.0,442350.0,ongoing,90,1,False
legacy_50k,5000,0,monthly_one,0,1,minimum,calendar_month,2800,52900.0,250.0,52,20,0,0,318000.0,182170.67,500170.67,5000.0,505170.67,total,90,5,False
legacy_50k,5000,0,weekly_one,0,1,minimum,daily,3900,54000.0,250.0,57,3,0,177,410450.0,0,410450.0,5000.0,415450.0,ongoing,90,1,False
legacy_50k,5000,0,weekly_one,0,1,minimum,calendar_month,2700,52800.0,250.0,51,20,0,163,333250.0,180678.42,513928.42,5000.0,518928.42,total,90,3,False
legacy_50k,5000,0,weekly_one,0,2,minimum,daily,3700,53800.0,250.0,70,5,0,72,446350.0,0,446350.0,5000.0,451350.0,ongoing,82,1,False
legacy_50k,5000,0,weekly_one,0,2,minimum,calendar_month,3000,53100.0,250.0,58,20,0,65,344500.0,195473.18,539973.18,5000.0,544973.18,total,82,2,False
legacy_50k,5000,0,weekly_one,0,3,minimum,daily,3700,53800.0,250.0,76,7,0,28,470600.0,0,470600.0,5000.0,475600.0,ongoing,82,1,False
legacy_50k,5000,0,weekly_one,0,3,minimum,calendar_month,3000,53100.0,250.0,66,20,0,26,354000.0,195247.46,549247.46,5000.0,554247.46,total,82,2,False
legacy_50k,5000,0,weekly_one,0,5,minimum,daily,3800,53900.0,250.0,88,10,0,0,497100.0,0,497100.0,5000.0,502100.0,ongoing,82,1,False
legacy_50k,5000,0,weekly_one,0,5,minimum,calendar_month,3000,53100.0,250.0,63,20,0,0,392150.0,193335.17,585485.17,5000.0,590485.17,total,82,2,False
legacy_50k,5000,200,monthly_current_slot_replacements,0,1,minimum,daily,4000,54100.0,250.0,57,3,0,1048,442550.0,0,442550.0,20600.0,463150.0,ongoing,90,1,False
legacy_50k,5000,200,monthly_current_slot_replacements,0,1,maximum,daily,7600,57700.0,250.0,51,20,0,861,402853.39,120681.87,523535.26,20600.0,544135.26,total,90,9,False
legacy_50k,5000,200,monthly_current_slot_replacements,0,2,minimum,daily,4200,54300.0,250.0,64,8,0,519,539100.0,0,539100.0,20600.0,559700.0,ongoing,82,1,False
legacy_50k,5000,200,monthly_current_slot_replacements,0,2,maximum,daily,8000,58100.0,250.0,52,20,0,374,487897.79,122806.06,610703.85,20600.0,631303.85,total,82,5,False
legacy_50k,5000,200,monthly_current_slot_replacements,0,3,minimum,daily,3600,53700.0,250.0,66,9,0,314,577800.0,0,577800.0,20600.0,598400.0,ongoing,82,1,False
legacy_50k,5000,200,monthly_current_slot_replacements,0,3,minimum,calendar_month,2800,52900.0,250.0,49,20,0,155,452250.0,184203.22,636453.22,20600.0,657053.22,total,82,5,False
legacy_50k,5000,200,monthly_current_slot_replacements,0,5,minimum,daily,2600,52700.0,250.0,110,15,0,351,577000.0,0,577000.0,20600.0,597600.0,ongoing,98,1,False
legacy_50k,5000,200,monthly_current_slot_replacements,0,5,minimum,calendar_month,2800,52900.0,250.0,47,20,0,81,461750.0,183066.43,644816.43,20600.0,665416.43,total,98,3,False
legacy_50k,5000,200,monthly_current_slot_replacements,0,10,minimum,daily,0,50100.0,250.0,156,20,0,203,614500.0,0,614500.0,20600.0,635100.0,ongoing,82,9,True
legacy_50k,5000,200,monthly_current_slot_replacements,0,10,minimum,calendar_month,2800,52900.0,250.0,46,20,0,22,463500.0,182370.39,645870.39,20600.0,666470.39,total,82,3,False
legacy_50k,5000,200,monthly_current_slot_replacements,5,1,minimum,daily,4000,54100.0,250.0,57,3,0,1048,442550.0,0,442550.0,20600.0,463150.0,ongoing,90,1,False
legacy_50k,5000,200,monthly_current_slot_replacements,5,1,maximum,daily,7600,57700.0,250.0,51,20,0,861,402853.39,120681.87,523535.26,20600.0,544135.26,total,90,9,False
legacy_50k,5000,200,monthly_current_slot_replacements,5,2,minimum,daily,3600,53700.0,250.0,67,6,0,386,565300.0,0,565300.0,20600.0,585900.0,ongoing,90,1,False
legacy_50k,5000,200,monthly_current_slot_replacements,5,2,minimum,calendar_month,3100,53200.0,250.0,52,20,0,205,434500.0,194829.72,629329.72,20600.0,649929.72,total,90,2,False
legacy_50k,5000,200,monthly_current_slot_replacements,5,3,minimum,daily,3600,53700.0,250.0,70,9,0,270,571800.0,0,571800.0,20600.0,592400.0,ongoing,82,1,False
legacy_50k,5000,200,monthly_current_slot_replacements,5,3,minimum,calendar_month,2800,52900.0,250.0,47,20,0,80,461750.0,182939.4,644689.4,20600.0,665289.4,total,82,3,False
legacy_50k,5000,200,monthly_current_slot_replacements,5,5,minimum,daily,2600,52700.0,250.0,109,15,0,262,581000.0,0,581000.0,20600.0,601600.0,ongoing,90,1,False
legacy_50k,5000,200,monthly_current_slot_replacements,5,5,minimum,calendar_month,2800,52900.0,250.0,46,20,0,34,463500.0,182586.3,646086.3,20600.0,666686.3,total,90,3,False
legacy_50k,5000,200,monthly_current_slot_replacements,5,10,minimum,daily,2600,52700.0,250.0,109,20,0,92,615750.0,0,615750.0,20600.0,636350.0,ongoing,94,1,False
legacy_50k,5000,200,monthly_current_slot_replacements,5,10,minimum,calendar_month,2600,52700.0,250.0,47,20,0,0,463250.0,182199.62,645449.62,20600.0,666049.62,total,94,2,False
legacy_50k,5000,200,monthly_current_slot_replacements,10,1,minimum,daily,4000,54100.0,250.0,57,3,0,1048,442550.0,0,442550.0,20600.0,463150.0,ongoing,90,1,False
legacy_50k,5000,200,monthly_current_slot_replacements,10,1,maximum,daily,7600,57700.0,250.0,51,20,0,861,402853.39,120681.87,523535.26,20600.0,544135.26,total,90,9,False
legacy_50k,5000,200,monthly_current_slot_replacements,10,2,minimum,daily,3600,53700.0,250.0,69,6,0,441,558900.0,0,558900.0,20600.0,579500.0,ongoing,90,1,False
legacy_50k,5000,200,monthly_current_slot_replacements,10,2,minimum,calendar_month,2800,52900.0,250.0,50,20,0,204,451500.0,184308.02,635808.02,20600.0,656408.02,total,90,3,False
legacy_50k,5000,200,monthly_current_slot_replacements,10,3,minimum,daily,3600,53700.0,250.0,74,9,0,366,565850.0,0,565850.0,20600.0,586450.0,ongoing,82,1,False
legacy_50k,5000,200,monthly_current_slot_replacements,10,3,minimum,calendar_month,2800,52900.0,250.0,48,20,0,84,461500.0,183010.77,644510.77,20600.0,665110.77,total,82,3,False
legacy_50k,5000,200,monthly_current_slot_replacements,10,5,minimum,daily,2600,52700.0,250.0,109,15,0,262,581000.0,0,581000.0,20600.0,601600.0,ongoing,90,1,False
legacy_50k,5000,200,monthly_current_slot_replacements,10,5,minimum,calendar_month,2800,52900.0,250.0,46,20,0,34,463500.0,182586.3,646086.3,20600.0,666686.3,total,90,3,False
legacy_50k,5000,200,monthly_current_slot_replacements,10,10,minimum,daily,2600,52700.0,250.0,109,20,0,92,615750.0,0,615750.0,20600.0,636350.0,ongoing,94,1,False
legacy_50k,5000,200,monthly_current_slot_replacements,10,10,minimum,calendar_month,2600,52700.0,250.0,47,20,0,0,463250.0,182199.62,645449.62,20600.0,666049.62,total,94,2,False
legacy_50k,5000,200,monthly_one,0,1,minimum,daily,4000,54100.0,250.0,56,3,0,0,442800.0,0,442800.0,20600.0,463400.0,ongoing,90,1,False
legacy_50k,5000,200,monthly_one,0,1,maximum,daily,7600,57700.0,250.0,51,20,0,0,398145.19,120681.87,518827.06,20600.0,539427.06,total,90,9,False
legacy_50k,5000,200,weekly_one,0,1,minimum,daily,4300,54400.0,250.0,54,4,0,166,465300.0,0,465300.0,20600.0,485900.0,ongoing,90,1,False
legacy_50k,5000,200,weekly_one,0,1,maximum,calendar_month,6100,56200.0,250.0,49,20,0,154,439780.5,97494.63,537275.13,20600.0,557875.13,total,90,10,False
legacy_50k,5000,200,weekly_one,0,2,minimum,daily,3900,54000.0,250.0,79,5,0,76,489350.0,0,489350.0,20600.0,509950.0,ongoing,82,1,False
legacy_50k,5000,200,weekly_one,0,2,minimum,calendar_month,2700,52800.0,250.0,68,20,0,67,399500.0,186511.3,586011.3,20600.0,606611.3,total,82,2,False
legacy_50k,5000,200,weekly_one,0,3,minimum,daily,3900,54000.0,250.0,86,7,0,24,506400.0,0,506400.0,20600.0,527000.0,ongoing,82,1,False
legacy_50k,5000,200,weekly_one,0,3,minimum,calendar_month,3400,53500.0,250.0,68,20,0,20,381000.0,201490.45,582490.45,20600.0,603090.45,total,82,1,False
legacy_50k,5000,200,weekly_one,0,5,minimum,daily,3900,54000.0,250.0,86,10,0,0,536450.0,0,536450.0,20600.0,557050.0,ongoing,86,1,False
legacy_50k,5000,200,weekly_one,0,5,minimum,calendar_month,2600,52700.0,250.0,67,20,0,0,453200.0,180432.94,633632.94,20600.0,654232.94,total,86,1,False
