at,kind,amount_usd,cash_after_usd
2020-01-01T00:00:00,owner_contribution,1000,1000.0
2020-01-01T00:00:00,account_purchase,-600.0,400.0
2020-02-01T00:00:00,owner_contribution,200,600.0
2020-03-01T00:00:00,owner_contribution,200,800.0
2020-04-01T00:00:00,owner_contribution,200,1000.0
2020-04-01T00:00:00,account_purchase,-600.0,400.0
2020-05-01T00:00:00,owner_contribution,200,600.0
2020-06-01T00:00:00,owner_contribution,200,800.0
2020-07-01T00:00:00,owner_contribution,200,1000.0
2020-07-01T00:00:00,account_purchase,-600.0,400.0
2020-08-01T00:00:00,owner_contribution,200,600.0
2020-09-01T00:00:00,owner_contribution,200,800.0
2020-10-01T00:00:00,owner_contribution,200,1000.0
2020-10-01T00:00:00,account_purchase,-600.0,400.0
2020-11-01T00:00:00,owner_contribution,200,600.0
2020-12-01T00:00:00,owner_contribution,200,800.0
2021-01-01T00:00:00,owner_contribution,200,1000.0
2021-01-01T00:00:00,account_purchase,-600.0,400.0
2021-02-01T00:00:00,owner_contribution,200,600.0
2021-03-01T00:00:00,owner_contribution,200,800.0
2021-04-01T00:00:00,owner_contribution,200,1000.0
2021-04-01T00:00:00,account_purchase,-600.0,400.0
2021-05-01T00:00:00,owner_contribution,200,600.0
2021-06-01T00:00:00,owner_contribution,200,800.0
2021-07-01T00:00:00,owner_contribution,200,1000.0
2021-07-01T00:00:00,account_purchase,-600.0,400.0
2021-08-01T00:00:00,owner_contribution,200,600.0
2021-09-01T00:00:00,owner_contribution,200,800.0
2021-10-01T00:00:00,owner_contribution,200,1000.0
2021-10-01T00:00:00,account_purchase,-600.0,400.0
2021-11-01T00:00:00,owner_contribution,200,600.0
2021-12-01T00:00:00,owner_contribution,200,800.0
2022-01-01T00:00:00,owner_contribution,200,1000.0
2022-01-01T00:00:00,account_purchase,-600.0,400.0
2022-02-01T00:00:00,owner_contribution,200,600.0
2022-03-01T00:00:00,payout_received,500.0,1100.0
2022-03-01T00:00:00,payout_received,500.0,1600.0
2022-03-01T00:00:00,payout_received,500.0,2100.0
2022-03-01T00:00:00,owner_contribution,200,2300.0
2022-03-23T00:00:00,payout_received,500.0,2800.0
2022-03-23T00:00:00,payout_received,500.0,3300.0
2022-03-23T00:00:00,payout_received,500.0,3800.0
2022-03-30T00:00:00,payout_received,500.0,4300.0
2022-03-30T00:00:00,payout_received,500.0,4800.0
2022-03-30T00:00:00,payout_received,500.0,5300.0
2022-04-01T00:00:00,owner_contribution,200,5500.0
2022-04-01T00:00:00,account_purchase,-600.0,4900.0
2022-04-13T00:00:00,payout_received,500.0,5400.0
2022-04-13T00:00:00,payout_received,500.0,5900.0
2022-04-13T00:00:00,payout_received,500.0,6400.0
2022-04-13T00:00:00,payout_received,500.0,6900.0
2022-04-13T00:00:00,payout_received,500.0,7400.0
2022-04-13T00:00:00,payout_received,500.0,7900.0
2022-04-19T00:00:00,payout_received,500.0,8400.0
2022-04-19T00:00:00,payout_received,500.0,8900.0
2022-04-19T00:00:00,payout_received,500.0,9400.0
2022-04-26T00:00:00,payout_received,500.0,9900.0
2022-04-26T00:00:00,payout_received,500.0,10400.0
2022-04-26T00:00:00,payout_received,500.0,10900.0
2022-04-26T00:00:00,payout_received,500.0,11400.0
2022-04-26T00:00:00,payout_received,500.0,11900.0
2022-04-26T00:00:00,payout_received,500.0,12400.0
2022-05-01T00:00:00,owner_contribution,200,12600.0
2022-06-01T00:00:00,owner_contribution,200,12800.0
2022-07-01T00:00:00,owner_contribution,200,13000.0
2022-07-01T00:00:00,account_purchase,-600.0,12400.0
2022-08-01T00:00:00,owner_contribution,200,12600.0
2022-08-16T00:00:00,payout_received,500.0,13100.0
2022-08-16T00:00:00,payout_received,500.0,13600.0
2022-08-16T00:00:00,payout_received,500.0,14100.0
2022-08-16T00:00:00,payout_received,500.0,14600.0
2022-08-16T00:00:00,payout_received,500.0,15100.0
2022-08-16T00:00:00,payout_received,500.0,15600.0
2022-09-01T00:00:00,owner_contribution,200,15800.0
2022-09-10T00:00:00,payout_received,500.0,16300.0
2022-09-10T00:00:00,payout_received,500.0,16800.0
2022-09-10T00:00:00,payout_received,500.0,17300.0
2022-09-13T00:00:00,payout_received,500.0,17800.0
2022-09-13T00:00:00,payout_received,500.0,18300.0
2022-09-13T00:00:00,payout_received,500.0,18800.0
2022-09-13T00:00:00,payout_received,500.0,19300.0
2022-09-13T00:00:00,payout_received,500.0,19800.0
2022-09-13T00:00:00,payout_received,500.0,20300.0
2022-09-29T00:00:00,payout_received,500.0,20800.0
2022-09-29T00:00:00,payout_received,500.0,21300.0
2022-09-29T00:00:00,payout_received,500.0,21800.0
2022-09-29T00:00:00,payout_received,500.0,22300.0
2022-09-29T00:00:00,payout_received,500.0,22800.0
2022-09-29T00:00:00,payout_received,500.0,23300.0
2022-09-29T00:00:00,payout_received,500.0,23800.0
2022-09-29T00:00:00,payout_received,500.0,24300.0
2022-09-29T00:00:00,payout_received,500.0,24800.0
2022-10-01T00:00:00,owner_contribution,200,25000.0
2022-10-01T00:00:00,account_purchase,-600.0,24400.0
2022-10-14T00:00:00,payout_received,500.0,24900.0
2022-10-14T00:00:00,payout_received,500.0,25400.0
2022-10-14T00:00:00,payout_received,500.0,25900.0
2022-10-20T00:00:00,payout_received,500.0,26400.0
2022-10-20T00:00:00,payout_received,500.0,26900.0
2022-10-20T00:00:00,payout_received,500.0,27400.0
2022-10-20T00:00:00,payout_received,500.0,27900.0
2022-10-20T00:00:00,payout_received,500.0,28400.0
2022-10-20T00:00:00,payout_received,500.0,28900.0
2022-10-20T00:00:00,payout_received,500.0,29400.0
2022-10-20T00:00:00,payout_received,500.0,29900.0
2022-10-20T00:00:00,payout_received,500.0,30400.0
2022-11-01T00:00:00,owner_contribution,200,30600.0
2022-12-01T00:00:00,owner_contribution,200,30800.0
2023-01-01T00:00:00,owner_contribution,200,31000.0
2023-01-01T00:00:00,account_purchase,-600.0,30400.0
2023-02-01T00:00:00,owner_contribution,200,30600.0
2023-02-11T00:00:00,payout_received,500.0,31100.0
2023-02-11T00:00:00,payout_received,500.0,31600.0
2023-02-11T00:00:00,payout_received,500.0,32100.0
2023-02-14T00:00:00,payout_received,500.0,32600.0
2023-02-14T00:00:00,payout_received,500.0,33100.0
2023-02-14T00:00:00,payout_received,500.0,33600.0
2023-03-01T00:00:00,owner_contribution,200,33800.0
2023-03-17T00:00:00,payout_received,500.0,34300.0
2023-03-17T00:00:00,payout_received,500.0,34800.0
2023-03-17T00:00:00,payout_received,500.0,35300.0
2023-03-17T00:00:00,payout_received,500.0,35800.0
2023-03-17T00:00:00,payout_received,500.0,36300.0
2023-03-17T00:00:00,payout_received,500.0,36800.0
2023-03-17T00:00:00,payout_received,500.0,37300.0
2023-03-17T00:00:00,payout_received,500.0,37800.0
2023-03-17T00:00:00,payout_received,500.0,38300.0
2023-03-22T00:00:00,payout_received,500.0,38800.0
2023-03-22T00:00:00,payout_received,500.0,39300.0
2023-03-22T00:00:00,payout_received,500.0,39800.0
2023-03-30T00:00:00,payout_received,500.0,40300.0
2023-03-30T00:00:00,payout_received,500.0,40800.0
2023-03-30T00:00:00,payout_received,500.0,41300.0
2023-04-01T00:00:00,payout_received,500.0,41800.0
2023-04-01T00:00:00,payout_received,500.0,42300.0
2023-04-01T00:00:00,payout_received,500.0,42800.0
2023-04-01T00:00:00,payout_received,500.0,43300.0
2023-04-01T00:00:00,payout_received,500.0,43800.0
2023-04-01T00:00:00,payout_received,500.0,44300.0
2023-04-01T00:00:00,payout_received,500.0,44800.0
2023-04-01T00:00:00,payout_received,500.0,45300.0
2023-04-01T00:00:00,payout_received,500.0,45800.0
2023-04-01T00:00:00,owner_contribution,200,46000.0
2023-04-01T00:00:00,account_purchase,-400.0,45600.0
2023-04-04T00:00:00,payout_received,500.0,46100.0
2023-04-04T00:00:00,payout_received,500.0,46600.0
2023-04-04T00:00:00,payout_received,500.0,47100.0
2023-04-13T00:00:00,payout_received,500.0,47600.0
2023-04-13T00:00:00,payout_received,500.0,48100.0
2023-04-13T00:00:00,payout_received,500.0,48600.0
2023-04-14T00:00:00,payout_received,500.0,49100.0
2023-04-14T00:00:00,payout_received,500.0,49600.0
2023-04-14T00:00:00,payout_received,500.0,50100.0
2023-04-14T00:00:00,payout_received,500.0,50600.0
2023-04-14T00:00:00,payout_received,500.0,51100.0
2023-04-14T00:00:00,payout_received,500.0,51600.0
2023-04-14T00:00:00,payout_received,500.0,52100.0
2023-04-14T00:00:00,payout_received,500.0,52600.0
2023-04-14T00:00:00,payout_received,500.0,53100.0
2023-04-21T00:00:00,payout_received,500.0,53600.0
2023-04-21T00:00:00,payout_received,500.0,54100.0
2023-04-21T00:00:00,payout_received,500.0,54600.0
2023-04-29T00:00:00,payout_received,500.0,55100.0
2023-04-29T00:00:00,payout_received,500.0,55600.0
2023-04-29T00:00:00,payout_received,500.0,56100.0
2023-05-01T00:00:00,owner_contribution,200,56300.0
2023-05-06T00:00:00,payout_received,500.0,56800.0
2023-05-06T00:00:00,payout_received,500.0,57300.0
2023-05-06T00:00:00,payout_received,500.0,57800.0
2023-05-06T00:00:00,payout_received,500.0,58300.0
2023-05-06T00:00:00,payout_received,500.0,58800.0
2023-05-06T00:00:00,payout_received,500.0,59300.0
2023-06-01T00:00:00,owner_contribution,200,59500.0
2023-06-13T00:00:00,payout_received,500.0,60000.0
2023-06-13T00:00:00,payout_received,500.0,60500.0
2023-06-13T00:00:00,payout_received,500.0,61000.0
2023-06-15T00:00:00,payout_received,500.0,61500.0
2023-06-15T00:00:00,payout_received,500.0,62000.0
2023-06-15T00:00:00,payout_received,500.0,62500.0
2023-06-23T00:00:00,payout_received,500.0,63000.0
2023-06-23T00:00:00,payout_received,500.0,63500.0
2023-06-23T00:00:00,payout_received,500.0,64000.0
2023-06-23T00:00:00,payout_received,500.0,64500.0
2023-06-23T00:00:00,payout_received,500.0,65000.0
2023-06-23T00:00:00,payout_received,500.0,65500.0
2023-07-01T00:00:00,owner_contribution,200,65700.0
2023-07-01T00:00:00,account_purchase,-400.0,65300.0
2023-07-15T00:00:00,payout_received,500.0,65800.0
2023-07-15T00:00:00,payout_received,500.0,66300.0
2023-07-15T00:00:00,payout_received,500.0,66800.0
2023-07-19T00:00:00,payout_received,500.0,67300.0
2023-07-19T00:00:00,payout_received,500.0,67800.0
2023-07-19T00:00:00,payout_received,500.0,68300.0
2023-07-19T00:00:00,payout_received,500.0,68800.0
2023-07-19T00:00:00,payout_received,500.0,69300.0
2023-07-19T00:00:00,payout_received,500.0,69800.0
2023-07-19T00:00:00,payout_received,500.0,70300.0
2023-07-19T00:00:00,payout_received,500.0,70800.0
2023-07-19T00:00:00,payout_received,500.0,71300.0
2023-07-19T00:00:00,payout_received,500.0,71800.0
2023-07-19T00:00:00,payout_received,500.0,72300.0
2023-07-19T00:00:00,payout_received,500.0,72800.0
2023-08-01T00:00:00,owner_contribution,200,73000.0
2023-08-24T00:00:00,payout_received,500.0,73500.0
2023-08-24T00:00:00,payout_received,500.0,74000.0
2023-08-24T00:00:00,payout_received,500.0,74500.0
2023-08-26T00:00:00,payout_received,500.0,75000.0
2023-08-26T00:00:00,payout_received,500.0,75500.0
2023-08-26T00:00:00,payout_received,500.0,76000.0
2023-08-29T00:00:00,payout_received,500.0,76500.0
2023-08-29T00:00:00,payout_received,500.0,77000.0
2023-08-29T00:00:00,payout_received,500.0,77500.0
2023-08-29T00:00:00,payout_received,500.0,78000.0
2023-08-29T00:00:00,payout_received,500.0,78500.0
2023-08-29T00:00:00,payout_received,500.0,79000.0
2023-08-29T00:00:00,payout_received,500.0,79500.0
2023-08-29T00:00:00,payout_received,500.0,80000.0
2023-08-29T00:00:00,payout_received,500.0,80500.0
2023-09-01T00:00:00,owner_contribution,200,80700.0
2023-09-09T00:00:00,payout_received,500.0,81200.0
2023-09-09T00:00:00,payout_received,500.0,81700.0
2023-09-09T00:00:00,payout_received,500.0,82200.0
2023-09-12T00:00:00,payout_received,500.0,82700.0
2023-09-12T00:00:00,payout_received,500.0,83200.0
2023-09-12T00:00:00,payout_received,500.0,83700.0
2023-10-01T00:00:00,owner_contribution,200,83900.0
2023-11-01T00:00:00,owner_contribution,200,84100.0
2023-12-01T00:00:00,owner_contribution,200,84300.0
2024-01-01T00:00:00,owner_contribution,200,84500.0
2024-01-01T00:00:00,account_purchase,-400.0,84100.0
2024-02-01T00:00:00,owner_contribution,200,84300.0
2024-02-03T00:00:00,payout_received,500.0,84800.0
2024-02-03T00:00:00,payout_received,500.0,85300.0
2024-02-03T00:00:00,payout_received,500.0,85800.0
2024-02-03T00:00:00,payout_received,500.0,86300.0
2024-02-03T00:00:00,payout_received,500.0,86800.0
2024-02-03T00:00:00,payout_received,500.0,87300.0
2024-02-03T00:00:00,payout_received,500.0,87800.0
2024-02-03T00:00:00,payout_received,500.0,88300.0
2024-02-03T00:00:00,payout_received,500.0,88800.0
2024-02-03T00:00:00,payout_received,500.0,89300.0
2024-02-03T00:00:00,payout_received,500.0,89800.0
2024-02-03T00:00:00,payout_received,500.0,90300.0
2024-02-06T00:00:00,payout_received,500.0,90800.0
2024-02-06T00:00:00,payout_received,500.0,91300.0
2024-02-06T00:00:00,payout_received,500.0,91800.0
2024-02-15T00:00:00,payout_received,500.0,92300.0
2024-02-15T00:00:00,payout_received,500.0,92800.0
2024-02-15T00:00:00,payout_received,500.0,93300.0
2024-02-15T00:00:00,payout_received,500.0,93800.0
2024-02-15T00:00:00,payout_received,500.0,94300.0
2024-02-15T00:00:00,payout_received,500.0,94800.0
2024-02-15T00:00:00,payout_received,500.0,95300.0
2024-02-15T00:00:00,payout_received,500.0,95800.0
2024-02-15T00:00:00,payout_received,500.0,96300.0
2024-02-15T00:00:00,payout_received,500.0,96800.0
2024-02-15T00:00:00,payout_received,500.0,97300.0
2024-02-15T00:00:00,payout_received,500.0,97800.0
2024-02-16T00:00:00,payout_received,500.0,98300.0
2024-02-16T00:00:00,payout_received,500.0,98800.0
2024-02-16T00:00:00,payout_received,500.0,99300.0
2024-03-01T00:00:00,owner_contribution,200,99500.0
2024-03-13T00:00:00,payout_received,500.0,100000.0
2024-03-13T00:00:00,payout_received,500.0,100500.0
2024-03-13T00:00:00,payout_received,500.0,101000.0
2024-03-13T00:00:00,payout_received,500.0,101500.0
2024-03-13T00:00:00,payout_received,500.0,102000.0
2024-03-13T00:00:00,payout_received,500.0,102500.0
2024-03-13T00:00:00,payout_received,500.0,103000.0
2024-03-13T00:00:00,payout_received,500.0,103500.0
2024-03-13T00:00:00,payout_received,500.0,104000.0
2024-03-13T00:00:00,payout_received,500.0,104500.0
2024-03-13T00:00:00,payout_received,500.0,105000.0
2024-03-13T00:00:00,payout_received,500.0,105500.0
2024-03-13T00:00:00,payout_received,500.0,106000.0
2024-03-13T00:00:00,payout_received,500.0,106500.0
2024-03-13T00:00:00,payout_received,500.0,107000.0
2024-03-21T00:00:00,payout_received,500.0,107500.0
2024-03-21T00:00:00,payout_received,500.0,108000.0
2024-03-21T00:00:00,payout_received,500.0,108500.0
2024-04-01T00:00:00,owner_contribution,200,108700.0
2024-04-02T00:00:00,payout_received,500.0,109200.0
2024-04-02T00:00:00,payout_received,500.0,109700.0
2024-04-02T00:00:00,payout_received,500.0,110200.0
2024-04-02T00:00:00,payout_received,500.0,110700.0
2024-04-02T00:00:00,payout_received,500.0,111200.0
2024-04-02T00:00:00,payout_received,500.0,111700.0
2024-04-02T00:00:00,payout_received,500.0,112200.0
2024-04-02T00:00:00,payout_received,500.0,112700.0
2024-04-02T00:00:00,payout_received,500.0,113200.0
2024-04-02T00:00:00,payout_received,500.0,113700.0
2024-04-02T00:00:00,payout_received,500.0,114200.0
2024-04-02T00:00:00,payout_received,500.0,114700.0
2024-04-02T00:00:00,payout_received,500.0,115200.0
2024-04-02T00:00:00,payout_received,500.0,115700.0
2024-04-02T00:00:00,payout_received,500.0,116200.0
2024-04-05T00:00:00,payout_received,500.0,116700.0
2024-04-05T00:00:00,payout_received,500.0,117200.0
2024-04-05T00:00:00,payout_received,500.0,117700.0
2024-04-12T00:00:00,payout_received,500.0,118200.0
2024-04-12T00:00:00,payout_received,500.0,118700.0
2024-04-12T00:00:00,payout_received,500.0,119200.0
2024-04-12T00:00:00,payout_received,500.0,119700.0
2024-04-12T00:00:00,payout_received,500.0,120200.0
2024-04-12T00:00:00,payout_received,500.0,120700.0
2024-04-12T00:00:00,payout_received,500.0,121200.0
2024-04-12T00:00:00,payout_received,500.0,121700.0
2024-04-12T00:00:00,payout_received,500.0,122200.0
2024-04-12T00:00:00,payout_received,500.0,122700.0
2024-04-12T00:00:00,payout_received,500.0,123200.0
2024-04-12T00:00:00,payout_received,500.0,123700.0
2024-04-12T00:00:00,payout_received,500.0,124200.0
2024-04-12T00:00:00,payout_received,500.0,124700.0
2024-04-12T00:00:00,payout_received,500.0,125200.0
2024-05-01T00:00:00,owner_contribution,200,125400.0
2024-05-04T00:00:00,payout_received,500.0,125900.0
2024-05-04T00:00:00,payout_received,500.0,126400.0
2024-05-04T00:00:00,payout_received,500.0,126900.0
2024-05-04T00:00:00,payout_received,500.0,127400.0
2024-05-04T00:00:00,payout_received,500.0,127900.0
2024-05-04T00:00:00,payout_received,500.0,128400.0
2024-05-04T00:00:00,payout_received,500.0,128900.0
2024-05-04T00:00:00,payout_received,500.0,129400.0
2024-05-04T00:00:00,payout_received,500.0,129900.0
2024-05-04T00:00:00,payout_received,500.0,130400.0
2024-05-04T00:00:00,payout_received,500.0,130900.0
2024-05-04T00:00:00,payout_received,500.0,131400.0
2024-05-07T00:00:00,payout_received,500.0,131900.0
2024-05-07T00:00:00,payout_received,500.0,132400.0
2024-05-07T00:00:00,payout_received,500.0,132900.0
2024-05-07T00:00:00,payout_received,500.0,133400.0
2024-05-07T00:00:00,payout_received,500.0,133900.0
2024-05-07T00:00:00,payout_received,500.0,134400.0
2024-05-21T00:00:00,payout_received,500.0,134900.0
2024-05-21T00:00:00,payout_received,500.0,135400.0
2024-05-21T00:00:00,payout_received,500.0,135900.0
2024-05-21T00:00:00,payout_received,500.0,136400.0
2024-05-21T00:00:00,payout_received,500.0,136900.0
2024-05-21T00:00:00,payout_received,500.0,137400.0
2024-05-21T00:00:00,payout_received,500.0,137900.0
2024-05-21T00:00:00,payout_received,500.0,138400.0
2024-05-21T00:00:00,payout_received,500.0,138900.0
2024-05-21T00:00:00,payout_received,500.0,139400.0
2024-05-21T00:00:00,payout_received,500.0,139900.0
2024-05-21T00:00:00,payout_received,500.0,140400.0
2024-05-28T00:00:00,payout_received,500.0,140900.0
2024-05-28T00:00:00,payout_received,500.0,141400.0
2024-05-28T00:00:00,payout_received,500.0,141900.0
2024-05-29T00:00:00,payout_received,500.0,142400.0
2024-05-29T00:00:00,payout_received,500.0,142900.0
2024-05-29T00:00:00,payout_received,500.0,143400.0
2024-06-01T00:00:00,owner_contribution,200,143600.0
2024-06-06T00:00:00,payout_received,500.0,144100.0
2024-06-06T00:00:00,payout_received,500.0,144600.0
2024-06-06T00:00:00,payout_received,500.0,145100.0
2024-06-06T00:00:00,payout_received,500.0,145600.0
2024-06-06T00:00:00,payout_received,500.0,146100.0
2024-06-06T00:00:00,payout_received,500.0,146600.0
2024-06-06T00:00:00,payout_received,500.0,147100.0
2024-06-06T00:00:00,payout_received,500.0,147600.0
2024-06-06T00:00:00,payout_received,500.0,148100.0
2024-06-06T00:00:00,payout_received,500.0,148600.0
2024-06-06T00:00:00,payout_received,500.0,149100.0
2024-06-06T00:00:00,payout_received,500.0,149600.0
2024-06-12T00:00:00,payout_received,500.0,150100.0
2024-06-12T00:00:00,payout_received,500.0,150600.0
2024-06-12T00:00:00,payout_received,500.0,151100.0
2024-06-13T00:00:00,payout_received,500.0,151600.0
2024-06-13T00:00:00,payout_received,500.0,152100.0
2024-06-13T00:00:00,payout_received,500.0,152600.0
2024-06-18T00:00:00,payout_received,500.0,153100.0
2024-06-18T00:00:00,payout_received,500.0,153600.0
2024-06-18T00:00:00,payout_received,500.0,154100.0
2024-06-18T00:00:00,payout_received,500.0,154600.0
2024-06-18T00:00:00,payout_received,500.0,155100.0
2024-06-18T00:00:00,payout_received,500.0,155600.0
2024-06-18T00:00:00,payout_received,500.0,156100.0
2024-06-18T00:00:00,payout_received,500.0,156600.0
2024-06-18T00:00:00,payout_received,500.0,157100.0
2024-06-18T00:00:00,payout_received,500.0,157600.0
2024-06-18T00:00:00,payout_received,500.0,158100.0
2024-06-18T00:00:00,payout_received,500.0,158600.0
2024-06-26T00:00:00,payout_received,500.0,159100.0
2024-06-26T00:00:00,payout_received,500.0,159600.0
2024-06-26T00:00:00,payout_received,500.0,160100.0
2024-06-28T00:00:00,payout_received,500.0,160600.0
2024-06-28T00:00:00,payout_received,500.0,161100.0
2024-06-28T00:00:00,payout_received,500.0,161600.0
2024-07-01T00:00:00,owner_contribution,200,161800.0
2024-07-02T00:00:00,payout_received,500.0,162300.0
2024-07-02T00:00:00,payout_received,500.0,162800.0
2024-07-02T00:00:00,payout_received,500.0,163300.0
2024-07-02T00:00:00,payout_received,500.0,163800.0
2024-07-02T00:00:00,payout_received,500.0,164300.0
2024-07-02T00:00:00,payout_received,500.0,164800.0
2024-07-02T00:00:00,payout_received,500.0,165300.0
2024-07-02T00:00:00,payout_received,500.0,165800.0
2024-07-02T00:00:00,payout_received,500.0,166300.0
2024-07-02T00:00:00,payout_received,500.0,166800.0
2024-07-02T00:00:00,payout_received,500.0,167300.0
2024-07-02T00:00:00,payout_received,500.0,167800.0
2024-07-06T00:00:00,payout_received,500.0,168300.0
2024-07-06T00:00:00,payout_received,500.0,168800.0
2024-07-06T00:00:00,payout_received,500.0,169300.0
2024-07-10T00:00:00,payout_received,500.0,169800.0
2024-07-10T00:00:00,payout_received,500.0,170300.0
2024-07-10T00:00:00,payout_received,500.0,170800.0
2024-07-12T00:00:00,payout_received,500.0,171300.0
2024-07-12T00:00:00,payout_received,500.0,171800.0
2024-07-12T00:00:00,payout_received,500.0,172300.0
2024-07-12T00:00:00,payout_received,500.0,172800.0
2024-07-12T00:00:00,payout_received,500.0,173300.0
2024-07-12T00:00:00,payout_received,500.0,173800.0
2024-07-12T00:00:00,payout_received,500.0,174300.0
2024-07-12T00:00:00,payout_received,500.0,174800.0
2024-07-12T00:00:00,payout_received,500.0,175300.0
2024-07-12T00:00:00,payout_received,500.0,175800.0
2024-07-12T00:00:00,payout_received,500.0,176300.0
2024-07-12T00:00:00,payout_received,500.0,176800.0
2024-07-13T00:00:00,payout_received,500.0,177300.0
2024-07-13T00:00:00,payout_received,500.0,177800.0
2024-07-23T00:00:00,payout_received,500.0,178300.0
2024-07-23T00:00:00,payout_received,500.0,178800.0
2024-07-23T00:00:00,payout_received,500.0,179300.0
2024-08-01T00:00:00,owner_contribution,200,179500.0
2024-08-09T00:00:00,payout_received,500.0,180000.0
2024-08-09T00:00:00,payout_received,500.0,180500.0
2024-08-09T00:00:00,payout_received,500.0,181000.0
2024-08-09T00:00:00,payout_received,500.0,181500.0
2024-08-09T00:00:00,payout_received,500.0,182000.0
2024-08-09T00:00:00,payout_received,500.0,182500.0
2024-08-09T00:00:00,payout_received,500.0,183000.0
2024-08-09T00:00:00,payout_received,500.0,183500.0
2024-08-09T00:00:00,payout_received,500.0,184000.0
2024-08-09T00:00:00,payout_received,500.0,184500.0
2024-08-09T00:00:00,payout_received,500.0,185000.0
2024-08-09T00:00:00,payout_received,500.0,185500.0
2024-08-09T00:00:00,payout_received,500.0,186000.0
2024-08-09T00:00:00,payout_received,500.0,186500.0
2024-08-09T00:00:00,payout_received,500.0,187000.0
2024-08-10T00:00:00,payout_received,500.0,187500.0
2024-08-10T00:00:00,payout_received,500.0,188000.0
2024-08-10T00:00:00,payout_received,500.0,188500.0
2024-08-16T00:00:00,payout_received,500.0,189000.0
2024-08-16T00:00:00,payout_received,500.0,189500.0
2024-08-21T00:00:00,payout_received,500.0,190000.0
2024-08-21T00:00:00,payout_received,500.0,190500.0
2024-08-21T00:00:00,payout_received,500.0,191000.0
2024-08-21T00:00:00,payout_received,500.0,191500.0
2024-08-21T00:00:00,payout_received,500.0,192000.0
2024-08-21T00:00:00,payout_received,500.0,192500.0
2024-08-21T00:00:00,payout_received,500.0,193000.0
2024-08-21T00:00:00,payout_received,500.0,193500.0
2024-08-21T00:00:00,payout_received,500.0,194000.0
2024-08-21T00:00:00,payout_received,500.0,194500.0
2024-08-21T00:00:00,payout_received,500.0,195000.0
2024-08-21T00:00:00,payout_received,500.0,195500.0
2024-08-21T00:00:00,payout_received,500.0,196000.0
2024-08-21T00:00:00,payout_received,500.0,196500.0
2024-08-21T00:00:00,payout_received,500.0,197000.0
2024-08-22T00:00:00,payout_received,500.0,197500.0
2024-08-22T00:00:00,payout_received,500.0,198000.0
2024-08-22T00:00:00,payout_received,500.0,198500.0
2024-08-28T00:00:00,payout_received,500.0,199000.0
2024-08-28T00:00:00,payout_received,500.0,199500.0
2024-09-01T00:00:00,owner_contribution,200,199700.0
2024-09-03T00:00:00,payout_received,500.0,200200.0
2024-09-03T00:00:00,payout_received,500.0,200700.0
2024-09-03T00:00:00,payout_received,500.0,201200.0
2024-09-03T00:00:00,payout_received,500.0,201700.0
2024-09-03T00:00:00,payout_received,500.0,202200.0
2024-09-03T00:00:00,payout_received,500.0,202700.0
2024-09-03T00:00:00,payout_received,500.0,203200.0
2024-09-03T00:00:00,payout_received,500.0,203700.0
2024-09-03T00:00:00,payout_received,500.0,204200.0
2024-09-03T00:00:00,payout_received,500.0,204700.0
2024-09-03T00:00:00,payout_received,500.0,205200.0
2024-09-03T00:00:00,payout_received,500.0,205700.0
2024-09-03T00:00:00,payout_received,500.0,206200.0
2024-09-03T00:00:00,payout_received,500.0,206700.0
2024-09-03T00:00:00,payout_received,500.0,207200.0
2024-09-06T00:00:00,payout_received,500.0,207700.0
2024-09-06T00:00:00,payout_received,500.0,208200.0
2024-09-06T00:00:00,payout_received,500.0,208700.0
2024-09-12T00:00:00,payout_received,500.0,209200.0
2024-09-12T00:00:00,payout_received,500.0,209700.0
2024-09-17T00:00:00,payout_received,500.0,210200.0
2024-09-17T00:00:00,payout_received,500.0,210700.0
2024-09-17T00:00:00,payout_received,500.0,211200.0
2024-09-17T00:00:00,payout_received,500.0,211700.0
2024-09-17T00:00:00,payout_received,500.0,212200.0
2024-09-17T00:00:00,payout_received,500.0,212700.0
2024-09-17T00:00:00,payout_received,500.0,213200.0
2024-09-17T00:00:00,payout_received,500.0,213700.0
2024-09-17T00:00:00,payout_received,500.0,214200.0
2024-09-17T00:00:00,payout_received,500.0,214700.0
2024-09-17T00:00:00,payout_received,500.0,215200.0
2024-09-17T00:00:00,payout_received,500.0,215700.0
2024-09-17T00:00:00,payout_received,500.0,216200.0
2024-09-17T00:00:00,payout_received,500.0,216700.0
2024-09-17T00:00:00,payout_received,500.0,217200.0
2024-09-19T00:00:00,payout_received,500.0,217700.0
2024-09-19T00:00:00,payout_received,500.0,218200.0
2024-09-19T00:00:00,payout_received,500.0,218700.0
2024-09-26T00:00:00,payout_received,500.0,219200.0
2024-09-26T00:00:00,payout_received,500.0,219700.0
2024-09-28T00:00:00,payout_received,500.0,220200.0
2024-09-28T00:00:00,payout_received,500.0,220700.0
2024-09-28T00:00:00,payout_received,500.0,221200.0
2024-09-28T00:00:00,payout_received,500.0,221700.0
2024-09-28T00:00:00,payout_received,500.0,222200.0
2024-09-28T00:00:00,payout_received,500.0,222700.0
2024-09-28T00:00:00,payout_received,500.0,223200.0
2024-09-28T00:00:00,payout_received,500.0,223700.0
2024-09-28T00:00:00,payout_received,500.0,224200.0
2024-09-28T00:00:00,payout_received,500.0,224700.0
2024-09-28T00:00:00,payout_received,500.0,225200.0
2024-09-28T00:00:00,payout_received,500.0,225700.0
2024-09-28T00:00:00,payout_received,500.0,226200.0
2024-09-28T00:00:00,payout_received,500.0,226700.0
2024-09-28T00:00:00,payout_received,500.0,227200.0
2024-10-01T00:00:00,owner_contribution,200,227400.0
2024-10-02T00:00:00,payout_received,500.0,227900.0
2024-10-02T00:00:00,payout_received,500.0,228400.0
2024-10-02T00:00:00,payout_received,500.0,228900.0
2024-10-09T00:00:00,payout_received,500.0,229400.0
2024-10-09T00:00:00,payout_received,500.0,229900.0
2024-10-22T00:00:00,payout_received,500.0,230400.0
2024-10-22T00:00:00,payout_received,500.0,230900.0
2024-10-22T00:00:00,payout_received,500.0,231400.0
2024-10-22T00:00:00,payout_received,500.0,231900.0
2024-10-22T00:00:00,payout_received,500.0,232400.0
2024-10-22T00:00:00,payout_received,500.0,232900.0
2024-10-22T00:00:00,payout_received,500.0,233400.0
2024-10-22T00:00:00,payout_received,500.0,233900.0
2024-10-22T00:00:00,payout_received,500.0,234400.0
2024-10-22T00:00:00,payout_received,500.0,234900.0
2024-10-22T00:00:00,payout_received,500.0,235400.0
2024-10-22T00:00:00,payout_received,500.0,235900.0
2024-10-22T00:00:00,payout_received,500.0,236400.0
2024-10-22T00:00:00,payout_received,500.0,236900.0
2024-10-22T00:00:00,payout_received,500.0,237400.0
2024-10-25T00:00:00,payout_received,500.0,237900.0
2024-10-25T00:00:00,payout_received,500.0,238400.0
2024-10-25T00:00:00,payout_received,500.0,238900.0
2024-11-01T00:00:00,owner_contribution,200,239100.0
2024-11-05T00:00:00,payout_received,500.0,239600.0
2024-11-05T00:00:00,payout_received,500.0,240100.0
2024-11-07T00:00:00,payout_received,500.0,240600.0
2024-11-07T00:00:00,payout_received,500.0,241100.0
2024-11-07T00:00:00,payout_received,500.0,241600.0
2024-11-07T00:00:00,payout_received,500.0,242100.0
2024-11-07T00:00:00,payout_received,500.0,242600.0
2024-11-07T00:00:00,payout_received,500.0,243100.0
2024-11-07T00:00:00,payout_received,500.0,243600.0
2024-11-07T00:00:00,payout_received,500.0,244100.0
2024-11-07T00:00:00,payout_received,500.0,244600.0
2024-11-07T00:00:00,payout_received,500.0,245100.0
2024-11-07T00:00:00,payout_received,500.0,245600.0
2024-11-07T00:00:00,payout_received,500.0,246100.0
2024-11-07T00:00:00,payout_received,500.0,246600.0
2024-11-07T00:00:00,payout_received,500.0,247100.0
2024-11-07T00:00:00,payout_received,500.0,247600.0
2024-11-08T00:00:00,payout_received,500.0,248100.0
2024-11-08T00:00:00,payout_received,500.0,248600.0
2024-11-08T00:00:00,payout_received,500.0,249100.0
2024-11-15T00:00:00,payout_received,500.0,249600.0
2024-11-15T00:00:00,payout_received,500.0,250100.0
2024-11-21T00:00:00,payout_received,500.0,250600.0
2024-11-21T00:00:00,payout_received,500.0,251100.0
2024-11-21T00:00:00,payout_received,500.0,251600.0
2024-11-21T00:00:00,payout_received,500.0,252100.0
2024-11-21T00:00:00,payout_received,500.0,252600.0
2024-11-21T00:00:00,payout_received,500.0,253100.0
2024-11-21T00:00:00,payout_received,500.0,253600.0
2024-11-21T00:00:00,payout_received,500.0,254100.0
2024-11-21T00:00:00,payout_received,500.0,254600.0
2024-11-21T00:00:00,payout_received,500.0,255100.0
2024-11-21T00:00:00,payout_received,500.0,255600.0
2024-11-21T00:00:00,payout_received,500.0,256100.0
2024-11-21T00:00:00,payout_received,500.0,256600.0
2024-11-21T00:00:00,payout_received,500.0,257100.0
2024-11-21T00:00:00,payout_received,500.0,257600.0
2024-11-22T00:00:00,payout_received,500.0,258100.0
2024-11-22T00:00:00,payout_received,500.0,258600.0
2024-11-22T00:00:00,payout_received,500.0,259100.0
2024-12-01T00:00:00,owner_contribution,200,259300.0
2024-12-05T00:00:00,payout_received,500.0,259800.0
2024-12-05T00:00:00,payout_received,500.0,260300.0
2024-12-12T00:00:00,payout_received,500.0,260800.0
2024-12-12T00:00:00,payout_received,500.0,261300.0
2024-12-12T00:00:00,payout_received,500.0,261800.0
2024-12-12T00:00:00,payout_received,500.0,262300.0
2024-12-12T00:00:00,payout_received,500.0,262800.0
2024-12-12T00:00:00,payout_received,500.0,263300.0
2024-12-12T00:00:00,payout_received,500.0,263800.0
2024-12-12T00:00:00,payout_received,500.0,264300.0
2024-12-12T00:00:00,payout_received,500.0,264800.0
2024-12-12T00:00:00,payout_received,500.0,265300.0
2024-12-12T00:00:00,payout_received,500.0,265800.0
2024-12-12T00:00:00,payout_received,500.0,266300.0
2024-12-12T00:00:00,payout_received,500.0,266800.0
2024-12-12T00:00:00,payout_received,500.0,267300.0
2024-12-12T00:00:00,payout_received,500.0,267800.0
2024-12-14T00:00:00,payout_received,500.0,268300.0
2024-12-14T00:00:00,payout_received,500.0,268800.0
2024-12-14T00:00:00,payout_received,500.0,269300.0
2024-12-21T00:00:00,payout_received,500.0,269800.0
2024-12-21T00:00:00,payout_received,500.0,270300.0
2025-01-01T00:00:00,owner_contribution,200,270500.0
2025-01-04T00:00:00,payout_received,500.0,271000.0
2025-01-04T00:00:00,payout_received,500.0,271500.0
2025-01-04T00:00:00,payout_received,500.0,272000.0
2025-01-04T00:00:00,payout_received,500.0,272500.0
2025-01-04T00:00:00,payout_received,500.0,273000.0
2025-01-04T00:00:00,payout_received,500.0,273500.0
2025-01-04T00:00:00,payout_received,500.0,274000.0
2025-01-04T00:00:00,payout_received,500.0,274500.0
2025-01-04T00:00:00,payout_received,500.0,275000.0
2025-01-04T00:00:00,payout_received,500.0,275500.0
2025-01-04T00:00:00,payout_received,500.0,276000.0
2025-01-04T00:00:00,payout_received,500.0,276500.0
2025-01-04T00:00:00,payout_received,500.0,277000.0
2025-01-04T00:00:00,payout_received,500.0,277500.0
2025-01-04T00:00:00,payout_received,500.0,278000.0
2025-01-07T00:00:00,payout_received,500.0,278500.0
2025-01-07T00:00:00,payout_received,500.0,279000.0
2025-01-07T00:00:00,payout_received,500.0,279500.0
2025-01-15T00:00:00,payout_received,500.0,280000.0
2025-01-15T00:00:00,payout_received,500.0,280500.0
2025-01-21T00:00:00,payout_received,500.0,281000.0
2025-01-21T00:00:00,payout_received,500.0,281500.0
2025-01-21T00:00:00,payout_received,500.0,282000.0
2025-01-21T00:00:00,payout_received,500.0,282500.0
2025-01-21T00:00:00,payout_received,500.0,283000.0
2025-01-21T00:00:00,payout_received,500.0,283500.0
2025-01-21T00:00:00,payout_received,500.0,284000.0
2025-01-21T00:00:00,payout_received,500.0,284500.0
2025-01-21T00:00:00,payout_received,500.0,285000.0
2025-01-21T00:00:00,payout_received,500.0,285500.0
2025-01-21T00:00:00,payout_received,500.0,286000.0
2025-01-21T00:00:00,payout_received,500.0,286500.0
2025-01-21T00:00:00,payout_received,500.0,287000.0
2025-01-21T00:00:00,payout_received,500.0,287500.0
2025-01-21T00:00:00,payout_received,500.0,288000.0
2025-01-22T00:00:00,payout_received,500.0,288500.0
2025-01-22T00:00:00,payout_received,500.0,289000.0
2025-01-22T00:00:00,payout_received,500.0,289500.0
2025-01-25T00:00:00,payout_received,500.0,290000.0
2025-01-25T00:00:00,payout_received,500.0,290500.0
2025-01-31T00:00:00,payout_received,500.0,291000.0
2025-01-31T00:00:00,payout_received,500.0,291500.0
2025-01-31T00:00:00,payout_received,500.0,292000.0
2025-01-31T00:00:00,payout_received,500.0,292500.0
2025-01-31T00:00:00,payout_received,500.0,293000.0
2025-01-31T00:00:00,payout_received,500.0,293500.0
2025-01-31T00:00:00,payout_received,500.0,294000.0
2025-01-31T00:00:00,payout_received,500.0,294500.0
2025-01-31T00:00:00,payout_received,500.0,295000.0
2025-01-31T00:00:00,payout_received,500.0,295500.0
2025-01-31T00:00:00,payout_received,500.0,296000.0
2025-01-31T00:00:00,payout_received,500.0,296500.0
2025-01-31T00:00:00,payout_received,500.0,297000.0
2025-01-31T00:00:00,payout_received,500.0,297500.0
2025-01-31T00:00:00,payout_received,500.0,298000.0
2025-02-01T00:00:00,payout_received,500.0,298500.0
2025-02-01T00:00:00,payout_received,500.0,299000.0
2025-02-01T00:00:00,payout_received,500.0,299500.0
2025-02-01T00:00:00,owner_contribution,200,299700.0
2025-02-06T00:00:00,payout_received,500.0,300200.0
2025-02-06T00:00:00,payout_received,500.0,300700.0
2025-02-12T00:00:00,payout_received,500.0,301200.0
2025-02-12T00:00:00,payout_received,500.0,301700.0
2025-02-12T00:00:00,payout_received,500.0,302200.0
2025-02-12T00:00:00,payout_received,500.0,302700.0
2025-02-12T00:00:00,payout_received,500.0,303200.0
2025-02-12T00:00:00,payout_received,500.0,303700.0
2025-02-12T00:00:00,payout_received,500.0,304200.0
2025-02-12T00:00:00,payout_received,500.0,304700.0
2025-02-12T00:00:00,payout_received,500.0,305200.0
2025-02-12T00:00:00,payout_received,500.0,305700.0
2025-02-12T00:00:00,payout_received,500.0,306200.0
2025-02-12T00:00:00,payout_received,500.0,306700.0
2025-02-12T00:00:00,payout_received,500.0,307200.0
2025-02-12T00:00:00,payout_received,500.0,307700.0
2025-02-12T00:00:00,payout_received,500.0,308200.0
2025-02-14T00:00:00,payout_received,500.0,308700.0
2025-02-14T00:00:00,payout_received,500.0,309200.0
2025-02-14T00:00:00,payout_received,500.0,309700.0
2025-02-19T00:00:00,payout_received,500.0,310200.0
2025-02-19T00:00:00,payout_received,500.0,310700.0
2025-02-22T00:00:00,payout_received,500.0,311200.0
2025-02-22T00:00:00,payout_received,500.0,311700.0
2025-02-22T00:00:00,payout_received,500.0,312200.0
2025-02-22T00:00:00,payout_received,500.0,312700.0
2025-02-22T00:00:00,payout_received,500.0,313200.0
2025-02-22T00:00:00,payout_received,500.0,313700.0
2025-02-22T00:00:00,payout_received,500.0,314200.0
2025-02-22T00:00:00,payout_received,500.0,314700.0
2025-02-22T00:00:00,payout_received,500.0,315200.0
2025-02-22T00:00:00,payout_received,500.0,315700.0
2025-02-22T00:00:00,payout_received,500.0,316200.0
2025-02-22T00:00:00,payout_received,500.0,316700.0
2025-02-22T00:00:00,payout_received,500.0,317200.0
2025-02-22T00:00:00,payout_received,500.0,317700.0
2025-02-22T00:00:00,payout_received,500.0,318200.0
2025-03-01T00:00:00,payout_received,500.0,318700.0
2025-03-01T00:00:00,payout_received,500.0,319200.0
2025-03-01T00:00:00,payout_received,500.0,319700.0
2025-03-01T00:00:00,owner_contribution,200,319900.0
2025-03-13T00:00:00,payout_received,500.0,320400.0
2025-03-13T00:00:00,payout_received,500.0,320900.0
2025-03-18T00:00:00,payout_received,500.0,321400.0
2025-03-18T00:00:00,payout_received,500.0,321900.0
2025-03-18T00:00:00,payout_received,500.0,322400.0
2025-03-18T00:00:00,payout_received,500.0,322900.0
2025-03-18T00:00:00,payout_received,500.0,323400.0
2025-03-18T00:00:00,payout_received,500.0,323900.0
2025-03-18T00:00:00,payout_received,500.0,324400.0
2025-03-18T00:00:00,payout_received,500.0,324900.0
2025-03-18T00:00:00,payout_received,500.0,325400.0
2025-03-18T00:00:00,payout_received,500.0,325900.0
2025-03-18T00:00:00,payout_received,500.0,326400.0
2025-03-18T00:00:00,payout_received,500.0,326900.0
2025-03-18T00:00:00,payout_received,500.0,327400.0
2025-03-18T00:00:00,payout_received,500.0,327900.0
2025-03-18T00:00:00,payout_received,500.0,328400.0
2025-03-19T00:00:00,payout_received,500.0,328900.0
2025-03-19T00:00:00,payout_received,500.0,329400.0
2025-03-19T00:00:00,payout_received,500.0,329900.0
2025-03-25T00:00:00,payout_received,500.0,330400.0
2025-03-25T00:00:00,payout_received,500.0,330900.0
2025-04-01T00:00:00,owner_contribution,200,331100.0
2025-04-08T00:00:00,payout_received,500.0,331600.0
2025-04-08T00:00:00,payout_received,500.0,332100.0
2025-04-08T00:00:00,payout_received,500.0,332600.0
2025-04-08T00:00:00,payout_received,500.0,333100.0
2025-04-08T00:00:00,payout_received,500.0,333600.0
2025-04-08T00:00:00,payout_received,500.0,334100.0
2025-04-08T00:00:00,payout_received,500.0,334600.0
2025-04-08T00:00:00,payout_received,500.0,335100.0
2025-04-08T00:00:00,payout_received,500.0,335600.0
2025-04-08T00:00:00,payout_received,500.0,336100.0
2025-04-08T00:00:00,payout_received,500.0,336600.0
2025-04-08T00:00:00,payout_received,500.0,337100.0
2025-04-08T00:00:00,payout_received,500.0,337600.0
2025-04-08T00:00:00,payout_received,500.0,338100.0
2025-04-08T00:00:00,payout_received,500.0,338600.0
2025-04-10T00:00:00,payout_received,500.0,339100.0
2025-04-10T00:00:00,payout_received,500.0,339600.0
2025-04-10T00:00:00,payout_received,500.0,340100.0
2025-04-16T00:00:00,payout_received,500.0,340600.0
2025-04-16T00:00:00,payout_received,500.0,341100.0
2025-04-18T00:00:00,payout_received,500.0,341600.0
2025-04-18T00:00:00,payout_received,500.0,342100.0
2025-04-18T00:00:00,payout_received,500.0,342600.0
2025-04-18T00:00:00,payout_received,500.0,343100.0
2025-04-18T00:00:00,payout_received,500.0,343600.0
2025-04-18T00:00:00,payout_received,500.0,344100.0
2025-04-18T00:00:00,payout_received,500.0,344600.0
2025-04-18T00:00:00,payout_received,500.0,345100.0
2025-04-18T00:00:00,payout_received,500.0,345600.0
2025-04-18T00:00:00,payout_received,500.0,346100.0
2025-04-18T00:00:00,payout_received,500.0,346600.0
2025-04-18T00:00:00,payout_received,500.0,347100.0
2025-04-18T00:00:00,payout_received,500.0,347600.0
2025-04-18T00:00:00,payout_received,500.0,348100.0
2025-04-18T00:00:00,payout_received,500.0,348600.0
2025-04-23T00:00:00,payout_received,500.0,349100.0
2025-04-23T00:00:00,payout_received,500.0,349600.0
2025-04-23T00:00:00,payout_received,500.0,350100.0
2025-04-30T00:00:00,payout_received,500.0,350600.0
2025-04-30T00:00:00,payout_received,500.0,351100.0
2025-05-01T00:00:00,owner_contribution,200,351300.0
2025-05-03T00:00:00,payout_received,500.0,351800.0
2025-05-03T00:00:00,payout_received,500.0,352300.0
2025-05-03T00:00:00,payout_received,500.0,352800.0
2025-05-03T00:00:00,payout_received,500.0,353300.0
2025-05-03T00:00:00,payout_received,500.0,353800.0
2025-05-03T00:00:00,payout_received,500.0,354300.0
2025-05-03T00:00:00,payout_received,500.0,354800.0
2025-05-03T00:00:00,payout_received,500.0,355300.0
2025-05-03T00:00:00,payout_received,500.0,355800.0
2025-05-03T00:00:00,payout_received,500.0,356300.0
2025-05-03T00:00:00,payout_received,500.0,356800.0
2025-05-03T00:00:00,payout_received,500.0,357300.0
2025-05-03T00:00:00,payout_received,500.0,357800.0
2025-05-03T00:00:00,payout_received,500.0,358300.0
2025-05-03T00:00:00,payout_received,500.0,358800.0
2025-05-09T00:00:00,payout_received,500.0,359300.0
2025-05-09T00:00:00,payout_received,500.0,359800.0
2025-05-09T00:00:00,payout_received,500.0,360300.0
2025-05-14T00:00:00,payout_received,500.0,360800.0
2025-05-14T00:00:00,payout_received,500.0,361300.0
2025-05-16T00:00:00,payout_received,500.0,361800.0
2025-05-16T00:00:00,payout_received,500.0,362300.0
2025-05-16T00:00:00,payout_received,500.0,362800.0
2025-05-16T00:00:00,payout_received,500.0,363300.0
2025-05-16T00:00:00,payout_received,500.0,363800.0
2025-05-16T00:00:00,payout_received,500.0,364300.0
2025-05-16T00:00:00,payout_received,500.0,364800.0
2025-05-16T00:00:00,payout_received,500.0,365300.0
2025-05-16T00:00:00,payout_received,500.0,365800.0
2025-05-16T00:00:00,payout_received,500.0,366300.0
2025-05-16T00:00:00,payout_received,500.0,366800.0
2025-05-16T00:00:00,payout_received,500.0,367300.0
2025-05-16T00:00:00,payout_received,500.0,367800.0
2025-05-16T00:00:00,payout_received,500.0,368300.0
2025-05-16T00:00:00,payout_received,500.0,368800.0
2025-05-21T00:00:00,payout_received,500.0,369300.0
2025-05-21T00:00:00,payout_received,500.0,369800.0
2025-05-21T00:00:00,payout_received,500.0,370300.0
2025-05-24T00:00:00,payout_received,500.0,370800.0
2025-05-24T00:00:00,payout_received,500.0,371300.0
2025-05-28T00:00:00,payout_received,500.0,371800.0
2025-05-28T00:00:00,payout_received,500.0,372300.0
2025-05-28T00:00:00,payout_received,500.0,372800.0
2025-05-28T00:00:00,payout_received,500.0,373300.0
2025-05-28T00:00:00,payout_received,500.0,373800.0
2025-05-28T00:00:00,payout_received,500.0,374300.0
2025-05-28T00:00:00,payout_received,500.0,374800.0
2025-05-28T00:00:00,payout_received,500.0,375300.0
2025-05-28T00:00:00,payout_received,500.0,375800.0
2025-05-28T00:00:00,payout_received,500.0,376300.0
2025-05-28T00:00:00,payout_received,500.0,376800.0
2025-05-28T00:00:00,payout_received,500.0,377300.0
2025-05-28T00:00:00,payout_received,500.0,377800.0
2025-05-28T00:00:00,payout_received,500.0,378300.0
2025-05-28T00:00:00,payout_received,500.0,378800.0
2025-06-01T00:00:00,owner_contribution,200,379000.0
2025-06-03T00:00:00,payout_received,500.0,379500.0
2025-06-03T00:00:00,payout_received,500.0,380000.0
2025-06-03T00:00:00,payout_received,500.0,380500.0
2025-06-07T00:00:00,payout_received,500.0,381000.0
2025-06-07T00:00:00,payout_received,500.0,381500.0
2025-06-11T00:00:00,payout_received,500.0,382000.0
2025-06-11T00:00:00,payout_received,500.0,382500.0
2025-06-11T00:00:00,payout_received,500.0,383000.0
2025-06-11T00:00:00,payout_received,500.0,383500.0
2025-06-11T00:00:00,payout_received,500.0,384000.0
2025-06-11T00:00:00,payout_received,500.0,384500.0
2025-06-11T00:00:00,payout_received,500.0,385000.0
2025-06-11T00:00:00,payout_received,500.0,385500.0
2025-06-11T00:00:00,payout_received,500.0,386000.0
2025-06-11T00:00:00,payout_received,500.0,386500.0
2025-06-11T00:00:00,payout_received,500.0,387000.0
2025-06-11T00:00:00,payout_received,500.0,387500.0
2025-06-11T00:00:00,payout_received,500.0,388000.0
2025-06-11T00:00:00,payout_received,500.0,388500.0
2025-06-11T00:00:00,payout_received,500.0,389000.0
2025-06-13T00:00:00,payout_received,500.0,389500.0
2025-06-13T00:00:00,payout_received,500.0,390000.0
2025-06-13T00:00:00,payout_received,500.0,390500.0
2025-06-21T00:00:00,payout_received,500.0,391000.0
2025-06-21T00:00:00,payout_received,500.0,391500.0
2025-06-24T00:00:00,payout_received,500.0,392000.0
2025-06-24T00:00:00,payout_received,500.0,392500.0
2025-06-24T00:00:00,payout_received,500.0,393000.0
2025-06-24T00:00:00,payout_received,500.0,393500.0
2025-06-24T00:00:00,payout_received,500.0,394000.0
2025-06-24T00:00:00,payout_received,500.0,394500.0
2025-06-24T00:00:00,payout_received,500.0,395000.0
2025-06-24T00:00:00,payout_received,500.0,395500.0
2025-06-24T00:00:00,payout_received,500.0,396000.0
2025-06-24T00:00:00,payout_received,500.0,396500.0
2025-06-24T00:00:00,payout_received,500.0,397000.0
2025-06-24T00:00:00,payout_received,500.0,397500.0
2025-06-24T00:00:00,payout_received,500.0,398000.0
2025-06-24T00:00:00,payout_received,500.0,398500.0
2025-06-24T00:00:00,payout_received,500.0,399000.0
2025-06-26T00:00:00,payout_received,500.0,399500.0
2025-06-26T00:00:00,payout_received,500.0,400000.0
2025-06-26T00:00:00,payout_received,500.0,400500.0
2025-07-01T00:00:00,owner_contribution,200,400700.0
2025-07-03T00:00:00,payout_received,500.0,401200.0
2025-07-03T00:00:00,payout_received,500.0,401700.0
2025-07-04T00:00:00,payout_received,500.0,402200.0
2025-07-04T00:00:00,payout_received,500.0,402700.0
2025-07-04T00:00:00,payout_received,500.0,403200.0
2025-07-04T00:00:00,payout_received,500.0,403700.0
2025-07-04T00:00:00,payout_received,500.0,404200.0
2025-07-04T00:00:00,payout_received,500.0,404700.0
2025-07-04T00:00:00,payout_received,500.0,405200.0
2025-07-04T00:00:00,payout_received,500.0,405700.0
2025-07-04T00:00:00,payout_received,500.0,406200.0
2025-07-04T00:00:00,payout_received,500.0,406700.0
2025-07-04T00:00:00,payout_received,500.0,407200.0
2025-07-04T00:00:00,payout_received,500.0,407700.0
2025-07-04T00:00:00,payout_received,500.0,408200.0
2025-07-04T00:00:00,payout_received,500.0,408700.0
2025-07-04T00:00:00,payout_received,500.0,409200.0
2025-07-10T00:00:00,payout_received,500.0,409700.0
2025-07-10T00:00:00,payout_received,500.0,410200.0
2025-07-10T00:00:00,payout_received,500.0,410700.0
2025-07-19T00:00:00,payout_received,500.0,411200.0
2025-07-19T00:00:00,payout_received,500.0,411700.0
2025-07-22T00:00:00,payout_received,500.0,412200.0
2025-07-22T00:00:00,payout_received,500.0,412700.0
2025-07-22T00:00:00,payout_received,500.0,413200.0
2025-07-22T00:00:00,payout_received,500.0,413700.0
2025-07-22T00:00:00,payout_received,500.0,414200.0
2025-07-22T00:00:00,payout_received,500.0,414700.0
2025-07-22T00:00:00,payout_received,500.0,415200.0
2025-07-22T00:00:00,payout_received,500.0,415700.0
2025-07-22T00:00:00,payout_received,500.0,416200.0
2025-07-22T00:00:00,payout_received,500.0,416700.0
2025-07-22T00:00:00,payout_received,500.0,417200.0
2025-07-22T00:00:00,payout_received,500.0,417700.0
2025-07-22T00:00:00,payout_received,500.0,418200.0
2025-07-22T00:00:00,payout_received,500.0,418700.0
2025-07-22T00:00:00,payout_received,500.0,419200.0
2025-08-01T00:00:00,owner_contribution,200,419400.0
2025-08-05T00:00:00,payout_received,500.0,419900.0
2025-08-05T00:00:00,payout_received,500.0,420400.0
2025-08-05T00:00:00,payout_received,500.0,420900.0
2025-08-09T00:00:00,payout_received,500.0,421400.0
2025-08-09T00:00:00,payout_received,500.0,421900.0
2025-08-13T00:00:00,payout_received,450.0,422350.0
2025-08-13T00:00:00,payout_received,450.0,422800.0
2025-08-13T00:00:00,payout_received,450.0,423250.0
2025-08-13T00:00:00,payout_received,500.0,423750.0
2025-08-13T00:00:00,payout_received,500.0,424250.0
2025-08-13T00:00:00,payout_received,500.0,424750.0
2025-08-13T00:00:00,payout_received,500.0,425250.0
2025-08-13T00:00:00,payout_received,500.0,425750.0
2025-08-13T00:00:00,payout_received,500.0,426250.0
2025-08-13T00:00:00,payout_received,500.0,426750.0
2025-08-13T00:00:00,payout_received,500.0,427250.0
2025-08-13T00:00:00,payout_received,500.0,427750.0
2025-08-13T00:00:00,payout_received,500.0,428250.0
2025-08-13T00:00:00,payout_received,500.0,428750.0
2025-08-13T00:00:00,payout_received,500.0,429250.0
2025-08-21T00:00:00,payout_received,500.0,429750.0
2025-08-21T00:00:00,payout_received,500.0,430250.0
2025-08-21T00:00:00,payout_received,500.0,430750.0
2025-09-01T00:00:00,owner_contribution,200,430950.0
2025-10-01T00:00:00,owner_contribution,200,431150.0
2025-10-07T00:00:00,payout_received,450.0,431600.0
2025-10-07T00:00:00,payout_received,450.0,432050.0
2025-10-07T00:00:00,payout_received,450.0,432500.0
2025-10-08T00:00:00,payout_received,500.0,433000.0
2025-10-08T00:00:00,payout_received,500.0,433500.0
2025-10-08T00:00:00,payout_received,500.0,434000.0
2025-10-08T00:00:00,payout_received,500.0,434500.0
2025-10-08T00:00:00,payout_received,500.0,435000.0
2025-10-08T00:00:00,payout_received,500.0,435500.0
2025-10-08T00:00:00,payout_received,500.0,436000.0
2025-10-08T00:00:00,payout_received,500.0,436500.0
2025-10-08T00:00:00,payout_received,500.0,437000.0
2025-10-09T00:00:00,payout_received,500.0,437500.0
2025-10-09T00:00:00,payout_received,500.0,438000.0
2025-10-09T00:00:00,payout_received,500.0,438500.0
2025-10-09T00:00:00,payout_received,500.0,439000.0
2025-10-09T00:00:00,payout_received,500.0,439500.0
2025-10-09T00:00:00,payout_received,500.0,440000.0
2025-10-15T00:00:00,payout_received,500.0,440500.0
2025-10-15T00:00:00,payout_received,500.0,441000.0
2025-10-17T00:00:00,payout_received,450.0,441450.0
2025-10-17T00:00:00,payout_received,450.0,441900.0
2025-10-17T00:00:00,payout_received,450.0,442350.0
2025-10-18T00:00:00,payout_received,500.0,442850.0
2025-10-18T00:00:00,payout_received,500.0,443350.0
2025-10-18T00:00:00,payout_received,500.0,443850.0
2025-10-18T00:00:00,payout_received,450.0,444300.0
2025-10-18T00:00:00,payout_received,450.0,444750.0
2025-10-18T00:00:00,payout_received,450.0,445200.0
2025-10-18T00:00:00,payout_received,500.0,445700.0
2025-10-18T00:00:00,payout_received,500.0,446200.0
2025-10-18T00:00:00,payout_received,500.0,446700.0
2025-10-21T00:00:00,payout_received,500.0,447200.0
2025-10-21T00:00:00,payout_received,500.0,447700.0
2025-10-21T00:00:00,payout_received,500.0,448200.0
2025-10-21T00:00:00,payout_received,500.0,448700.0
2025-10-21T00:00:00,payout_received,500.0,449200.0
2025-10-21T00:00:00,payout_received,500.0,449700.0
2025-10-25T00:00:00,payout_received,500.0,450200.0
2025-10-25T00:00:00,payout_received,500.0,450700.0
2025-10-29T00:00:00,payout_received,450.0,451150.0
2025-10-29T00:00:00,payout_received,450.0,451600.0
2025-10-29T00:00:00,payout_received,450.0,452050.0
2025-10-31T00:00:00,payout_received,450.0,452500.0
2025-10-31T00:00:00,payout_received,450.0,452950.0
2025-10-31T00:00:00,payout_received,450.0,453400.0
2025-10-31T00:00:00,payout_received,450.0,453850.0
2025-10-31T00:00:00,payout_received,450.0,454300.0
2025-10-31T00:00:00,payout_received,450.0,454750.0
2025-10-31T00:00:00,payout_received,500.0,455250.0
2025-10-31T00:00:00,payout_received,500.0,455750.0
2025-10-31T00:00:00,payout_received,500.0,456250.0
2025-11-01T00:00:00,owner_contribution,200,456450.0
2025-11-04T00:00:00,payout_received,500.0,456950.0
2025-11-04T00:00:00,payout_received,500.0,457450.0
2025-11-04T00:00:00,payout_received,500.0,457950.0
2025-11-04T00:00:00,payout_received,500.0,458450.0
2025-11-04T00:00:00,payout_received,500.0,458950.0
2025-11-04T00:00:00,payout_received,500.0,459450.0
2025-11-11T00:00:00,payout_received,500.0,459950.0
2025-11-11T00:00:00,payout_received,500.0,460450.0
2025-11-14T00:00:00,payout_received,450.0,460900.0
2025-11-14T00:00:00,payout_received,450.0,461350.0
2025-11-14T00:00:00,payout_received,450.0,461800.0
2025-11-14T00:00:00,payout_received,450.0,462250.0
2025-11-14T00:00:00,payout_received,450.0,462700.0
2025-11-14T00:00:00,payout_received,450.0,463150.0
2025-11-14T00:00:00,payout_received,450.0,463600.0
2025-11-14T00:00:00,payout_received,450.0,464050.0
2025-11-14T00:00:00,payout_received,450.0,464500.0
2025-11-14T00:00:00,payout_received,500.0,465000.0
2025-11-14T00:00:00,payout_received,500.0,465500.0
2025-11-14T00:00:00,payout_received,500.0,466000.0
2025-11-20T00:00:00,payout_received,500.0,466500.0
2025-11-20T00:00:00,payout_received,500.0,467000.0
2025-11-20T00:00:00,payout_received,500.0,467500.0
2025-11-20T00:00:00,payout_received,500.0,468000.0
2025-11-20T00:00:00,payout_received,500.0,468500.0
2025-11-20T00:00:00,payout_received,500.0,469000.0
2025-11-25T00:00:00,payout_received,500.0,469500.0
2025-11-25T00:00:00,payout_received,500.0,470000.0
2025-11-29T00:00:00,payout_received,450.0,470450.0
2025-11-29T00:00:00,payout_received,450.0,470900.0
2025-11-29T00:00:00,payout_received,450.0,471350.0
2025-11-29T00:00:00,payout_received,450.0,471800.0
2025-11-29T00:00:00,payout_received,450.0,472250.0
2025-11-29T00:00:00,payout_received,450.0,472700.0
2025-11-29T00:00:00,payout_received,450.0,473150.0
2025-11-29T00:00:00,payout_received,450.0,473600.0
2025-11-29T00:00:00,payout_received,450.0,474050.0
2025-11-29T00:00:00,payout_received,500.0,474550.0
2025-11-29T00:00:00,payout_received,500.0,475050.0
2025-11-29T00:00:00,payout_received,500.0,475550.0
2025-12-01T00:00:00,owner_contribution,200,475750.0
2025-12-12T00:00:00,payout_received,500.0,476250.0
2025-12-12T00:00:00,payout_received,500.0,476750.0
2025-12-12T00:00:00,payout_received,500.0,477250.0
2025-12-12T00:00:00,payout_received,500.0,477750.0
2025-12-12T00:00:00,payout_received,500.0,478250.0
2025-12-12T00:00:00,payout_received,500.0,478750.0
2026-01-01T00:00:00,owner_contribution,200,478950.0
2026-01-15T00:00:00,payout_received,450.0,479400.0
2026-01-15T00:00:00,payout_received,450.0,479850.0
2026-01-15T00:00:00,payout_received,450.0,480300.0
2026-01-30T00:00:00,payout_received,450.0,480750.0
2026-01-30T00:00:00,payout_received,450.0,481200.0
2026-01-30T00:00:00,payout_received,450.0,481650.0
2026-01-30T00:00:00,payout_received,450.0,482100.0
2026-01-30T00:00:00,payout_received,450.0,482550.0
2026-01-30T00:00:00,payout_received,450.0,483000.0
2026-01-30T00:00:00,payout_received,450.0,483450.0
2026-01-30T00:00:00,payout_received,450.0,483900.0
2026-01-30T00:00:00,payout_received,450.0,484350.0
2026-01-30T00:00:00,payout_received,450.0,484800.0
2026-01-30T00:00:00,payout_received,450.0,485250.0
2026-01-30T00:00:00,payout_received,450.0,485700.0
2026-01-30T00:00:00,payout_received,500.0,486200.0
2026-01-30T00:00:00,payout_received,500.0,486700.0
2026-01-30T00:00:00,payout_received,500.0,487200.0
2026-01-30T00:00:00,payout_received,500.0,487700.0
2026-01-30T00:00:00,payout_received,500.0,488200.0
2026-01-30T00:00:00,payout_received,500.0,488700.0
2026-02-01T00:00:00,owner_contribution,200,488900.0
2026-02-12T00:00:00,payout_received,500.0,489400.0
2026-02-12T00:00:00,payout_received,500.0,489900.0
2026-03-01T00:00:00,owner_contribution,200,490100.0
2026-04-01T00:00:00,owner_contribution,200,490300.0
2026-05-01T00:00:00,owner_contribution,200,490500.0
2026-05-14T00:00:00,payout_received,450.0,490950.0
2026-05-14T00:00:00,payout_received,450.0,491400.0
2026-05-14T00:00:00,payout_received,450.0,491850.0
2026-05-14T00:00:00,payout_received,450.0,492300.0
2026-05-14T00:00:00,payout_received,450.0,492750.0
2026-05-14T00:00:00,payout_received,450.0,493200.0
2026-05-14T00:00:00,payout_received,450.0,493650.0
2026-05-14T00:00:00,payout_received,450.0,494100.0
2026-05-14T00:00:00,payout_received,450.0,494550.0
2026-05-14T00:00:00,payout_received,450.0,495000.0
2026-05-14T00:00:00,payout_received,450.0,495450.0
2026-05-14T00:00:00,payout_received,450.0,495900.0
2026-05-14T00:00:00,payout_received,500.0,496400.0
2026-05-14T00:00:00,payout_received,500.0,496900.0
2026-05-14T00:00:00,payout_received,500.0,497400.0
2026-05-14T00:00:00,payout_received,500.0,497900.0
2026-05-14T00:00:00,payout_received,500.0,498400.0
2026-05-14T00:00:00,payout_received,500.0,498900.0
2026-05-14T00:00:00,payout_received,500.0,499400.0
2026-05-14T00:00:00,payout_received,500.0,499900.0
2026-06-01T00:00:00,owner_contribution,200,500100.0
2026-06-13T00:00:00,payout_received,450.0,500550.0
2026-06-13T00:00:00,payout_received,450.0,501000.0
2026-06-13T00:00:00,payout_received,450.0,501450.0
2026-06-13T00:00:00,payout_received,450.0,501900.0
2026-06-13T00:00:00,payout_received,450.0,502350.0
2026-06-13T00:00:00,payout_received,450.0,502800.0
2026-06-13T00:00:00,payout_received,450.0,503250.0
2026-06-13T00:00:00,payout_received,450.0,503700.0
2026-06-13T00:00:00,payout_received,450.0,504150.0
2026-06-13T00:00:00,payout_received,450.0,504600.0
2026-06-13T00:00:00,payout_received,450.0,505050.0
2026-06-13T00:00:00,payout_received,450.0,505500.0
2026-06-13T00:00:00,payout_received,500.0,506000.0
2026-06-13T00:00:00,payout_received,500.0,506500.0
2026-06-13T00:00:00,payout_received,500.0,507000.0
2026-06-13T00:00:00,payout_received,500.0,507500.0
2026-06-13T00:00:00,payout_received,500.0,508000.0
2026-06-13T00:00:00,payout_received,500.0,508500.0
2026-06-13T00:00:00,payout_received,500.0,509000.0
2026-06-13T00:00:00,payout_received,500.0,509500.0
2026-07-01T00:00:00,owner_contribution,200,509700.0
2026-07-13T21:30:40,payout_received,4666.81,514366.81
2026-07-13T21:30:40,payout_received,4666.81,519033.62
2026-07-13T21:30:40,payout_received,4666.81,523700.43
2026-07-13T21:30:40,payout_received,4990.81,528691.24
2026-07-13T21:30:40,payout_received,4990.81,533682.05
2026-07-13T21:30:40,payout_received,4990.81,538672.86
2026-07-13T21:30:40,payout_received,5026.9,543699.76
2026-07-13T21:30:40,payout_received,5026.9,548726.66
2026-07-13T21:30:40,payout_received,5026.9,553753.56
2026-07-13T21:30:40,payout_received,4918.27,558671.83
2026-07-13T21:30:40,payout_received,4918.27,563590.1
2026-07-13T21:30:40,payout_received,4918.27,568508.37
2026-07-13T21:30:40,payout_received,5059.57,573567.94
2026-07-13T21:30:40,payout_received,5059.57,578627.51
2026-07-13T21:30:40,payout_received,5059.57,583687.08
2026-07-13T21:30:40,payout_received,5133.95,588821.03
2026-07-13T21:30:40,payout_received,5133.95,593954.98
2026-07-13T21:30:40,payout_received,5133.95,599088.93
2026-07-13T21:30:40,payout_received,5129.24,604218.17
2026-07-13T21:30:40,payout_received,5129.24,609347.41
