at,account_id,cohort_month,payout_number,requested_usd,allowed_usd,gross_usd,received_usd,balance_before_usd,balance_after_usd,outstanding_after_usd,binding_cap
2022-02-28 00:00:00,4,2020-04,1,747.55,747.55,747.55,747.55,32347.55,31600.0,0.0,
2022-02-28 00:00:00,5,2020-04,1,747.55,747.55,747.55,747.55,32347.55,31600.0,0.0,
2022-02-28 00:00:00,6,2020-04,1,747.55,747.55,747.55,747.55,32347.55,31600.0,0.0,
2022-04-04 00:00:00,4,2020-04,2,833.8,833.8,833.8,833.8,32433.8,31600.0,0.0,
2022-04-04 00:00:00,5,2020-04,2,833.8,833.8,833.8,833.8,32433.8,31600.0,0.0,
2022-04-04 00:00:00,6,2020-04,2,833.8,833.8,833.8,833.8,32433.8,31600.0,0.0,
2022-04-11 00:00:00,22,2021-10,1,1014.25,1014.25,1014.25,1014.25,32614.25,31600.0,0.0,
2022-04-11 00:00:00,23,2021-10,1,1014.25,1014.25,1014.25,1014.25,32614.25,31600.0,0.0,
2022-04-11 00:00:00,24,2021-10,1,1014.25,1014.25,1014.25,1014.25,32614.25,31600.0,0.0,
2022-04-18 00:00:00,19,2021-07,1,1106.15,1106.15,1106.15,1106.15,32706.15,31600.0,0.0,
2022-04-18 00:00:00,20,2021-07,1,1106.15,1106.15,1106.15,1106.15,32706.15,31600.0,0.0,
2022-04-18 00:00:00,21,2021-07,1,1106.15,1106.15,1106.15,1106.15,32706.15,31600.0,0.0,
2022-04-25 00:00:00,4,2020-04,3,1575.8,1500.0,1500.0,1500.0,33175.8,31675.8,0.0,maximum_payout
2022-04-25 00:00:00,5,2020-04,3,1575.8,1500.0,1500.0,1500.0,33175.8,31675.8,0.0,maximum_payout
2022-04-25 00:00:00,6,2020-04,3,1575.8,1500.0,1500.0,1500.0,33175.8,31675.8,0.0,maximum_payout
2022-04-25 00:00:00,22,2021-10,2,1043.0,1043.0,1043.0,1043.0,32643.0,31600.0,0.0,
2022-04-25 00:00:00,23,2021-10,2,1043.0,1043.0,1043.0,1043.0,32643.0,31600.0,0.0,
2022-04-25 00:00:00,24,2021-10,2,1043.0,1043.0,1043.0,1043.0,32643.0,31600.0,0.0,
2022-09-12 00:00:00,19,2021-07,2,584.5,584.5,584.5,584.5,32184.5,31600.0,0.0,
2022-09-12 00:00:00,20,2021-07,2,584.5,584.5,584.5,584.5,32184.5,31600.0,0.0,
2022-09-12 00:00:00,21,2021-07,2,584.5,584.5,584.5,584.5,32184.5,31600.0,0.0,
2022-10-03 00:00:00,4,2020-04,4,565.45,565.45,565.45,565.45,32165.45,31600.0,0.0,
2022-10-03 00:00:00,5,2020-04,4,565.45,565.45,565.45,565.45,32165.45,31600.0,0.0,
2022-10-03 00:00:00,6,2020-04,4,565.45,565.45,565.45,565.45,32165.45,31600.0,0.0,
2022-10-17 00:00:00,19,2021-07,3,802.4,802.4,802.4,802.4,32402.4,31600.0,0.0,
2022-10-17 00:00:00,20,2021-07,3,802.4,802.4,802.4,802.4,32402.4,31600.0,0.0,
2022-10-17 00:00:00,21,2021-07,3,802.4,802.4,802.4,802.4,32402.4,31600.0,0.0,
2022-10-17 00:00:00,22,2021-10,3,975.9,975.9,975.9,975.9,32575.9,31600.0,0.0,
2022-10-17 00:00:00,23,2021-10,3,975.9,975.9,975.9,975.9,32575.9,31600.0,0.0,
2022-10-17 00:00:00,24,2021-10,3,975.9,975.9,975.9,975.9,32575.9,31600.0,0.0,
2022-10-17 00:00:00,25,2022-01,1,912.45,912.45,912.45,912.45,32512.45,31600.0,0.0,
2022-10-24 00:00:00,4,2020-04,5,1314.2,1314.2,1314.2,1314.2,32914.2,31600.0,0.0,
2022-10-24 00:00:00,5,2020-04,5,1314.2,1314.2,1314.2,1314.2,32914.2,31600.0,0.0,
2022-10-24 00:00:00,6,2020-04,5,1314.2,1314.2,1314.2,1314.2,32914.2,31600.0,0.0,
2023-02-20 00:00:00,19,2021-07,4,599.7,599.7,599.7,599.7,32199.7,31600.0,0.0,
2023-02-20 00:00:00,20,2021-07,4,599.7,599.7,599.7,599.7,32199.7,31600.0,0.0,
2023-02-20 00:00:00,21,2021-07,4,599.7,599.7,599.7,599.7,32199.7,31600.0,0.0,
2023-02-20 00:00:00,22,2021-10,4,599.7,599.7,599.7,599.7,32199.7,31600.0,0.0,
2023-02-20 00:00:00,23,2021-10,4,599.7,599.7,599.7,599.7,32199.7,31600.0,0.0,
2023-02-20 00:00:00,24,2021-10,4,599.7,599.7,599.7,599.7,32199.7,31600.0,0.0,
2023-02-20 00:00:00,25,2022-01,2,599.7,599.7,599.7,599.7,32199.7,31600.0,0.0,
2023-03-27 00:00:00,4,2020-04,6,831.0,831.0,831.0,831.0,32431.0,31600.0,0.0,
2023-03-27 00:00:00,5,2020-04,6,831.0,831.0,831.0,831.0,32431.0,31600.0,0.0,
2023-03-27 00:00:00,6,2020-04,6,831.0,831.0,831.0,831.0,32431.0,31600.0,0.0,
2023-03-27 00:00:00,19,2021-07,5,1059.25,1059.25,1059.25,1059.25,32659.25,31600.0,0.0,
2023-03-27 00:00:00,20,2021-07,5,1059.25,1059.25,1059.25,1059.25,32659.25,31600.0,0.0,
2023-03-27 00:00:00,21,2021-07,5,1059.25,1059.25,1059.25,1059.25,32659.25,31600.0,0.0,
2023-03-27 00:00:00,22,2021-10,5,1059.25,1059.25,1059.25,1059.25,32659.25,31600.0,0.0,
2023-03-27 00:00:00,23,2021-10,5,1059.25,1059.25,1059.25,1059.25,32659.25,31600.0,0.0,
2023-03-27 00:00:00,24,2021-10,5,1059.25,1059.25,1059.25,1059.25,32659.25,31600.0,0.0,
2023-03-27 00:00:00,25,2022-01,3,1059.25,1059.25,1059.25,1059.25,32659.25,31600.0,0.0,
2023-03-27 00:00:00,29,2022-07,1,672.85,672.85,672.85,672.85,32272.85,31600.0,0.0,
2023-03-27 00:00:00,30,2022-07,1,672.85,672.85,672.85,672.85,32272.85,31600.0,0.0,
2023-03-27 00:00:00,31,2022-07,1,672.85,672.85,672.85,672.85,32272.85,31600.0,0.0,
2023-04-10 00:00:00,4,2020-04,7,766.1,766.1,766.1,766.1,32366.1,31600.0,0.0,
2023-04-10 00:00:00,5,2020-04,7,766.1,766.1,766.1,766.1,32366.1,31600.0,0.0,
2023-04-10 00:00:00,6,2020-04,7,766.1,766.1,766.1,766.1,32366.1,31600.0,0.0,
2023-04-10 00:00:00,19,2021-07,6,766.1,766.1,766.1,766.1,32366.1,31600.0,0.0,
2023-04-10 00:00:00,20,2021-07,6,766.1,766.1,766.1,766.1,32366.1,31600.0,0.0,
2023-04-10 00:00:00,21,2021-07,6,766.1,766.1,766.1,766.1,32366.1,31600.0,0.0,
2023-04-10 00:00:00,22,2021-10,6,766.1,766.1,766.1,766.1,32366.1,31600.0,0.0,
2023-04-10 00:00:00,23,2021-10,6,766.1,766.1,766.1,766.1,32366.1,31600.0,0.0,
2023-04-10 00:00:00,24,2021-10,6,766.1,766.1,766.1,766.1,32366.1,31600.0,0.0,
2023-04-10 00:00:00,25,2022-01,4,766.1,766.1,766.1,766.1,32366.1,31600.0,0.0,
2023-04-10 00:00:00,29,2022-07,2,766.1,766.1,766.1,766.1,32366.1,31600.0,0.0,
2023-04-10 00:00:00,30,2022-07,2,766.1,766.1,766.1,766.1,32366.1,31600.0,0.0,
2023-04-10 00:00:00,31,2022-07,2,766.1,766.1,766.1,766.1,32366.1,31600.0,0.0,
2023-05-01 00:00:00,4,2020-04,8,672.75,672.75,672.75,672.75,32272.75,31600.0,0.0,
2023-05-01 00:00:00,5,2020-04,8,672.75,672.75,672.75,672.75,32272.75,31600.0,0.0,
2023-05-01 00:00:00,6,2020-04,8,672.75,672.75,672.75,672.75,32272.75,31600.0,0.0,
2023-05-01 00:00:00,19,2021-07,7,672.75,672.75,672.75,672.75,32272.75,31600.0,0.0,
2023-05-01 00:00:00,20,2021-07,7,672.75,672.75,672.75,672.75,32272.75,31600.0,0.0,
2023-05-01 00:00:00,21,2021-07,7,672.75,672.75,672.75,672.75,32272.75,31600.0,0.0,
2023-05-01 00:00:00,22,2021-10,7,672.75,672.75,672.75,672.75,32272.75,31600.0,0.0,
2023-05-01 00:00:00,23,2021-10,7,672.75,672.75,672.75,672.75,32272.75,31600.0,0.0,
2023-05-01 00:00:00,24,2021-10,7,672.75,672.75,672.75,672.75,32272.75,31600.0,0.0,
2023-05-01 00:00:00,25,2022-01,5,672.75,672.75,672.75,672.75,32272.75,31600.0,0.0,
2023-05-01 00:00:00,29,2022-07,3,672.75,672.75,672.75,672.75,32272.75,31600.0,0.0,
2023-05-01 00:00:00,30,2022-07,3,672.75,672.75,672.75,672.75,32272.75,31600.0,0.0,
2023-05-01 00:00:00,31,2022-07,3,672.75,672.75,672.75,672.75,32272.75,31600.0,0.0,
2023-08-28 00:00:00,4,2020-04,9,631.5,631.5,631.5,631.5,32231.5,31600.0,0.0,
2023-08-28 00:00:00,5,2020-04,9,631.5,631.5,631.5,631.5,32231.5,31600.0,0.0,
2023-08-28 00:00:00,6,2020-04,9,631.5,631.5,631.5,631.5,32231.5,31600.0,0.0,
2023-08-28 00:00:00,19,2021-07,8,631.5,631.5,631.5,631.5,32231.5,31600.0,0.0,
2023-08-28 00:00:00,20,2021-07,8,631.5,631.5,631.5,631.5,32231.5,31600.0,0.0,
2023-08-28 00:00:00,21,2021-07,8,631.5,631.5,631.5,631.5,32231.5,31600.0,0.0,
2023-08-28 00:00:00,22,2021-10,8,631.5,631.5,631.5,631.5,32231.5,31600.0,0.0,
2023-08-28 00:00:00,23,2021-10,8,631.5,631.5,631.5,631.5,32231.5,31600.0,0.0,
2023-08-28 00:00:00,24,2021-10,8,631.5,631.5,631.5,631.5,32231.5,31600.0,0.0,
2023-08-28 00:00:00,25,2022-01,6,631.5,631.5,631.5,631.5,32231.5,31600.0,0.0,
2023-08-28 00:00:00,29,2022-07,4,631.5,631.5,631.5,631.5,32231.5,31600.0,0.0,
2023-08-28 00:00:00,30,2022-07,4,631.5,631.5,631.5,631.5,32231.5,31600.0,0.0,
2023-08-28 00:00:00,31,2022-07,4,631.5,631.5,631.5,631.5,32231.5,31600.0,0.0,
2024-02-05 00:00:00,4,2020-04,10,876.4,876.4,876.4,876.4,32476.4,31600.0,0.0,
2024-02-05 00:00:00,5,2020-04,10,876.4,876.4,876.4,876.4,32476.4,31600.0,0.0,
2024-02-05 00:00:00,6,2020-04,10,876.4,876.4,876.4,876.4,32476.4,31600.0,0.0,
2024-02-05 00:00:00,19,2021-07,9,876.4,876.4,876.4,876.4,32476.4,31600.0,0.0,
2024-02-05 00:00:00,20,2021-07,9,876.4,876.4,876.4,876.4,32476.4,31600.0,0.0,
2024-02-05 00:00:00,21,2021-07,9,876.4,876.4,876.4,876.4,32476.4,31600.0,0.0,
2024-02-05 00:00:00,22,2021-10,9,876.4,876.4,876.4,876.4,32476.4,31600.0,0.0,
2024-02-05 00:00:00,23,2021-10,9,876.4,876.4,876.4,876.4,32476.4,31600.0,0.0,
2024-02-05 00:00:00,24,2021-10,9,876.4,876.4,876.4,876.4,32476.4,31600.0,0.0,
2024-02-05 00:00:00,25,2022-01,7,876.4,876.4,876.4,876.4,32476.4,31600.0,0.0,
2024-02-05 00:00:00,29,2022-07,5,876.4,876.4,876.4,876.4,32476.4,31600.0,0.0,
2024-02-05 00:00:00,30,2022-07,5,876.4,876.4,876.4,876.4,32476.4,31600.0,0.0,
2024-02-05 00:00:00,31,2022-07,5,876.4,876.4,876.4,876.4,32476.4,31600.0,0.0,
2024-02-19 00:00:00,4,2020-04,11,742.9,742.9,742.9,742.9,32342.9,31600.0,0.0,
2024-02-19 00:00:00,5,2020-04,11,742.9,742.9,742.9,742.9,32342.9,31600.0,0.0,
2024-02-19 00:00:00,6,2020-04,11,742.9,742.9,742.9,742.9,32342.9,31600.0,0.0,
2024-02-19 00:00:00,19,2021-07,10,742.9,742.9,742.9,742.9,32342.9,31600.0,0.0,
2024-02-19 00:00:00,20,2021-07,10,742.9,742.9,742.9,742.9,32342.9,31600.0,0.0,
2024-02-19 00:00:00,21,2021-07,10,742.9,742.9,742.9,742.9,32342.9,31600.0,0.0,
2024-02-19 00:00:00,22,2021-10,10,742.9,742.9,742.9,742.9,32342.9,31600.0,0.0,
2024-02-19 00:00:00,23,2021-10,10,742.9,742.9,742.9,742.9,32342.9,31600.0,0.0,
2024-02-19 00:00:00,24,2021-10,10,742.9,742.9,742.9,742.9,32342.9,31600.0,0.0,
2024-02-19 00:00:00,25,2022-01,8,742.9,742.9,742.9,742.9,32342.9,31600.0,0.0,
2024-02-19 00:00:00,29,2022-07,6,742.9,742.9,742.9,742.9,32342.9,31600.0,0.0,
2024-02-19 00:00:00,30,2022-07,6,742.9,742.9,742.9,742.9,32342.9,31600.0,0.0,
2024-02-19 00:00:00,31,2022-07,6,742.9,742.9,742.9,742.9,32342.9,31600.0,0.0,
2024-03-25 00:00:00,4,2020-04,12,1072.6,1072.6,1072.6,1072.6,32672.6,31600.0,0.0,
2024-03-25 00:00:00,5,2020-04,12,1072.6,1072.6,1072.6,1072.6,32672.6,31600.0,0.0,
2024-03-25 00:00:00,6,2020-04,12,1072.6,1072.6,1072.6,1072.6,32672.6,31600.0,0.0,
2024-03-25 00:00:00,19,2021-07,11,1072.6,1072.6,1072.6,1072.6,32672.6,31600.0,0.0,
2024-03-25 00:00:00,20,2021-07,11,1072.6,1072.6,1072.6,1072.6,32672.6,31600.0,0.0,
2024-03-25 00:00:00,21,2021-07,11,1072.6,1072.6,1072.6,1072.6,32672.6,31600.0,0.0,
2024-03-25 00:00:00,22,2021-10,11,1072.6,1072.6,1072.6,1072.6,32672.6,31600.0,0.0,
2024-03-25 00:00:00,23,2021-10,11,1072.6,1072.6,1072.6,1072.6,32672.6,31600.0,0.0,
2024-03-25 00:00:00,24,2021-10,11,1072.6,1072.6,1072.6,1072.6,32672.6,31600.0,0.0,
2024-03-25 00:00:00,25,2022-01,9,1072.6,1072.6,1072.6,1072.6,32672.6,31600.0,0.0,
2024-03-25 00:00:00,29,2022-07,7,1072.6,1072.6,1072.6,1072.6,32672.6,31600.0,0.0,
2024-03-25 00:00:00,30,2022-07,7,1072.6,1072.6,1072.6,1072.6,32672.6,31600.0,0.0,
2024-03-25 00:00:00,31,2022-07,7,1072.6,1072.6,1072.6,1072.6,32672.6,31600.0,0.0,
2024-03-25 00:00:00,35,2023-01,1,1073.3,1073.3,1073.3,1073.3,32673.3,31600.0,0.0,
2024-03-25 00:00:00,36,2023-01,1,1073.3,1073.3,1073.3,1073.3,32673.3,31600.0,0.0,
2024-03-25 00:00:00,37,2023-01,1,1073.3,1073.3,1073.3,1073.3,32673.3,31600.0,0.0,
2024-04-08 00:00:00,4,2020-04,13,972.2,972.2,972.2,972.2,32572.2,31600.0,0.0,
2024-04-08 00:00:00,5,2020-04,13,972.2,972.2,972.2,972.2,32572.2,31600.0,0.0,
2024-04-08 00:00:00,6,2020-04,13,972.2,972.2,972.2,972.2,32572.2,31600.0,0.0,
2024-04-08 00:00:00,19,2021-07,12,972.2,972.2,972.2,972.2,32572.2,31600.0,0.0,
2024-04-08 00:00:00,20,2021-07,12,972.2,972.2,972.2,972.2,32572.2,31600.0,0.0,
2024-04-08 00:00:00,21,2021-07,12,972.2,972.2,972.2,972.2,32572.2,31600.0,0.0,
2024-04-08 00:00:00,22,2021-10,12,972.2,972.2,972.2,972.2,32572.2,31600.0,0.0,
2024-04-08 00:00:00,23,2021-10,12,972.2,972.2,972.2,972.2,32572.2,31600.0,0.0,
2024-04-08 00:00:00,24,2021-10,12,972.2,972.2,972.2,972.2,32572.2,31600.0,0.0,
2024-04-08 00:00:00,25,2022-01,10,972.2,972.2,972.2,972.2,32572.2,31600.0,0.0,
2024-04-08 00:00:00,29,2022-07,8,972.2,972.2,972.2,972.2,32572.2,31600.0,0.0,
2024-04-08 00:00:00,30,2022-07,8,972.2,972.2,972.2,972.2,32572.2,31600.0,0.0,
2024-04-08 00:00:00,31,2022-07,8,972.2,972.2,972.2,972.2,32572.2,31600.0,0.0,
2024-04-08 00:00:00,35,2023-01,2,972.2,972.2,972.2,972.2,32572.2,31600.0,0.0,
2024-04-08 00:00:00,36,2023-01,2,972.2,972.2,972.2,972.2,32572.2,31600.0,0.0,
2024-04-08 00:00:00,37,2023-01,2,972.2,972.2,972.2,972.2,32572.2,31600.0,0.0,
2024-06-10 00:00:00,4,2020-04,14,1188.6,1188.6,1188.6,1188.6,32788.6,31600.0,0.0,
2024-06-10 00:00:00,5,2020-04,14,1188.6,1188.6,1188.6,1188.6,32788.6,31600.0,0.0,
2024-06-10 00:00:00,6,2020-04,14,1188.6,1188.6,1188.6,1188.6,32788.6,31600.0,0.0,
2024-06-10 00:00:00,19,2021-07,13,1188.6,1188.6,1188.6,1188.6,32788.6,31600.0,0.0,
2024-06-10 00:00:00,20,2021-07,13,1188.6,1188.6,1188.6,1188.6,32788.6,31600.0,0.0,
2024-06-10 00:00:00,21,2021-07,13,1188.6,1188.6,1188.6,1188.6,32788.6,31600.0,0.0,
2024-06-10 00:00:00,22,2021-10,13,1188.6,1188.6,1188.6,1188.6,32788.6,31600.0,0.0,
2024-06-10 00:00:00,23,2021-10,13,1188.6,1188.6,1188.6,1188.6,32788.6,31600.0,0.0,
2024-06-10 00:00:00,24,2021-10,13,1188.6,1188.6,1188.6,1188.6,32788.6,31600.0,0.0,
2024-06-10 00:00:00,25,2022-01,11,1188.6,1188.6,1188.6,1188.6,32788.6,31600.0,0.0,
2024-06-10 00:00:00,29,2022-07,9,1188.6,1188.6,1188.6,1188.6,32788.6,31600.0,0.0,
2024-06-10 00:00:00,30,2022-07,9,1188.6,1188.6,1188.6,1188.6,32788.6,31600.0,0.0,
2024-06-10 00:00:00,31,2022-07,9,1188.6,1188.6,1188.6,1188.6,32788.6,31600.0,0.0,
2024-06-10 00:00:00,35,2023-01,3,1188.6,1188.6,1188.6,1188.6,32788.6,31600.0,0.0,
2024-06-10 00:00:00,36,2023-01,3,1188.6,1188.6,1188.6,1188.6,32788.6,31600.0,0.0,
2024-06-10 00:00:00,37,2023-01,3,1188.6,1188.6,1188.6,1188.6,32788.6,31600.0,0.0,
2024-06-24 00:00:00,4,2020-04,15,916.5,916.5,916.5,916.5,32516.5,31600.0,0.0,
2024-06-24 00:00:00,5,2020-04,15,916.5,916.5,916.5,916.5,32516.5,31600.0,0.0,
2024-06-24 00:00:00,6,2020-04,15,916.5,916.5,916.5,916.5,32516.5,31600.0,0.0,
2024-06-24 00:00:00,19,2021-07,14,916.5,916.5,916.5,916.5,32516.5,31600.0,0.0,
2024-06-24 00:00:00,20,2021-07,14,916.5,916.5,916.5,916.5,32516.5,31600.0,0.0,
2024-06-24 00:00:00,21,2021-07,14,916.5,916.5,916.5,916.5,32516.5,31600.0,0.0,
2024-06-24 00:00:00,22,2021-10,14,916.5,916.5,916.5,916.5,32516.5,31600.0,0.0,
2024-06-24 00:00:00,23,2021-10,14,916.5,916.5,916.5,916.5,32516.5,31600.0,0.0,
2024-06-24 00:00:00,24,2021-10,14,916.5,916.5,916.5,916.5,32516.5,31600.0,0.0,
2024-06-24 00:00:00,25,2022-01,12,916.5,916.5,916.5,916.5,32516.5,31600.0,0.0,
2024-06-24 00:00:00,29,2022-07,10,916.5,916.5,916.5,916.5,32516.5,31600.0,0.0,
2024-06-24 00:00:00,30,2022-07,10,916.5,916.5,916.5,916.5,32516.5,31600.0,0.0,
2024-06-24 00:00:00,31,2022-07,10,916.5,916.5,916.5,916.5,32516.5,31600.0,0.0,
2024-06-24 00:00:00,35,2023-01,4,916.5,916.5,916.5,916.5,32516.5,31600.0,0.0,
2024-06-24 00:00:00,36,2023-01,4,916.5,916.5,916.5,916.5,32516.5,31600.0,0.0,
2024-06-24 00:00:00,37,2023-01,4,916.5,916.5,916.5,916.5,32516.5,31600.0,0.0,
2024-07-08 00:00:00,4,2020-04,16,1004.65,1004.65,1004.65,1004.65,32604.65,31600.0,0.0,
2024-07-08 00:00:00,5,2020-04,16,1004.65,1004.65,1004.65,1004.65,32604.65,31600.0,0.0,
2024-07-08 00:00:00,6,2020-04,16,1004.65,1004.65,1004.65,1004.65,32604.65,31600.0,0.0,
2024-07-08 00:00:00,19,2021-07,15,1004.65,1004.65,1004.65,1004.65,32604.65,31600.0,0.0,
2024-07-08 00:00:00,20,2021-07,15,1004.65,1004.65,1004.65,1004.65,32604.65,31600.0,0.0,
2024-07-08 00:00:00,21,2021-07,15,1004.65,1004.65,1004.65,1004.65,32604.65,31600.0,0.0,
2024-07-08 00:00:00,22,2021-10,15,1004.65,1004.65,1004.65,1004.65,32604.65,31600.0,0.0,
2024-07-08 00:00:00,23,2021-10,15,1004.65,1004.65,1004.65,1004.65,32604.65,31600.0,0.0,
2024-07-08 00:00:00,24,2021-10,15,1004.65,1004.65,1004.65,1004.65,32604.65,31600.0,0.0,
2024-07-08 00:00:00,25,2022-01,13,1004.65,1004.65,1004.65,1004.65,32604.65,31600.0,0.0,
2024-07-08 00:00:00,29,2022-07,11,1004.65,1004.65,1004.65,1004.65,32604.65,31600.0,0.0,
2024-07-08 00:00:00,30,2022-07,11,1004.65,1004.65,1004.65,1004.65,32604.65,31600.0,0.0,
2024-07-08 00:00:00,31,2022-07,11,1004.65,1004.65,1004.65,1004.65,32604.65,31600.0,0.0,
2024-07-08 00:00:00,35,2023-01,5,1004.65,1004.65,1004.65,1004.65,32604.65,31600.0,0.0,
2024-07-08 00:00:00,36,2023-01,5,1004.65,1004.65,1004.65,1004.65,32604.65,31600.0,0.0,
2024-07-08 00:00:00,37,2023-01,5,1004.65,1004.65,1004.65,1004.65,32604.65,31600.0,0.0,
2024-07-08 00:00:00,45,2024-01,1,580.1,580.1,580.1,580.1,32180.1,31600.0,0.0,
2024-07-08 00:00:00,46,2024-01,1,580.1,580.1,580.1,580.1,32180.1,31600.0,0.0,
2024-07-08 00:00:00,47,2024-01,1,580.1,580.1,580.1,580.1,32180.1,31600.0,0.0,
2024-08-19 00:00:00,4,2020-04,17,1625.65,1625.65,1625.65,1625.65,33225.65,31600.0,0.0,
2024-08-19 00:00:00,5,2020-04,17,1625.65,1625.65,1625.65,1625.65,33225.65,31600.0,0.0,
2024-08-19 00:00:00,6,2020-04,17,1625.65,1625.65,1625.65,1625.65,33225.65,31600.0,0.0,
2024-08-19 00:00:00,19,2021-07,16,1625.65,1625.65,1625.65,1625.65,33225.65,31600.0,0.0,
2024-08-19 00:00:00,20,2021-07,16,1625.65,1625.65,1625.65,1625.65,33225.65,31600.0,0.0,
2024-08-19 00:00:00,21,2021-07,16,1625.65,1625.65,1625.65,1625.65,33225.65,31600.0,0.0,
2024-08-19 00:00:00,22,2021-10,16,1625.65,1625.65,1625.65,1625.65,33225.65,31600.0,0.0,
2024-08-19 00:00:00,23,2021-10,16,1625.65,1625.65,1625.65,1625.65,33225.65,31600.0,0.0,
2024-08-19 00:00:00,24,2021-10,16,1625.65,1625.65,1625.65,1625.65,33225.65,31600.0,0.0,
2024-08-19 00:00:00,25,2022-01,14,1625.65,1625.65,1625.65,1625.65,33225.65,31600.0,0.0,
2024-08-19 00:00:00,29,2022-07,12,1625.65,1625.65,1625.65,1625.65,33225.65,31600.0,0.0,
2024-08-19 00:00:00,30,2022-07,12,1625.65,1625.65,1625.65,1625.65,33225.65,31600.0,0.0,
2024-08-19 00:00:00,31,2022-07,12,1625.65,1625.65,1625.65,1625.65,33225.65,31600.0,0.0,
2024-08-19 00:00:00,35,2023-01,6,1625.65,1625.65,1625.65,1625.65,33225.65,31600.0,0.0,
2024-08-19 00:00:00,36,2023-01,6,1625.65,1625.65,1625.65,1625.65,33225.65,31600.0,0.0,
2024-08-19 00:00:00,37,2023-01,6,1625.65,1625.65,1625.65,1625.65,33225.65,31600.0,0.0,
2024-08-19 00:00:00,45,2024-01,2,1625.65,1500.0,1500.0,1500.0,33225.65,31725.65,0.0,maximum_payout
2024-08-19 00:00:00,46,2024-01,2,1625.65,1500.0,1500.0,1500.0,33225.65,31725.65,0.0,maximum_payout
2024-08-19 00:00:00,47,2024-01,2,1625.65,1500.0,1500.0,1500.0,33225.65,31725.65,0.0,maximum_payout
2024-09-02 00:00:00,45,2024-01,3,621.9,621.9,621.9,621.9,32221.9,31600.0,0.0,
2024-09-02 00:00:00,46,2024-01,3,621.9,621.9,621.9,621.9,32221.9,31600.0,0.0,
2024-09-02 00:00:00,47,2024-01,3,621.9,621.9,621.9,621.9,32221.9,31600.0,0.0,
2024-09-16 00:00:00,4,2020-04,18,1264.85,1264.85,1264.85,1264.85,32864.85,31600.0,0.0,
2024-09-16 00:00:00,5,2020-04,18,1264.85,1264.85,1264.85,1264.85,32864.85,31600.0,0.0,
2024-09-16 00:00:00,6,2020-04,18,1264.85,1264.85,1264.85,1264.85,32864.85,31600.0,0.0,
2024-09-16 00:00:00,19,2021-07,17,1264.85,1264.85,1264.85,1264.85,32864.85,31600.0,0.0,
2024-09-16 00:00:00,20,2021-07,17,1264.85,1264.85,1264.85,1264.85,32864.85,31600.0,0.0,
2024-09-16 00:00:00,21,2021-07,17,1264.85,1264.85,1264.85,1264.85,32864.85,31600.0,0.0,
2024-09-16 00:00:00,22,2021-10,17,1264.85,1264.85,1264.85,1264.85,32864.85,31600.0,0.0,
2024-09-16 00:00:00,23,2021-10,17,1264.85,1264.85,1264.85,1264.85,32864.85,31600.0,0.0,
2024-09-16 00:00:00,24,2021-10,17,1264.85,1264.85,1264.85,1264.85,32864.85,31600.0,0.0,
2024-09-16 00:00:00,25,2022-01,15,1264.85,1264.85,1264.85,1264.85,32864.85,31600.0,0.0,
2024-09-16 00:00:00,29,2022-07,13,1264.85,1264.85,1264.85,1264.85,32864.85,31600.0,0.0,
2024-09-16 00:00:00,30,2022-07,13,1264.85,1264.85,1264.85,1264.85,32864.85,31600.0,0.0,
2024-09-16 00:00:00,31,2022-07,13,1264.85,1264.85,1264.85,1264.85,32864.85,31600.0,0.0,
2024-09-16 00:00:00,35,2023-01,7,1264.85,1264.85,1264.85,1264.85,32864.85,31600.0,0.0,
2024-09-16 00:00:00,36,2023-01,7,1264.85,1264.85,1264.85,1264.85,32864.85,31600.0,0.0,
2024-09-16 00:00:00,37,2023-01,7,1264.85,1264.85,1264.85,1264.85,32864.85,31600.0,0.0,
2024-09-16 00:00:00,45,2024-01,4,768.6,768.6,768.6,768.6,32368.6,31600.0,0.0,
2024-09-16 00:00:00,46,2024-01,4,768.6,768.6,768.6,768.6,32368.6,31600.0,0.0,
2024-09-16 00:00:00,47,2024-01,4,768.6,768.6,768.6,768.6,32368.6,31600.0,0.0,
2024-09-30 00:00:00,4,2020-04,19,674.7,674.7,674.7,674.7,32274.7,31600.0,0.0,
2024-09-30 00:00:00,5,2020-04,19,674.7,674.7,674.7,674.7,32274.7,31600.0,0.0,
2024-09-30 00:00:00,6,2020-04,19,674.7,674.7,674.7,674.7,32274.7,31600.0,0.0,
2024-09-30 00:00:00,19,2021-07,18,674.7,674.7,674.7,674.7,32274.7,31600.0,0.0,
2024-09-30 00:00:00,20,2021-07,18,674.7,674.7,674.7,674.7,32274.7,31600.0,0.0,
2024-09-30 00:00:00,21,2021-07,18,674.7,674.7,674.7,674.7,32274.7,31600.0,0.0,
2024-09-30 00:00:00,22,2021-10,18,674.7,674.7,674.7,674.7,32274.7,31600.0,0.0,
2024-09-30 00:00:00,23,2021-10,18,674.7,674.7,674.7,674.7,32274.7,31600.0,0.0,
2024-09-30 00:00:00,24,2021-10,18,674.7,674.7,674.7,674.7,32274.7,31600.0,0.0,
2024-09-30 00:00:00,25,2022-01,16,674.7,674.7,674.7,674.7,32274.7,31600.0,0.0,
2024-09-30 00:00:00,29,2022-07,14,674.7,674.7,674.7,674.7,32274.7,31600.0,0.0,
2024-09-30 00:00:00,30,2022-07,14,674.7,674.7,674.7,674.7,32274.7,31600.0,0.0,
2024-09-30 00:00:00,31,2022-07,14,674.7,674.7,674.7,674.7,32274.7,31600.0,0.0,
2024-09-30 00:00:00,35,2023-01,8,674.7,674.7,674.7,674.7,32274.7,31600.0,0.0,
2024-09-30 00:00:00,36,2023-01,8,674.7,674.7,674.7,674.7,32274.7,31600.0,0.0,
2024-09-30 00:00:00,37,2023-01,8,674.7,674.7,674.7,674.7,32274.7,31600.0,0.0,
2024-09-30 00:00:00,45,2024-01,5,674.7,674.7,674.7,674.7,32274.7,31600.0,0.0,
2024-09-30 00:00:00,46,2024-01,5,674.7,674.7,674.7,674.7,32274.7,31600.0,0.0,
2024-09-30 00:00:00,47,2024-01,5,674.7,674.7,674.7,674.7,32274.7,31600.0,0.0,
2024-11-11 00:00:00,4,2020-04,20,1493.4,1493.4,1493.4,1493.4,33093.4,31600.0,0.0,
2024-11-11 00:00:00,5,2020-04,20,1493.4,1493.4,1493.4,1493.4,33093.4,31600.0,0.0,
2024-11-11 00:00:00,6,2020-04,20,1493.4,1493.4,1493.4,1493.4,33093.4,31600.0,0.0,
2024-11-11 00:00:00,19,2021-07,19,1493.4,1493.4,1493.4,1493.4,33093.4,31600.0,0.0,
2024-11-11 00:00:00,20,2021-07,19,1493.4,1493.4,1493.4,1493.4,33093.4,31600.0,0.0,
2024-11-11 00:00:00,21,2021-07,19,1493.4,1493.4,1493.4,1493.4,33093.4,31600.0,0.0,
2024-11-11 00:00:00,22,2021-10,19,1493.4,1493.4,1493.4,1493.4,33093.4,31600.0,0.0,
2024-11-11 00:00:00,23,2021-10,19,1493.4,1493.4,1493.4,1493.4,33093.4,31600.0,0.0,
2024-11-11 00:00:00,24,2021-10,19,1493.4,1493.4,1493.4,1493.4,33093.4,31600.0,0.0,
2024-11-11 00:00:00,25,2022-01,17,1493.4,1493.4,1493.4,1493.4,33093.4,31600.0,0.0,
2024-11-11 00:00:00,29,2022-07,15,1493.4,1493.4,1493.4,1493.4,33093.4,31600.0,0.0,
2024-11-11 00:00:00,30,2022-07,15,1493.4,1493.4,1493.4,1493.4,33093.4,31600.0,0.0,
2024-11-11 00:00:00,31,2022-07,15,1493.4,1493.4,1493.4,1493.4,33093.4,31600.0,0.0,
2024-11-11 00:00:00,35,2023-01,9,1493.4,1493.4,1493.4,1493.4,33093.4,31600.0,0.0,
2024-11-11 00:00:00,36,2023-01,9,1493.4,1493.4,1493.4,1493.4,33093.4,31600.0,0.0,
2024-11-11 00:00:00,37,2023-01,9,1493.4,1493.4,1493.4,1493.4,33093.4,31600.0,0.0,
2024-11-11 00:00:00,45,2024-01,6,1493.4,1493.4,1493.4,1493.4,33093.4,31600.0,0.0,
2024-11-11 00:00:00,46,2024-01,6,1493.4,1493.4,1493.4,1493.4,33093.4,31600.0,0.0,
2024-11-11 00:00:00,47,2024-01,6,1493.4,1493.4,1493.4,1493.4,33093.4,31600.0,0.0,
2024-12-23 00:00:00,4,2020-04,21,671.65,671.65,671.65,671.65,32271.65,31600.0,0.0,
2024-12-23 00:00:00,5,2020-04,21,671.65,671.65,671.65,671.65,32271.65,31600.0,0.0,
2024-12-23 00:00:00,6,2020-04,21,671.65,671.65,671.65,671.65,32271.65,31600.0,0.0,
2024-12-23 00:00:00,19,2021-07,20,671.65,671.65,671.65,671.65,32271.65,31600.0,0.0,
2024-12-23 00:00:00,20,2021-07,20,671.65,671.65,671.65,671.65,32271.65,31600.0,0.0,
2024-12-23 00:00:00,21,2021-07,20,671.65,671.65,671.65,671.65,32271.65,31600.0,0.0,
2024-12-23 00:00:00,22,2021-10,20,671.65,671.65,671.65,671.65,32271.65,31600.0,0.0,
2024-12-23 00:00:00,23,2021-10,20,671.65,671.65,671.65,671.65,32271.65,31600.0,0.0,
2024-12-23 00:00:00,24,2021-10,20,671.65,671.65,671.65,671.65,32271.65,31600.0,0.0,
2024-12-23 00:00:00,25,2022-01,18,671.65,671.65,671.65,671.65,32271.65,31600.0,0.0,
2024-12-23 00:00:00,29,2022-07,16,671.65,671.65,671.65,671.65,32271.65,31600.0,0.0,
2024-12-23 00:00:00,30,2022-07,16,671.65,671.65,671.65,671.65,32271.65,31600.0,0.0,
2024-12-23 00:00:00,31,2022-07,16,671.65,671.65,671.65,671.65,32271.65,31600.0,0.0,
2024-12-23 00:00:00,35,2023-01,10,671.65,671.65,671.65,671.65,32271.65,31600.0,0.0,
2024-12-23 00:00:00,36,2023-01,10,671.65,671.65,671.65,671.65,32271.65,31600.0,0.0,
2024-12-23 00:00:00,37,2023-01,10,671.65,671.65,671.65,671.65,32271.65,31600.0,0.0,
2024-12-23 00:00:00,45,2024-01,7,671.65,671.65,671.65,671.65,32271.65,31600.0,0.0,
2024-12-23 00:00:00,46,2024-01,7,671.65,671.65,671.65,671.65,32271.65,31600.0,0.0,
2024-12-23 00:00:00,47,2024-01,7,671.65,671.65,671.65,671.65,32271.65,31600.0,0.0,
2025-01-20 00:00:00,4,2020-04,22,1103.9,1103.9,1103.9,1103.9,32703.9,31600.0,0.0,
2025-01-20 00:00:00,5,2020-04,22,1103.9,1103.9,1103.9,1103.9,32703.9,31600.0,0.0,
2025-01-20 00:00:00,6,2020-04,22,1103.9,1103.9,1103.9,1103.9,32703.9,31600.0,0.0,
2025-01-20 00:00:00,19,2021-07,21,1103.9,1103.9,1103.9,1103.9,32703.9,31600.0,0.0,
2025-01-20 00:00:00,20,2021-07,21,1103.9,1103.9,1103.9,1103.9,32703.9,31600.0,0.0,
2025-01-20 00:00:00,21,2021-07,21,1103.9,1103.9,1103.9,1103.9,32703.9,31600.0,0.0,
2025-01-20 00:00:00,22,2021-10,21,1103.9,1103.9,1103.9,1103.9,32703.9,31600.0,0.0,
2025-01-20 00:00:00,23,2021-10,21,1103.9,1103.9,1103.9,1103.9,32703.9,31600.0,0.0,
2025-01-20 00:00:00,24,2021-10,21,1103.9,1103.9,1103.9,1103.9,32703.9,31600.0,0.0,
2025-01-20 00:00:00,25,2022-01,19,1103.9,1103.9,1103.9,1103.9,32703.9,31600.0,0.0,
2025-01-20 00:00:00,29,2022-07,17,1103.9,1103.9,1103.9,1103.9,32703.9,31600.0,0.0,
2025-01-20 00:00:00,30,2022-07,17,1103.9,1103.9,1103.9,1103.9,32703.9,31600.0,0.0,
2025-01-20 00:00:00,31,2022-07,17,1103.9,1103.9,1103.9,1103.9,32703.9,31600.0,0.0,
2025-01-20 00:00:00,35,2023-01,11,1103.9,1103.9,1103.9,1103.9,32703.9,31600.0,0.0,
2025-01-20 00:00:00,36,2023-01,11,1103.9,1103.9,1103.9,1103.9,32703.9,31600.0,0.0,
2025-01-20 00:00:00,37,2023-01,11,1103.9,1103.9,1103.9,1103.9,32703.9,31600.0,0.0,
2025-01-20 00:00:00,45,2024-01,8,1103.9,1103.9,1103.9,1103.9,32703.9,31600.0,0.0,
2025-01-20 00:00:00,46,2024-01,8,1103.9,1103.9,1103.9,1103.9,32703.9,31600.0,0.0,
2025-01-20 00:00:00,47,2024-01,8,1103.9,1103.9,1103.9,1103.9,32703.9,31600.0,0.0,
2025-02-03 00:00:00,4,2020-04,23,2197.4,2197.4,2197.4,2197.4,33797.4,31600.0,0.0,
2025-02-03 00:00:00,5,2020-04,23,2197.4,2197.4,2197.4,2197.4,33797.4,31600.0,0.0,
2025-02-03 00:00:00,6,2020-04,23,2197.4,2197.4,2197.4,2197.4,33797.4,31600.0,0.0,
2025-02-03 00:00:00,19,2021-07,22,2197.4,2197.4,2197.4,2197.4,33797.4,31600.0,0.0,
2025-02-03 00:00:00,20,2021-07,22,2197.4,2197.4,2197.4,2197.4,33797.4,31600.0,0.0,
2025-02-03 00:00:00,21,2021-07,22,2197.4,2197.4,2197.4,2197.4,33797.4,31600.0,0.0,
2025-02-03 00:00:00,22,2021-10,22,2197.4,2197.4,2197.4,2197.4,33797.4,31600.0,0.0,
2025-02-03 00:00:00,23,2021-10,22,2197.4,2197.4,2197.4,2197.4,33797.4,31600.0,0.0,
2025-02-03 00:00:00,24,2021-10,22,2197.4,2197.4,2197.4,2197.4,33797.4,31600.0,0.0,
2025-02-03 00:00:00,25,2022-01,20,2197.4,2197.4,2197.4,2197.4,33797.4,31600.0,0.0,
2025-02-03 00:00:00,29,2022-07,18,2197.4,2197.4,2197.4,2197.4,33797.4,31600.0,0.0,
2025-02-03 00:00:00,30,2022-07,18,2197.4,2197.4,2197.4,2197.4,33797.4,31600.0,0.0,
2025-02-03 00:00:00,31,2022-07,18,2197.4,2197.4,2197.4,2197.4,33797.4,31600.0,0.0,
2025-02-03 00:00:00,35,2023-01,12,2197.4,2197.4,2197.4,2197.4,33797.4,31600.0,0.0,
2025-02-03 00:00:00,36,2023-01,12,2197.4,2197.4,2197.4,2197.4,33797.4,31600.0,0.0,
2025-02-03 00:00:00,37,2023-01,12,2197.4,2197.4,2197.4,2197.4,33797.4,31600.0,0.0,
2025-02-03 00:00:00,45,2024-01,9,2197.4,2197.4,2197.4,2197.4,33797.4,31600.0,0.0,
2025-02-03 00:00:00,46,2024-01,9,2197.4,2197.4,2197.4,2197.4,33797.4,31600.0,0.0,
2025-02-03 00:00:00,47,2024-01,9,2197.4,2197.4,2197.4,2197.4,33797.4,31600.0,0.0,
2025-02-17 00:00:00,4,2020-04,24,776.95,776.95,776.95,776.95,32376.95,31600.0,0.0,
2025-02-17 00:00:00,5,2020-04,24,776.95,776.95,776.95,776.95,32376.95,31600.0,0.0,
2025-02-17 00:00:00,6,2020-04,24,776.95,776.95,776.95,776.95,32376.95,31600.0,0.0,
2025-02-17 00:00:00,19,2021-07,23,776.95,776.95,776.95,776.95,32376.95,31600.0,0.0,
2025-02-17 00:00:00,20,2021-07,23,776.95,776.95,776.95,776.95,32376.95,31600.0,0.0,
2025-02-17 00:00:00,21,2021-07,23,776.95,776.95,776.95,776.95,32376.95,31600.0,0.0,
2025-02-17 00:00:00,22,2021-10,23,776.95,776.95,776.95,776.95,32376.95,31600.0,0.0,
2025-02-17 00:00:00,23,2021-10,23,776.95,776.95,776.95,776.95,32376.95,31600.0,0.0,
2025-02-17 00:00:00,24,2021-10,23,776.95,776.95,776.95,776.95,32376.95,31600.0,0.0,
2025-02-17 00:00:00,25,2022-01,21,776.95,776.95,776.95,776.95,32376.95,31600.0,0.0,
2025-02-17 00:00:00,29,2022-07,19,776.95,776.95,776.95,776.95,32376.95,31600.0,0.0,
2025-02-17 00:00:00,30,2022-07,19,776.95,776.95,776.95,776.95,32376.95,31600.0,0.0,
2025-02-17 00:00:00,31,2022-07,19,776.95,776.95,776.95,776.95,32376.95,31600.0,0.0,
2025-02-17 00:00:00,35,2023-01,13,776.95,776.95,776.95,776.95,32376.95,31600.0,0.0,
2025-02-17 00:00:00,36,2023-01,13,776.95,776.95,776.95,776.95,32376.95,31600.0,0.0,
2025-02-17 00:00:00,37,2023-01,13,776.95,776.95,776.95,776.95,32376.95,31600.0,0.0,
2025-02-17 00:00:00,45,2024-01,10,776.95,776.95,776.95,776.95,32376.95,31600.0,0.0,
2025-02-17 00:00:00,46,2024-01,10,776.95,776.95,776.95,776.95,32376.95,31600.0,0.0,
2025-02-17 00:00:00,47,2024-01,10,776.95,776.95,776.95,776.95,32376.95,31600.0,0.0,
2025-04-21 00:00:00,4,2020-04,25,1069.85,1069.85,1069.85,1018.39,32669.85,31600.0,0.0,
2025-04-21 00:00:00,5,2020-04,25,1069.85,1069.85,1069.85,1018.39,32669.85,31600.0,0.0,
2025-04-21 00:00:00,6,2020-04,25,1069.85,1069.85,1069.85,1018.39,32669.85,31600.0,0.0,
2025-04-21 00:00:00,19,2021-07,24,1069.85,1069.85,1069.85,1069.85,32669.85,31600.0,0.0,
2025-04-21 00:00:00,20,2021-07,24,1069.85,1069.85,1069.85,1069.85,32669.85,31600.0,0.0,
2025-04-21 00:00:00,21,2021-07,24,1069.85,1069.85,1069.85,1069.85,32669.85,31600.0,0.0,
2025-04-21 00:00:00,22,2021-10,24,1069.85,1069.85,1069.85,1069.85,32669.85,31600.0,0.0,
2025-04-21 00:00:00,23,2021-10,24,1069.85,1069.85,1069.85,1069.85,32669.85,31600.0,0.0,
2025-04-21 00:00:00,24,2021-10,24,1069.85,1069.85,1069.85,1069.85,32669.85,31600.0,0.0,
2025-04-21 00:00:00,25,2022-01,22,1069.85,1069.85,1069.85,1069.85,32669.85,31600.0,0.0,
2025-04-21 00:00:00,29,2022-07,20,1069.85,1069.85,1069.85,1069.85,32669.85,31600.0,0.0,
2025-04-21 00:00:00,30,2022-07,20,1069.85,1069.85,1069.85,1069.85,32669.85,31600.0,0.0,
2025-04-21 00:00:00,31,2022-07,20,1069.85,1069.85,1069.85,1069.85,32669.85,31600.0,0.0,
2025-04-21 00:00:00,35,2023-01,14,1069.85,1069.85,1069.85,1069.85,32669.85,31600.0,0.0,
2025-04-21 00:00:00,36,2023-01,14,1069.85,1069.85,1069.85,1069.85,32669.85,31600.0,0.0,
2025-04-21 00:00:00,37,2023-01,14,1069.85,1069.85,1069.85,1069.85,32669.85,31600.0,0.0,
2025-04-21 00:00:00,45,2024-01,11,1069.85,1069.85,1069.85,1069.85,32669.85,31600.0,0.0,
2025-04-21 00:00:00,46,2024-01,11,1069.85,1069.85,1069.85,1069.85,32669.85,31600.0,0.0,
2025-04-21 00:00:00,47,2024-01,11,1069.85,1069.85,1069.85,1069.85,32669.85,31600.0,0.0,
2025-05-19 00:00:00,4,2020-04,26,1349.7,1349.7,1349.7,1214.73,32949.7,31600.0,0.0,
2025-05-19 00:00:00,5,2020-04,26,1349.7,1349.7,1349.7,1214.73,32949.7,31600.0,0.0,
2025-05-19 00:00:00,6,2020-04,26,1349.7,1349.7,1349.7,1214.73,32949.7,31600.0,0.0,
2025-05-19 00:00:00,19,2021-07,25,1349.7,1349.7,1349.7,1327.28,32949.7,31600.0,0.0,
2025-05-19 00:00:00,20,2021-07,25,1349.7,1349.7,1349.7,1327.28,32949.7,31600.0,0.0,
2025-05-19 00:00:00,21,2021-07,25,1349.7,1349.7,1349.7,1327.28,32949.7,31600.0,0.0,
2025-05-19 00:00:00,22,2021-10,25,1349.7,1349.7,1349.7,1273.26,32949.7,31600.0,0.0,
2025-05-19 00:00:00,23,2021-10,25,1349.7,1349.7,1349.7,1273.26,32949.7,31600.0,0.0,
2025-05-19 00:00:00,24,2021-10,25,1349.7,1349.7,1349.7,1273.26,32949.7,31600.0,0.0,
2025-05-19 00:00:00,25,2022-01,23,1349.7,1349.7,1349.7,1349.7,32949.7,31600.0,0.0,
2025-05-19 00:00:00,29,2022-07,21,1349.7,1349.7,1349.7,1349.7,32949.7,31600.0,0.0,
2025-05-19 00:00:00,30,2022-07,21,1349.7,1349.7,1349.7,1349.7,32949.7,31600.0,0.0,
2025-05-19 00:00:00,31,2022-07,21,1349.7,1349.7,1349.7,1349.7,32949.7,31600.0,0.0,
2025-05-19 00:00:00,35,2023-01,15,1349.7,1349.7,1349.7,1349.7,32949.7,31600.0,0.0,
2025-05-19 00:00:00,36,2023-01,15,1349.7,1349.7,1349.7,1349.7,32949.7,31600.0,0.0,
2025-05-19 00:00:00,37,2023-01,15,1349.7,1349.7,1349.7,1349.7,32949.7,31600.0,0.0,
2025-05-19 00:00:00,45,2024-01,12,1349.7,1349.7,1349.7,1349.7,32949.7,31600.0,0.0,
2025-05-19 00:00:00,46,2024-01,12,1349.7,1349.7,1349.7,1349.7,32949.7,31600.0,0.0,
2025-05-19 00:00:00,47,2024-01,12,1349.7,1349.7,1349.7,1349.7,32949.7,31600.0,0.0,
2025-05-19 00:00:00,50,2024-10,1,2399.7,1500.0,1500.0,1500.0,33999.7,32499.7,0.0,maximum_payout
2025-06-30 00:00:00,4,2020-04,27,536.7,536.7,536.7,483.03,32136.7,31600.0,0.0,
2025-06-30 00:00:00,5,2020-04,27,536.7,536.7,536.7,483.03,32136.7,31600.0,0.0,
2025-06-30 00:00:00,6,2020-04,27,536.7,536.7,536.7,483.03,32136.7,31600.0,0.0,
2025-06-30 00:00:00,19,2021-07,26,536.7,536.7,536.7,483.03,32136.7,31600.0,0.0,
2025-06-30 00:00:00,20,2021-07,26,536.7,536.7,536.7,483.03,32136.7,31600.0,0.0,
2025-06-30 00:00:00,21,2021-07,26,536.7,536.7,536.7,483.03,32136.7,31600.0,0.0,
2025-06-30 00:00:00,22,2021-10,26,536.7,536.7,536.7,483.03,32136.7,31600.0,0.0,
2025-06-30 00:00:00,23,2021-10,26,536.7,536.7,536.7,483.03,32136.7,31600.0,0.0,
2025-06-30 00:00:00,24,2021-10,26,536.7,536.7,536.7,483.03,32136.7,31600.0,0.0,
2025-06-30 00:00:00,25,2022-01,24,536.7,536.7,536.7,536.7,32136.7,31600.0,0.0,
2025-06-30 00:00:00,29,2022-07,22,536.7,536.7,536.7,536.7,32136.7,31600.0,0.0,
2025-06-30 00:00:00,30,2022-07,22,536.7,536.7,536.7,536.7,32136.7,31600.0,0.0,
2025-06-30 00:00:00,31,2022-07,22,536.7,536.7,536.7,536.7,32136.7,31600.0,0.0,
2025-06-30 00:00:00,35,2023-01,16,536.7,536.7,536.7,536.7,32136.7,31600.0,0.0,
2025-06-30 00:00:00,36,2023-01,16,536.7,536.7,536.7,536.7,32136.7,31600.0,0.0,
2025-06-30 00:00:00,37,2023-01,16,536.7,536.7,536.7,536.7,32136.7,31600.0,0.0,
2025-06-30 00:00:00,45,2024-01,13,536.7,536.7,536.7,536.7,32136.7,31600.0,0.0,
2025-06-30 00:00:00,46,2024-01,13,536.7,536.7,536.7,536.7,32136.7,31600.0,0.0,
2025-06-30 00:00:00,47,2024-01,13,536.7,536.7,536.7,536.7,32136.7,31600.0,0.0,
2025-06-30 00:00:00,50,2024-10,2,1436.4,1436.4,1436.4,1436.4,33036.4,31600.0,0.0,
2025-10-20 00:00:00,4,2020-04,28,1211.6,1211.6,1211.6,1090.44,32811.6,31600.0,0.0,
2025-10-20 00:00:00,5,2020-04,28,1211.6,1211.6,1211.6,1090.44,32811.6,31600.0,0.0,
2025-10-20 00:00:00,6,2020-04,28,1211.6,1211.6,1211.6,1090.44,32811.6,31600.0,0.0,
2025-10-20 00:00:00,19,2021-07,27,1211.6,1211.6,1211.6,1090.44,32811.6,31600.0,0.0,
2025-10-20 00:00:00,20,2021-07,27,1211.6,1211.6,1211.6,1090.44,32811.6,31600.0,0.0,
2025-10-20 00:00:00,21,2021-07,27,1211.6,1211.6,1211.6,1090.44,32811.6,31600.0,0.0,
2025-10-20 00:00:00,22,2021-10,27,1211.6,1211.6,1211.6,1090.44,32811.6,31600.0,0.0,
2025-10-20 00:00:00,23,2021-10,27,1211.6,1211.6,1211.6,1090.44,32811.6,31600.0,0.0,
2025-10-20 00:00:00,24,2021-10,27,1211.6,1211.6,1211.6,1090.44,32811.6,31600.0,0.0,
2025-10-20 00:00:00,25,2022-01,25,1211.6,1211.6,1211.6,1172.41,32811.6,31600.0,0.0,
2025-10-20 00:00:00,29,2022-07,23,1211.6,1211.6,1211.6,1211.6,32811.6,31600.0,0.0,
2025-10-20 00:00:00,30,2022-07,23,1211.6,1211.6,1211.6,1211.6,32811.6,31600.0,0.0,
2025-10-20 00:00:00,31,2022-07,23,1211.6,1211.6,1211.6,1211.6,32811.6,31600.0,0.0,
2025-10-20 00:00:00,35,2023-01,17,1211.6,1211.6,1211.6,1211.6,32811.6,31600.0,0.0,
2025-10-20 00:00:00,36,2023-01,17,1211.6,1211.6,1211.6,1211.6,32811.6,31600.0,0.0,
2025-10-20 00:00:00,37,2023-01,17,1211.6,1211.6,1211.6,1211.6,32811.6,31600.0,0.0,
2025-10-20 00:00:00,45,2024-01,14,1211.6,1211.6,1211.6,1211.6,32811.6,31600.0,0.0,
2025-10-20 00:00:00,46,2024-01,14,1211.6,1211.6,1211.6,1211.6,32811.6,31600.0,0.0,
2025-10-20 00:00:00,47,2024-01,14,1211.6,1211.6,1211.6,1211.6,32811.6,31600.0,0.0,
2025-10-20 00:00:00,50,2024-10,3,1211.6,1211.6,1211.6,1211.6,32811.6,31600.0,0.0,
2025-12-01 00:00:00,4,2020-04,29,514.25,514.25,514.25,462.82,32114.25,31600.0,0.0,
2025-12-01 00:00:00,5,2020-04,29,514.25,514.25,514.25,462.82,32114.25,31600.0,0.0,
2025-12-01 00:00:00,6,2020-04,29,514.25,514.25,514.25,462.82,32114.25,31600.0,0.0,
2025-12-01 00:00:00,19,2021-07,28,514.25,514.25,514.25,462.82,32114.25,31600.0,0.0,
2025-12-01 00:00:00,20,2021-07,28,514.25,514.25,514.25,462.82,32114.25,31600.0,0.0,
2025-12-01 00:00:00,21,2021-07,28,514.25,514.25,514.25,462.82,32114.25,31600.0,0.0,
2025-12-01 00:00:00,22,2021-10,28,514.25,514.25,514.25,462.82,32114.25,31600.0,0.0,
2025-12-01 00:00:00,23,2021-10,28,514.25,514.25,514.25,462.82,32114.25,31600.0,0.0,
2025-12-01 00:00:00,24,2021-10,28,514.25,514.25,514.25,462.82,32114.25,31600.0,0.0,
2025-12-01 00:00:00,25,2022-01,26,514.25,514.25,514.25,462.82,32114.25,31600.0,0.0,
2025-12-01 00:00:00,29,2022-07,24,514.25,514.25,514.25,514.25,32114.25,31600.0,0.0,
2025-12-01 00:00:00,30,2022-07,24,514.25,514.25,514.25,514.25,32114.25,31600.0,0.0,
2025-12-01 00:00:00,31,2022-07,24,514.25,514.25,514.25,514.25,32114.25,31600.0,0.0,
2025-12-01 00:00:00,35,2023-01,18,514.25,514.25,514.25,514.25,32114.25,31600.0,0.0,
2025-12-01 00:00:00,36,2023-01,18,514.25,514.25,514.25,514.25,32114.25,31600.0,0.0,
2025-12-01 00:00:00,37,2023-01,18,514.25,514.25,514.25,514.25,32114.25,31600.0,0.0,
2025-12-01 00:00:00,45,2024-01,15,514.25,514.25,514.25,514.25,32114.25,31600.0,0.0,
2025-12-01 00:00:00,46,2024-01,15,514.25,514.25,514.25,514.25,32114.25,31600.0,0.0,
2025-12-01 00:00:00,47,2024-01,15,514.25,514.25,514.25,514.25,32114.25,31600.0,0.0,
2025-12-01 00:00:00,50,2024-10,4,514.25,514.25,514.25,514.25,32114.25,31600.0,0.0,
2026-06-01 00:00:00,4,2020-04,30,532.8,532.8,532.8,479.52,32132.8,31600.0,0.0,
2026-06-01 00:00:00,5,2020-04,30,532.8,532.8,532.8,479.52,32132.8,31600.0,0.0,
2026-06-01 00:00:00,6,2020-04,30,532.8,532.8,532.8,479.52,32132.8,31600.0,0.0,
2026-06-01 00:00:00,19,2021-07,29,532.8,532.8,532.8,479.52,32132.8,31600.0,0.0,
2026-06-01 00:00:00,20,2021-07,29,532.8,532.8,532.8,479.52,32132.8,31600.0,0.0,
2026-06-01 00:00:00,21,2021-07,29,532.8,532.8,532.8,479.52,32132.8,31600.0,0.0,
2026-06-01 00:00:00,22,2021-10,29,532.8,532.8,532.8,479.52,32132.8,31600.0,0.0,
2026-06-01 00:00:00,23,2021-10,29,532.8,532.8,532.8,479.52,32132.8,31600.0,0.0,
2026-06-01 00:00:00,24,2021-10,29,532.8,532.8,532.8,479.52,32132.8,31600.0,0.0,
2026-06-01 00:00:00,25,2022-01,27,532.8,532.8,532.8,479.52,32132.8,31600.0,0.0,
2026-06-01 00:00:00,29,2022-07,25,532.8,532.8,532.8,532.8,32132.8,31600.0,0.0,
2026-06-01 00:00:00,30,2022-07,25,532.8,532.8,532.8,532.8,32132.8,31600.0,0.0,
2026-06-01 00:00:00,31,2022-07,25,532.8,532.8,532.8,532.8,32132.8,31600.0,0.0,
2026-06-01 00:00:00,35,2023-01,19,532.8,532.8,532.8,532.8,32132.8,31600.0,0.0,
2026-06-01 00:00:00,36,2023-01,19,532.8,532.8,532.8,532.8,32132.8,31600.0,0.0,
2026-06-01 00:00:00,37,2023-01,19,532.8,532.8,532.8,532.8,32132.8,31600.0,0.0,
2026-06-01 00:00:00,45,2024-01,16,532.8,532.8,532.8,532.8,32132.8,31600.0,0.0,
2026-06-01 00:00:00,46,2024-01,16,532.8,532.8,532.8,532.8,32132.8,31600.0,0.0,
2026-06-01 00:00:00,47,2024-01,16,532.8,532.8,532.8,532.8,32132.8,31600.0,0.0,
2026-06-01 00:00:00,50,2024-10,5,532.8,532.8,532.8,532.8,32132.8,31600.0,0.0,
2026-06-15 00:00:00,4,2020-04,31,784.65,784.65,784.65,706.18,32384.65,31600.0,0.0,
2026-06-15 00:00:00,5,2020-04,31,784.65,784.65,784.65,706.18,32384.65,31600.0,0.0,
2026-06-15 00:00:00,6,2020-04,31,784.65,784.65,784.65,706.18,32384.65,31600.0,0.0,
2026-06-15 00:00:00,19,2021-07,30,784.65,784.65,784.65,706.18,32384.65,31600.0,0.0,
2026-06-15 00:00:00,20,2021-07,30,784.65,784.65,784.65,706.18,32384.65,31600.0,0.0,
2026-06-15 00:00:00,21,2021-07,30,784.65,784.65,784.65,706.18,32384.65,31600.0,0.0,
2026-06-15 00:00:00,22,2021-10,30,784.65,784.65,784.65,706.18,32384.65,31600.0,0.0,
2026-06-15 00:00:00,23,2021-10,30,784.65,784.65,784.65,706.18,32384.65,31600.0,0.0,
2026-06-15 00:00:00,24,2021-10,30,784.65,784.65,784.65,706.18,32384.65,31600.0,0.0,
2026-06-15 00:00:00,25,2022-01,28,784.65,784.65,784.65,706.18,32384.65,31600.0,0.0,
2026-06-15 00:00:00,29,2022-07,26,784.65,784.65,784.65,752.14,32384.65,31600.0,0.0,
2026-06-15 00:00:00,30,2022-07,26,784.65,784.65,784.65,752.14,32384.65,31600.0,0.0,
2026-06-15 00:00:00,31,2022-07,26,784.65,784.65,784.65,752.14,32384.65,31600.0,0.0,
2026-06-15 00:00:00,35,2023-01,20,784.65,784.65,784.65,784.65,32384.65,31600.0,0.0,
2026-06-15 00:00:00,36,2023-01,20,784.65,784.65,784.65,784.65,32384.65,31600.0,0.0,
2026-06-15 00:00:00,37,2023-01,20,784.65,784.65,784.65,784.65,32384.65,31600.0,0.0,
2026-06-15 00:00:00,45,2024-01,17,784.65,784.65,784.65,784.65,32384.65,31600.0,0.0,
2026-06-15 00:00:00,46,2024-01,17,784.65,784.65,784.65,784.65,32384.65,31600.0,0.0,
2026-06-15 00:00:00,47,2024-01,17,784.65,784.65,784.65,784.65,32384.65,31600.0,0.0,
2026-06-15 00:00:00,50,2024-10,6,784.65,784.65,784.65,784.65,32384.65,31600.0,0.0,
2026-07-13 21:30:40,4,2020-04,32,1000000000.0,4741.09,4741.09,4266.98,29841.1,25100.01,0.0,trailing_floor
2026-07-13 21:30:40,5,2020-04,32,1000000000.0,4741.09,4741.09,4266.98,29841.1,25100.01,0.0,trailing_floor
2026-07-13 21:30:40,6,2020-04,32,1000000000.0,4741.09,4741.09,4266.98,29841.1,25100.01,0.0,trailing_floor
2026-07-13 21:30:40,19,2021-07,31,1000000000.0,4741.09,4741.09,4266.98,29841.1,25100.01,0.0,trailing_floor
2026-07-13 21:30:40,20,2021-07,31,1000000000.0,4741.09,4741.09,4266.98,29841.1,25100.01,0.0,trailing_floor
2026-07-13 21:30:40,21,2021-07,31,1000000000.0,4741.09,4741.09,4266.98,29841.1,25100.01,0.0,trailing_floor
2026-07-13 21:30:40,22,2021-10,31,1000000000.0,4741.09,4741.09,4266.98,29841.1,25100.01,0.0,trailing_floor
2026-07-13 21:30:40,23,2021-10,31,1000000000.0,4741.09,4741.09,4266.98,29841.1,25100.01,0.0,trailing_floor
2026-07-13 21:30:40,24,2021-10,31,1000000000.0,4741.09,4741.09,4266.98,29841.1,25100.01,0.0,trailing_floor
2026-07-13 21:30:40,25,2022-01,29,1000000000.0,4741.09,4741.09,4266.98,29841.1,25100.01,0.0,trailing_floor
2026-07-13 21:30:40,29,2022-07,27,1000000000.0,4741.09,4741.09,4266.98,29841.1,25100.01,0.0,trailing_floor
2026-07-13 21:30:40,30,2022-07,27,1000000000.0,4741.09,4741.09,4266.98,29841.1,25100.01,0.0,trailing_floor
2026-07-13 21:30:40,31,2022-07,27,1000000000.0,4741.09,4741.09,4266.98,29841.1,25100.01,0.0,trailing_floor
2026-07-13 21:30:40,35,2023-01,21,1000000000.0,4741.09,4741.09,4670.65,29841.1,25100.01,0.0,trailing_floor
2026-07-13 21:30:40,36,2023-01,21,1000000000.0,4741.09,4741.09,4670.65,29841.1,25100.01,0.0,trailing_floor
2026-07-13 21:30:40,37,2023-01,21,1000000000.0,4741.09,4741.09,4670.65,29841.1,25100.01,0.0,trailing_floor
2026-07-13 21:30:40,45,2024-01,18,1000000000.0,4741.09,4741.09,4741.09,29841.1,25100.01,0.0,trailing_floor
2026-07-13 21:30:40,46,2024-01,18,1000000000.0,4741.09,4741.09,4741.09,29841.1,25100.01,0.0,trailing_floor
2026-07-13 21:30:40,47,2024-01,18,1000000000.0,4741.09,4741.09,4741.09,29841.1,25100.01,0.0,trailing_floor
2026-07-13 21:30:40,50,2024-10,7,1000000000.0,4741.09,4741.09,4741.09,29841.1,25100.01,0.0,trailing_floor
