product,initial_cash,monthly_funding,acquisition,withdrawal,cadence,headroom,reserve,strict_post_payout_balance,fee,accounts,alive,ongoing,terminal,total,contributions,ending_owner_cash,objective,tested_count,tested_reserve_min,tested_reserve_max,tied_best_reserves,within_one_percent_reserves,boundary_best
legacy_25k,1000,0,monthly_current_slot_replacements,maximum,calendar_month,0,25100.0,False,200.0,5,0,-1000.0,0,-1000.0,1000.0,0.0,ongoing,40,25100.0,40100.0,"[25100.0, 25200.0, 25300.0, 25400.0, 25500.0, 25600.0, 26100.0, 27100.0, 27600.0, 27700.0, 27800.0, 27900.0, 28000.0, 28100.0, 28200.0, 28300.0, 28400.0, 28500.0, 28600.0, 29100.0, 30000.0, 30100.0, 30600.0, 30700.0, 30800.0, 30900.0, 31000.0, 31100.0, 31200.0, 31300.0, 31400.0, 31500.0, 31600.0, 31900.0, 32100.0, 33100.0, 34100.0, 35100.0, 37600.0, 40100.0]",[],True
legacy_25k,1000,0,monthly_current_slot_replacements,maximum,calendar_month,0,25100.0,False,200.0,5,0,-1000.0,0,-1000.0,1000.0,0.0,total,40,25100.0,40100.0,"[25100.0, 25200.0, 25300.0, 25400.0, 25500.0, 25600.0, 26100.0, 27100.0, 27600.0, 27700.0, 27800.0, 27900.0, 28000.0, 28100.0, 28200.0, 28300.0, 28400.0, 28500.0, 28600.0, 29100.0, 30000.0, 30100.0, 30600.0, 30700.0, 30800.0, 30900.0, 31000.0, 31100.0, 31200.0, 31300.0, 31400.0, 31500.0, 31600.0, 31900.0, 32100.0, 33100.0, 34100.0, 35100.0, 37600.0, 40100.0]",[],True
legacy_25k,1000,0,monthly_current_slot_replacements,maximum,daily,0,25100.0,False,200.0,5,0,-1000.0,0,-1000.0,1000.0,0.0,ongoing,31,25100.0,40100.0,"[25100.0, 25200.0, 25300.0, 25400.0, 25500.0, 25600.0, 26100.0, 27100.0, 28100.0, 28600.0, 28700.0, 28800.0, 28900.0, 29000.0, 29100.0, 29200.0, 29300.0, 29400.0, 29500.0, 29600.0, 30000.0, 30100.0, 31100.0, 31600.0, 31900.0, 32100.0, 33100.0, 34100.0, 35100.0, 37600.0, 40100.0]",[],True
legacy_25k,1000,0,monthly_current_slot_replacements,maximum,daily,0,25100.0,False,200.0,5,0,-1000.0,0,-1000.0,1000.0,0.0,total,31,25100.0,40100.0,"[25100.0, 25200.0, 25300.0, 25400.0, 25500.0, 25600.0, 26100.0, 27100.0, 28100.0, 28600.0, 28700.0, 28800.0, 28900.0, 29000.0, 29100.0, 29200.0, 29300.0, 29400.0, 29500.0, 29600.0, 30000.0, 30100.0, 31100.0, 31600.0, 31900.0, 32100.0, 33100.0, 34100.0, 35100.0, 37600.0, 40100.0]",[],True
legacy_25k,1000,0,monthly_current_slot_replacements,maximum,weekly,0,25100.0,False,200.0,5,0,-1000.0,0,-1000.0,1000.0,0.0,ongoing,38,25100.0,40100.0,"[25100.0, 25200.0, 25300.0, 25400.0, 25500.0, 25600.0, 26100.0, 27100.0, 28100.0, 28600.0, 28700.0, 28800.0, 28900.0, 29000.0, 29100.0, 29200.0, 29300.0, 29400.0, 29500.0, 29600.0, 30000.0, 30100.0, 31100.0, 31200.0, 31300.0, 31400.0, 31500.0, 31600.0, 31700.0, 31800.0, 31900.0, 32000.0, 32100.0, 33100.0, 34100.0, 35100.0, 37600.0, 40100.0]",[],True
legacy_25k,1000,0,monthly_current_slot_replacements,maximum,weekly,0,25100.0,False,200.0,5,0,-1000.0,0,-1000.0,1000.0,0.0,total,38,25100.0,40100.0,"[25100.0, 25200.0, 25300.0, 25400.0, 25500.0, 25600.0, 26100.0, 27100.0, 28100.0, 28600.0, 28700.0, 28800.0, 28900.0, 29000.0, 29100.0, 29200.0, 29300.0, 29400.0, 29500.0, 29600.0, 30000.0, 30100.0, 31100.0, 31200.0, 31300.0, 31400.0, 31500.0, 31600.0, 31700.0, 31800.0, 31900.0, 32000.0, 32100.0, 33100.0, 34100.0, 35100.0, 37600.0, 40100.0]",[],True
legacy_25k,1000,0,monthly_current_slot_replacements,minimum,calendar_month,0,25100.0,False,200.0,5,0,-1000.0,0,-1000.0,1000.0,0.0,ongoing,31,25100.0,40100.0,"[25100.0, 25200.0, 25300.0, 25400.0, 25500.0, 25600.0, 26100.0, 27100.0, 27600.0, 27700.0, 27800.0, 27900.0, 28000.0, 28100.0, 28200.0, 28300.0, 28400.0, 28500.0, 28600.0, 29100.0, 30000.0, 30100.0, 31100.0, 31600.0, 31900.0, 32100.0, 33100.0, 34100.0, 35100.0, 37600.0, 40100.0]",[],True
legacy_25k,1000,0,monthly_current_slot_replacements,minimum,calendar_month,0,25100.0,False,200.0,5,0,-1000.0,0,-1000.0,1000.0,0.0,total,31,25100.0,40100.0,"[25100.0, 25200.0, 25300.0, 25400.0, 25500.0, 25600.0, 26100.0, 27100.0, 27600.0, 27700.0, 27800.0, 27900.0, 28000.0, 28100.0, 28200.0, 28300.0, 28400.0, 28500.0, 28600.0, 29100.0, 30000.0, 30100.0, 31100.0, 31600.0, 31900.0, 32100.0, 33100.0, 34100.0, 35100.0, 37600.0, 40100.0]",[],True
legacy_25k,1000,0,monthly_current_slot_replacements,minimum,daily,0,25100.0,False,200.0,5,0,-1000.0,0,-1000.0,1000.0,0.0,ongoing,31,25100.0,40100.0,"[25100.0, 25200.0, 25300.0, 25400.0, 25500.0, 25600.0, 26100.0, 27100.0, 27600.0, 27700.0, 27800.0, 27900.0, 28000.0, 28100.0, 28200.0, 28300.0, 28400.0, 28500.0, 28600.0, 29100.0, 30000.0, 30100.0, 31100.0, 31600.0, 31900.0, 32100.0, 33100.0, 34100.0, 35100.0, 37600.0, 40100.0]",[],True
legacy_25k,1000,0,monthly_current_slot_replacements,minimum,daily,0,25100.0,False,200.0,5,0,-1000.0,0,-1000.0,1000.0,0.0,total,31,25100.0,40100.0,"[25100.0, 25200.0, 25300.0, 25400.0, 25500.0, 25600.0, 26100.0, 27100.0, 27600.0, 27700.0, 27800.0, 27900.0, 28000.0, 28100.0, 28200.0, 28300.0, 28400.0, 28500.0, 28600.0, 29100.0, 30000.0, 30100.0, 31100.0, 31600.0, 31900.0, 32100.0, 33100.0, 34100.0, 35100.0, 37600.0, 40100.0]",[],True
legacy_25k,1000,0,monthly_current_slot_replacements,minimum,weekly,0,25100.0,False,200.0,5,0,-1000.0,0,-1000.0,1000.0,0.0,ongoing,40,25100.0,40100.0,"[25100.0, 25200.0, 25300.0, 25400.0, 25500.0, 25600.0, 26100.0, 27100.0, 27600.0, 27700.0, 27800.0, 27900.0, 28000.0, 28100.0, 28200.0, 28300.0, 28400.0, 28500.0, 28600.0, 28700.0, 28800.0, 28900.0, 29000.0, 29100.0, 29200.0, 29300.0, 29400.0, 29500.0, 29600.0, 30000.0, 30100.0, 31100.0, 31600.0, 31900.0, 32100.0, 33100.0, 34100.0, 35100.0, 37600.0, 40100.0]",[],True
legacy_25k,1000,0,monthly_current_slot_replacements,minimum,weekly,0,25100.0,False,200.0,5,0,-1000.0,0,-1000.0,1000.0,0.0,total,40,25100.0,40100.0,"[25100.0, 25200.0, 25300.0, 25400.0, 25500.0, 25600.0, 26100.0, 27100.0, 27600.0, 27700.0, 27800.0, 27900.0, 28000.0, 28100.0, 28200.0, 28300.0, 28400.0, 28500.0, 28600.0, 28700.0, 28800.0, 28900.0, 29000.0, 29100.0, 29200.0, 29300.0, 29400.0, 29500.0, 29600.0, 30000.0, 30100.0, 31100.0, 31600.0, 31900.0, 32100.0, 33100.0, 34100.0, 35100.0, 37600.0, 40100.0]",[],True
legacy_25k,1000,0,monthly_one,maximum,calendar_month,4700,29800.0,False,200.0,58,2,233488.82,0,233488.82,1000.0,234488.82,ongoing,32,25100.0,40100.0,[29800.0],"[29800.0, 29900.0]",False
legacy_25k,1000,0,monthly_one,maximum,calendar_month,6500,31600.0,False,200.0,58,17,220781.69,77479.78,298261.47,1000.0,299261.47,total,32,25100.0,40100.0,[31600.0],[31600.0],False
legacy_25k,1000,0,monthly_one,maximum,daily,5100,30200.0,False,200.0,58,2,238983.64,0,238983.64,1000.0,239983.64,ongoing,50,25100.0,40100.0,[30200.0],"[30200.0, 30300.0]",False
legacy_25k,1000,0,monthly_one,maximum,daily,7200,32300.0,False,200.0,57,17,215499.99,82593.59,298093.58,1000.0,299093.58,total,50,25100.0,40100.0,[32300.0],"[31900.0, 32000.0, 32100.0, 32200.0, 32300.0, 32400.0, 32600.0, 32700.0, 32800.0, 32900.0, 33000.0, 33100.0, 33200.0, 33300.0, 33400.0, 33500.0, 33600.0]",False
legacy_25k,1000,0,monthly_one,maximum,weekly,4900,30000.0,False,200.0,58,2,234388.79,0,234388.79,1000.0,235388.79,ongoing,43,25100.0,40100.0,[30000.0],"[30000.0, 30100.0, 31600.0]",False
legacy_25k,1000,0,monthly_one,maximum,weekly,6500,31600.0,False,200.0,58,17,232440.45,66605.65,299046.1,1000.0,300046.1,total,43,25100.0,40100.0,[31600.0],"[31600.0, 31700.0, 31800.0, 31900.0, 32000.0, 32100.0, 32600.0, 32700.0, 32800.0, 32900.0, 33000.0, 33100.0, 33200.0, 33300.0, 33400.0, 33500.0]",False
legacy_25k,1000,0,monthly_one,minimum,calendar_month,3300,28400.0,False,200.0,61,14,194300.0,114304.52,308604.52,1000.0,309604.52,ongoing,35,25100.0,40100.0,"[28400.0, 28500.0]","[28400.0, 28500.0, 28600.0]",False
legacy_25k,1000,0,monthly_one,minimum,calendar_month,3300,28400.0,False,200.0,61,14,194300.0,114304.52,308604.52,1000.0,309604.52,total,35,25100.0,40100.0,"[28400.0, 28500.0, 28600.0]","[28400.0, 28500.0, 28600.0]",False
legacy_25k,1000,0,monthly_one,minimum,daily,4000,29100.0,False,200.0,61,2,266650.0,0,266650.0,1000.0,267650.0,ongoing,43,25100.0,40100.0,[29100.0],[29100.0],False
legacy_25k,1000,0,monthly_one,minimum,daily,8200,33300.0,False,200.0,56,17,203950.0,98737.21,302687.21,1000.0,303687.21,total,43,25100.0,40100.0,"[33300.0, 33400.0]","[31900.0, 32000.0, 32100.0, 32200.0, 32300.0, 32400.0, 32500.0, 32600.0, 32700.0, 32800.0, 32900.0, 33000.0, 33100.0, 33200.0, 33300.0, 33400.0]",False
legacy_25k,1000,0,monthly_one,minimum,weekly,3700,28800.0,False,200.0,60,2,258150.0,0,258150.0,1000.0,259150.0,ongoing,44,25100.0,40100.0,[28800.0],"[28800.0, 28900.0]",False
legacy_25k,1000,0,monthly_one,minimum,weekly,7200,32300.0,False,200.0,56,17,207450.0,95237.21,302687.21,1000.0,303687.21,total,44,25100.0,40100.0,"[32300.0, 32400.0, 32600.0, 32700.0, 32800.0, 32900.0, 33000.0]","[31400.0, 31500.0, 31600.0, 31700.0, 31800.0, 31900.0, 32000.0, 32100.0, 32200.0, 32300.0, 32400.0, 32600.0, 32700.0, 32800.0, 32900.0, 33000.0]",False
legacy_25k,1000,0,weekly_one,maximum,calendar_month,0,25100.0,False,200.0,5,0,-1000.0,0,-1000.0,1000.0,0.0,ongoing,21,25100.0,40100.0,"[25100.0, 25200.0, 25300.0, 25400.0, 25500.0, 25600.0, 26100.0, 27100.0, 28100.0, 29100.0, 30000.0, 30100.0, 31100.0, 31600.0, 31900.0, 32100.0, 33100.0, 34100.0, 35100.0, 37600.0, 40100.0]",[],True
legacy_25k,1000,0,weekly_one,maximum,calendar_month,0,25100.0,False,200.0,5,0,-1000.0,0,-1000.0,1000.0,0.0,total,21,25100.0,40100.0,"[25100.0, 25200.0, 25300.0, 25400.0, 25500.0, 25600.0, 26100.0, 27100.0, 28100.0, 29100.0, 30000.0, 30100.0, 31100.0, 31600.0, 31900.0, 32100.0, 33100.0, 34100.0, 35100.0, 37600.0, 40100.0]",[],True
legacy_25k,1000,0,weekly_one,maximum,daily,0,25100.0,False,200.0,5,0,-1000.0,0,-1000.0,1000.0,0.0,ongoing,21,25100.0,40100.0,"[25100.0, 25200.0, 25300.0, 25400.0, 25500.0, 25600.0, 26100.0, 27100.0, 28100.0, 29100.0, 30000.0, 30100.0, 31100.0, 31600.0, 31900.0, 32100.0, 33100.0, 34100.0, 35100.0, 37600.0, 40100.0]",[],True
legacy_25k,1000,0,weekly_one,maximum,daily,0,25100.0,False,200.0,5,0,-1000.0,0,-1000.0,1000.0,0.0,total,21,25100.0,40100.0,"[25100.0, 25200.0, 25300.0, 25400.0, 25500.0, 25600.0, 26100.0, 27100.0, 28100.0, 29100.0, 30000.0, 30100.0, 31100.0, 31600.0, 31900.0, 32100.0, 33100.0, 34100.0, 35100.0, 37600.0, 40100.0]",[],True
legacy_25k,1000,0,weekly_one,maximum,weekly,0,25100.0,False,200.0,5,0,-1000.0,0,-1000.0,1000.0,0.0,ongoing,21,25100.0,40100.0,"[25100.0, 25200.0, 25300.0, 25400.0, 25500.0, 25600.0, 26100.0, 27100.0, 28100.0, 29100.0, 30000.0, 30100.0, 31100.0, 31600.0, 31900.0, 32100.0, 33100.0, 34100.0, 35100.0, 37600.0, 40100.0]",[],True
legacy_25k,1000,0,weekly_one,maximum,weekly,0,25100.0,False,200.0,5,0,-1000.0,0,-1000.0,1000.0,0.0,total,21,25100.0,40100.0,"[25100.0, 25200.0, 25300.0, 25400.0, 25500.0, 25600.0, 26100.0, 27100.0, 28100.0, 29100.0, 30000.0, 30100.0, 31100.0, 31600.0, 31900.0, 32100.0, 33100.0, 34100.0, 35100.0, 37600.0, 40100.0]",[],True
legacy_25k,1000,0,weekly_one,minimum,calendar_month,0,25100.0,False,200.0,5,0,-1000.0,0,-1000.0,1000.0,0.0,ongoing,21,25100.0,40100.0,"[25100.0, 25200.0, 25300.0, 25400.0, 25500.0, 25600.0, 26100.0, 27100.0, 28100.0, 29100.0, 30000.0, 30100.0, 31100.0, 31600.0, 31900.0, 32100.0, 33100.0, 34100.0, 35100.0, 37600.0, 40100.0]",[],True
legacy_25k,1000,0,weekly_one,minimum,calendar_month,0,25100.0,False,200.0,5,0,-1000.0,0,-1000.0,1000.0,0.0,total,21,25100.0,40100.0,"[25100.0, 25200.0, 25300.0, 25400.0, 25500.0, 25600.0, 26100.0, 27100.0, 28100.0, 29100.0, 30000.0, 30100.0, 31100.0, 31600.0, 31900.0, 32100.0, 33100.0, 34100.0, 35100.0, 37600.0, 40100.0]",[],True
legacy_25k,1000,0,weekly_one,minimum,daily,0,25100.0,False,200.0,5,0,-1000.0,0,-1000.0,1000.0,0.0,ongoing,21,25100.0,40100.0,"[25100.0, 25200.0, 25300.0, 25400.0, 25500.0, 25600.0, 26100.0, 27100.0, 28100.0, 29100.0, 30000.0, 30100.0, 31100.0, 31600.0, 31900.0, 32100.0, 33100.0, 34100.0, 35100.0, 37600.0, 40100.0]",[],True
legacy_25k,1000,0,weekly_one,minimum,daily,0,25100.0,False,200.0,5,0,-1000.0,0,-1000.0,1000.0,0.0,total,21,25100.0,40100.0,"[25100.0, 25200.0, 25300.0, 25400.0, 25500.0, 25600.0, 26100.0, 27100.0, 28100.0, 29100.0, 30000.0, 30100.0, 31100.0, 31600.0, 31900.0, 32100.0, 33100.0, 34100.0, 35100.0, 37600.0, 40100.0]",[],True
legacy_25k,1000,0,weekly_one,minimum,weekly,0,25100.0,False,200.0,5,0,-1000.0,0,-1000.0,1000.0,0.0,ongoing,21,25100.0,40100.0,"[25100.0, 25200.0, 25300.0, 25400.0, 25500.0, 25600.0, 26100.0, 27100.0, 28100.0, 29100.0, 30000.0, 30100.0, 31100.0, 31600.0, 31900.0, 32100.0, 33100.0, 34100.0, 35100.0, 37600.0, 40100.0]",[],True
legacy_25k,1000,0,weekly_one,minimum,weekly,0,25100.0,False,200.0,5,0,-1000.0,0,-1000.0,1000.0,0.0,total,21,25100.0,40100.0,"[25100.0, 25200.0, 25300.0, 25400.0, 25500.0, 25600.0, 26100.0, 27100.0, 28100.0, 29100.0, 30000.0, 30100.0, 31100.0, 31600.0, 31900.0, 32100.0, 33100.0, 34100.0, 35100.0, 37600.0, 40100.0]",[],True
legacy_25k,1000,200,monthly_current_slot_replacements,maximum,calendar_month,400,25500.0,False,200.0,401,20,613545.95,0,613545.95,16600.0,630145.95,ongoing,40,25100.0,40100.0,[25500.0],"[25500.0, 25600.0]",False
legacy_25k,1000,200,monthly_current_slot_replacements,maximum,calendar_month,400,25500.0,False,200.0,401,20,613545.95,0,613545.95,16600.0,630145.95,total,40,25100.0,40100.0,[25500.0],"[25500.0, 25600.0]",False
legacy_25k,1000,200,monthly_current_slot_replacements,maximum,daily,1100,26200.0,False,200.0,564,20,720480.7,0,720480.7,16600.0,737080.7,ongoing,26,25100.0,40100.0,[26200.0],[26200.0],False
legacy_25k,1000,200,monthly_current_slot_replacements,maximum,daily,1100,26200.0,False,200.0,564,20,720480.7,0,720480.7,16600.0,737080.7,total,26,25100.0,40100.0,[26200.0],[26200.0],False
legacy_25k,1000,200,monthly_current_slot_replacements,maximum,weekly,0,25100.0,False,200.0,611,20,749859.45,0,749859.45,16600.0,766459.45,ongoing,31,25100.0,40100.0,[25100.0],"[25100.0, 25200.0, 25300.0, 25400.0, 25500.0, 25600.0]",True
legacy_25k,1000,200,monthly_current_slot_replacements,maximum,weekly,0,25100.0,False,200.0,611,20,749859.45,0,749859.45,16600.0,766459.45,total,31,25100.0,40100.0,[25100.0],"[25100.0, 25200.0, 25300.0, 25400.0, 25500.0, 25600.0]",True
legacy_25k,1000,200,monthly_current_slot_replacements,minimum,calendar_month,0,25100.0,False,200.0,135,20,422950.0,166409.07,589359.07,16600.0,605959.07,ongoing,31,25100.0,40100.0,"[25100.0, 25200.0, 25300.0, 25400.0, 25500.0, 25600.0, 26100.0]","[25100.0, 25200.0, 25300.0, 25400.0, 25500.0, 25600.0, 26100.0]",True
legacy_25k,1000,200,monthly_current_slot_replacements,minimum,calendar_month,0,25100.0,False,200.0,135,20,422950.0,166409.07,589359.07,16600.0,605959.07,total,31,25100.0,40100.0,"[25100.0, 25200.0, 25300.0, 25400.0, 25500.0, 25600.0, 26100.0]","[25100.0, 25200.0, 25300.0, 25400.0, 25500.0, 25600.0, 26100.0]",True
legacy_25k,1000,200,monthly_current_slot_replacements,minimum,daily,1700,26800.0,False,200.0,253,20,605900.0,0,605900.0,16600.0,622500.0,ongoing,39,25100.0,40100.0,[26800.0],[26800.0],False
legacy_25k,1000,200,monthly_current_slot_replacements,minimum,daily,1700,26800.0,False,200.0,253,20,605900.0,0,605900.0,16600.0,622500.0,total,39,25100.0,40100.0,[26800.0],[26800.0],False
legacy_25k,1000,200,monthly_current_slot_replacements,minimum,weekly,0,25100.0,False,200.0,270,20,589000.0,0,589000.0,16600.0,605600.0,ongoing,30,25100.0,40100.0,"[25100.0, 25200.0, 25300.0, 25400.0, 25500.0, 25600.0, 26100.0]","[25100.0, 25200.0, 25300.0, 25400.0, 25500.0, 25600.0, 26100.0]",True
legacy_25k,1000,200,monthly_current_slot_replacements,minimum,weekly,0,25100.0,False,200.0,270,20,589000.0,0,589000.0,16600.0,605600.0,total,30,25100.0,40100.0,"[25100.0, 25200.0, 25300.0, 25400.0, 25500.0, 25600.0, 26100.0]","[25100.0, 25200.0, 25300.0, 25400.0, 25500.0, 25600.0, 26100.0]",True
legacy_25k,1000,200,monthly_one,maximum,calendar_month,4700,29800.0,False,200.0,64,2,373417.36,0,373417.36,16600.0,390017.36,ongoing,42,25100.0,40100.0,[29800.0],"[29800.0, 29900.0]",False
legacy_25k,1000,200,monthly_one,maximum,calendar_month,6500,31600.0,False,200.0,60,20,357940.38,102345.63,460286.01,16600.0,476886.01,total,42,25100.0,40100.0,[31600.0],[31600.0],False
legacy_25k,1000,200,monthly_one,maximum,daily,5700,30800.0,False,200.0,64,2,368769.22,0,368769.22,16600.0,385369.22,ongoing,35,25100.0,40100.0,[30800.0],"[30800.0, 30900.0]",False
legacy_25k,1000,200,monthly_one,maximum,daily,7500,32600.0,False,200.0,60,20,344983.14,114634.99,459618.13,16600.0,476218.13,total,35,25100.0,40100.0,[32600.0],"[31900.0, 32100.0, 32600.0, 32700.0, 32800.0, 32900.0, 33000.0, 33100.0, 33200.0, 33300.0, 33400.0, 33500.0, 33600.0]",False
legacy_25k,1000,200,monthly_one,maximum,weekly,4900,30000.0,False,200.0,64,2,375549.86,0,375549.86,16600.0,392149.86,ongoing,43,25100.0,40100.0,[30000.0],"[30000.0, 30100.0, 31600.0]",False
legacy_25k,1000,200,monthly_one,maximum,weekly,6500,31600.0,False,200.0,60,20,373130.03,87940.55,461070.58,16600.0,477670.58,total,43,25100.0,40100.0,[31600.0],"[31600.0, 31700.0, 31800.0, 31900.0, 32000.0, 32100.0, 33100.0, 33600.0, 33700.0, 33800.0, 33900.0, 34000.0, 34100.0, 34200.0, 34300.0]",False
legacy_25k,1000,200,monthly_one,minimum,calendar_month,3300,28400.0,False,200.0,69,18,285200.0,152960.79,438160.79,16600.0,454760.79,ongoing,52,25100.0,40100.0,"[28400.0, 28500.0]","[28400.0, 28500.0, 28600.0, 28700.0, 28800.0, 28900.0]",False
legacy_25k,1000,200,monthly_one,minimum,calendar_month,4900,30000.0,False,200.0,60,20,270000.0,194311.75,464311.75,16600.0,480911.75,total,52,25100.0,40100.0,"[30000.0, 30100.0, 30200.0, 30300.0, 30400.0, 30500.0, 31100.0]","[30000.0, 30100.0, 30200.0, 30300.0, 30400.0, 30500.0, 31100.0]",False
legacy_25k,1000,200,monthly_one,minimum,daily,4100,29200.0,False,200.0,69,2,387000.0,0,387000.0,16600.0,403600.0,ongoing,44,25100.0,40100.0,[29200.0],"[29200.0, 29300.0]",False
legacy_25k,1000,200,monthly_one,minimum,daily,6800,31900.0,False,200.0,60,20,361600.0,102711.75,464311.75,16600.0,480911.75,total,44,25100.0,40100.0,"[31900.0, 32000.0, 32100.0, 32200.0, 32300.0, 32400.0, 32600.0, 32700.0, 32800.0, 32900.0, 33000.0, 33100.0, 33200.0, 33300.0, 33400.0]","[31900.0, 32000.0, 32100.0, 32200.0, 32300.0, 32400.0, 32600.0, 32700.0, 32800.0, 32900.0, 33000.0, 33100.0, 33200.0, 33300.0, 33400.0]",False
legacy_25k,1000,200,monthly_one,minimum,weekly,3500,28600.0,False,200.0,69,2,374650.0,0,374650.0,16600.0,391250.0,ongoing,41,25100.0,40100.0,[28600.0],"[28600.0, 28700.0, 28800.0]",False
legacy_25k,1000,200,monthly_one,minimum,weekly,6100,31200.0,False,200.0,60,20,360650.0,103661.75,464311.75,16600.0,480911.75,total,41,25100.0,40100.0,"[31200.0, 31300.0, 31400.0, 31500.0, 31600.0, 31700.0, 31800.0, 31900.0, 32000.0, 32100.0, 32200.0, 32300.0, 32400.0]","[31200.0, 31300.0, 31400.0, 31500.0, 31600.0, 31700.0, 31800.0, 31900.0, 32000.0, 32100.0, 32200.0, 32300.0, 32400.0]",False
legacy_25k,1000,200,weekly_one,maximum,calendar_month,4700,29800.0,False,200.0,91,8,460486.42,1500.0,461986.42,16600.0,478586.42,ongoing,35,25100.0,40100.0,[29800.0],"[29500.0, 29700.0, 29800.0, 29900.0, 30000.0]",False
legacy_25k,1000,200,weekly_one,maximum,calendar_month,7500,32600.0,False,200.0,69,20,428566.15,124119.42,552685.57,16600.0,569285.57,total,35,25100.0,40100.0,[32600.0],"[31100.0, 31400.0, 31500.0, 31600.0, 31700.0, 31800.0, 31900.0, 32000.0, 32100.0, 32200.0, 32300.0, 32400.0, 32500.0, 32600.0]",False
legacy_25k,1000,200,weekly_one,maximum,daily,5700,30800.0,False,200.0,94,8,455592.01,3000.0,458592.01,16600.0,475192.01,ongoing,35,25100.0,40100.0,[30800.0],"[30800.0, 30900.0, 31000.0]",False
legacy_25k,1000,200,weekly_one,maximum,daily,8500,33600.0,False,200.0,67,20,416052.79,137032.78,553085.57,16600.0,569685.57,total,35,25100.0,40100.0,[33600.0],"[31900.0, 32100.0, 32600.0, 32700.0, 32800.0, 32900.0, 33000.0, 33100.0, 33200.0, 33300.0, 33400.0, 33500.0, 33600.0]",False
legacy_25k,1000,200,weekly_one,maximum,weekly,5000,30100.0,False,200.0,95,8,466344.32,0,466344.32,16600.0,482944.32,ongoing,33,25100.0,40100.0,[30100.0],"[30000.0, 30100.0, 30200.0, 30300.0]",False
legacy_25k,1000,200,weekly_one,maximum,weekly,7100,32200.0,False,200.0,72,20,449976.04,101305.74,551281.78,16600.0,567881.78,total,33,25100.0,40100.0,[32200.0],"[31600.0, 31700.0, 31800.0, 31900.0, 32000.0, 32100.0, 32200.0, 32300.0, 32400.0, 32500.0, 32600.0]",False
legacy_25k,1000,200,weekly_one,minimum,calendar_month,2100,27200.0,False,200.0,91,20,358800.0,178727.48,537527.48,16600.0,554127.48,ongoing,40,25100.0,40100.0,[27200.0],"[27100.0, 27200.0, 27300.0]",False
legacy_25k,1000,200,weekly_one,minimum,calendar_month,5900,31000.0,False,200.0,74,20,307700.0,243181.87,550881.87,16600.0,567481.87,total,40,25100.0,40100.0,"[31000.0, 31100.0, 31200.0, 31300.0, 31400.0, 31500.0, 31600.0, 31900.0, 32100.0]","[28100.0, 29100.0, 30000.0, 30100.0, 30600.0, 30700.0, 30800.0, 30900.0, 31000.0, 31100.0, 31200.0, 31300.0, 31400.0, 31500.0, 31600.0, 31900.0, 32100.0]",False
legacy_25k,1000,200,weekly_one,minimum,daily,4000,29100.0,False,200.0,98,8,484750.0,0,484750.0,16600.0,501350.0,ongoing,44,25100.0,40100.0,[29100.0],"[29000.0, 29100.0, 29200.0]",False
legacy_25k,1000,200,weekly_one,minimum,daily,7700,32800.0,False,200.0,72,20,432100.0,119181.87,551281.87,16600.0,567881.87,total,44,25100.0,40100.0,"[32800.0, 32900.0, 33000.0, 33100.0]","[31900.0, 32000.0, 32100.0, 32200.0, 32300.0, 32400.0, 32600.0, 32700.0, 32800.0, 32900.0, 33000.0, 33100.0, 33200.0]",False
legacy_25k,1000,200,weekly_one,minimum,weekly,3800,28900.0,False,200.0,97,8,461850.0,1500.0,463350.0,16600.0,479950.0,ongoing,41,25100.0,40100.0,[28900.0],"[28800.0, 28900.0, 29000.0, 29100.0, 30600.0]",False
legacy_25k,1000,200,weekly_one,minimum,weekly,7100,32200.0,False,200.0,72,20,429150.0,122131.87,551281.87,16600.0,567881.87,total,41,25100.0,40100.0,"[32200.0, 32300.0, 32400.0]","[30800.0, 30900.0, 31000.0, 31100.0, 31200.0, 31300.0, 31400.0, 31500.0, 31600.0, 31700.0, 31800.0, 31900.0, 32000.0, 32100.0, 32200.0, 32300.0, 32400.0]",False
legacy_25k,5000,0,monthly_current_slot_replacements,maximum,calendar_month,1700,26800.0,False,200.0,357,20,678255.9,0,678255.9,5000.0,683255.9,ongoing,44,25100.0,40100.0,[26800.0],[26800.0],False
legacy_25k,5000,0,monthly_current_slot_replacements,maximum,calendar_month,1700,26800.0,False,200.0,357,20,678255.9,0,678255.9,5000.0,683255.9,total,44,25100.0,40100.0,[26800.0],[26800.0],False
legacy_25k,5000,0,monthly_current_slot_replacements,maximum,daily,1100,26200.0,False,200.0,605,20,794134.1,0,794134.1,5000.0,799134.1,ongoing,26,25100.0,40100.0,[26200.0],[26200.0],False
legacy_25k,5000,0,monthly_current_slot_replacements,maximum,daily,1100,26200.0,False,200.0,605,20,794134.1,0,794134.1,5000.0,799134.1,total,26,25100.0,40100.0,[26200.0],[26200.0],False
legacy_25k,5000,0,monthly_current_slot_replacements,maximum,weekly,0,25100.0,False,200.0,674,20,810670.4,0,810670.4,5000.0,815670.4,ongoing,31,25100.0,40100.0,[25100.0],"[25100.0, 25200.0, 25300.0, 25400.0, 25500.0, 25600.0]",True
legacy_25k,5000,0,monthly_current_slot_replacements,maximum,weekly,0,25100.0,False,200.0,674,20,810670.4,0,810670.4,5000.0,815670.4,total,31,25100.0,40100.0,[25100.0],"[25100.0, 25200.0, 25300.0, 25400.0, 25500.0, 25600.0]",True
legacy_25k,5000,0,monthly_current_slot_replacements,minimum,calendar_month,0,25100.0,False,200.0,155,20,479000.0,167827.8,646827.8,5000.0,651827.8,ongoing,31,25100.0,40100.0,"[25100.0, 25200.0, 25300.0, 25400.0, 25500.0, 25600.0, 26100.0]","[25100.0, 25200.0, 25300.0, 25400.0, 25500.0, 25600.0, 26100.0]",True
legacy_25k,5000,0,monthly_current_slot_replacements,minimum,calendar_month,0,25100.0,False,200.0,155,20,479000.0,167827.8,646827.8,5000.0,651827.8,total,31,25100.0,40100.0,"[25100.0, 25200.0, 25300.0, 25400.0, 25500.0, 25600.0, 26100.0]","[25100.0, 25200.0, 25300.0, 25400.0, 25500.0, 25600.0, 26100.0]",True
legacy_25k,5000,0,monthly_current_slot_replacements,minimum,daily,1700,26800.0,False,200.0,265,20,679000.0,0,679000.0,5000.0,684000.0,ongoing,31,25100.0,40100.0,[26800.0],[26800.0],False
legacy_25k,5000,0,monthly_current_slot_replacements,minimum,daily,1700,26800.0,False,200.0,265,20,679000.0,0,679000.0,5000.0,684000.0,total,31,25100.0,40100.0,[26800.0],[26800.0],False
legacy_25k,5000,0,monthly_current_slot_replacements,minimum,weekly,0,25100.0,False,200.0,297,20,662600.0,0,662600.0,5000.0,667600.0,ongoing,21,25100.0,40100.0,"[25100.0, 25200.0, 25300.0, 25400.0, 25500.0, 25600.0, 26100.0]","[25100.0, 25200.0, 25300.0, 25400.0, 25500.0, 25600.0, 26100.0]",True
legacy_25k,5000,0,monthly_current_slot_replacements,minimum,weekly,0,25100.0,False,200.0,297,20,662600.0,0,662600.0,5000.0,667600.0,total,21,25100.0,40100.0,"[25100.0, 25200.0, 25300.0, 25400.0, 25500.0, 25600.0, 26100.0]","[25100.0, 25200.0, 25300.0, 25400.0, 25500.0, 25600.0, 26100.0]",True
legacy_25k,5000,0,monthly_one,maximum,calendar_month,4700,29800.0,False,200.0,63,2,373617.36,0,373617.36,5000.0,378617.36,ongoing,37,25100.0,40100.0,[29800.0],"[29800.0, 29900.0]",False
legacy_25k,5000,0,monthly_one,maximum,calendar_month,6500,31600.0,False,200.0,59,20,358140.38,102345.63,460486.01,5000.0,465486.01,total,37,25100.0,40100.0,[31600.0],[31600.0],False
legacy_25k,5000,0,monthly_one,maximum,daily,5700,30800.0,False,200.0,63,2,368969.22,0,368969.22,5000.0,373969.22,ongoing,35,25100.0,40100.0,[30800.0],"[30800.0, 30900.0]",False
legacy_25k,5000,0,monthly_one,maximum,daily,7500,32600.0,False,200.0,58,20,345383.14,114634.99,460018.13,5000.0,465018.13,total,35,25100.0,40100.0,[32600.0],"[31900.0, 32100.0, 32600.0, 32700.0, 32800.0, 32900.0, 33000.0, 33100.0, 33200.0, 33300.0, 33400.0, 33500.0, 33600.0]",False
legacy_25k,5000,0,monthly_one,maximum,weekly,4900,30000.0,False,200.0,63,2,375749.86,0,375749.86,5000.0,380749.86,ongoing,43,25100.0,40100.0,[30000.0],"[30000.0, 30100.0, 31600.0]",False
legacy_25k,5000,0,monthly_one,maximum,weekly,6500,31600.0,False,200.0,59,20,373330.03,87940.55,461270.58,5000.0,466270.58,total,43,25100.0,40100.0,[31600.0],"[31600.0, 31700.0, 31800.0, 31900.0, 32000.0, 32100.0, 32600.0, 32700.0, 32800.0, 32900.0, 33000.0, 33100.0, 33200.0, 33300.0, 33400.0, 33500.0]",False
legacy_25k,5000,0,monthly_one,minimum,calendar_month,3300,28400.0,False,200.0,69,18,285200.0,152960.79,438160.79,5000.0,443160.79,ongoing,42,25100.0,40100.0,"[28400.0, 28500.0]","[28400.0, 28500.0, 28600.0, 28700.0, 28800.0, 28900.0]",False
legacy_25k,5000,0,monthly_one,minimum,calendar_month,4900,30000.0,False,200.0,59,20,270200.0,194311.75,464511.75,5000.0,469511.75,total,42,25100.0,40100.0,"[30000.0, 30100.0, 30200.0, 30300.0, 30400.0, 30500.0, 31100.0]","[30000.0, 30100.0, 30200.0, 30300.0, 30400.0, 30500.0, 31100.0]",False
legacy_25k,5000,0,monthly_one,minimum,daily,4100,29200.0,False,200.0,69,2,387000.0,0,387000.0,5000.0,392000.0,ongoing,36,25100.0,40100.0,[29200.0],"[29200.0, 29300.0]",False
legacy_25k,5000,0,monthly_one,minimum,daily,8200,33300.0,False,200.0,57,20,335950.0,128961.75,464911.75,5000.0,469911.75,total,36,25100.0,40100.0,"[33300.0, 33400.0]","[31900.0, 32100.0, 32600.0, 32700.0, 32800.0, 32900.0, 33000.0, 33100.0, 33200.0, 33300.0, 33400.0]",False
legacy_25k,5000,0,monthly_one,minimum,weekly,3500,28600.0,False,200.0,69,2,374650.0,0,374650.0,5000.0,379650.0,ongoing,44,25100.0,40100.0,[28600.0],"[28600.0, 28700.0, 28800.0]",False
legacy_25k,5000,0,monthly_one,minimum,weekly,7200,32300.0,False,200.0,57,20,340350.0,124561.75,464911.75,5000.0,469911.75,total,44,25100.0,40100.0,"[32300.0, 32400.0, 32600.0, 32700.0, 32800.0, 32900.0, 33000.0]","[31400.0, 31500.0, 31600.0, 31700.0, 31800.0, 31900.0, 32000.0, 32100.0, 32200.0, 32300.0, 32400.0, 32600.0, 32700.0, 32800.0, 32900.0, 33000.0]",False
legacy_25k,5000,0,weekly_one,maximum,calendar_month,4700,29800.0,False,200.0,94,8,452905.13,1500.0,454405.13,5000.0,459405.13,ongoing,44,25100.0,40100.0,[29800.0],"[29800.0, 29900.0, 30000.0, 31100.0]",False
legacy_25k,5000,0,weekly_one,maximum,calendar_month,8500,33600.0,False,200.0,66,20,401472.42,144854.12,546326.54,5000.0,551326.54,total,44,25100.0,40100.0,[33600.0],"[31100.0, 31200.0, 31300.0, 31400.0, 31500.0, 31600.0, 31900.0, 32100.0, 32600.0, 32700.0, 32800.0, 32900.0, 33000.0, 33100.0, 33200.0, 33300.0, 33400.0, 33500.0, 33600.0]",False
legacy_25k,5000,0,weekly_one,maximum,daily,5300,30400.0,False,200.0,97,8,452350.09,1500.0,453850.09,5000.0,458850.09,ongoing,45,25100.0,40100.0,[30400.0],"[30400.0, 30500.0]",False
legacy_25k,5000,0,weekly_one,maximum,daily,9400,34500.0,False,200.0,64,20,390798.39,155928.17,546726.56,5000.0,551726.56,total,45,25100.0,40100.0,[34500.0],"[31900.0, 32100.0, 32600.0, 32700.0, 32800.0, 32900.0, 33000.0, 33100.0, 33200.0, 33300.0, 33400.0, 33500.0, 33600.0, 33700.0, 33800.0, 33900.0, 34000.0, 34100.0, 34200.0, 34300.0, 34400.0, 34500.0, 34600.0]",False
legacy_25k,5000,0,weekly_one,maximum,weekly,4900,30000.0,False,200.0,96,8,461537.84,0,461537.84,5000.0,466537.84,ongoing,45,25100.0,40100.0,[30000.0],"[30000.0, 30100.0, 30200.0]",False
legacy_25k,5000,0,weekly_one,maximum,weekly,9000,34100.0,False,200.0,65,20,407223.04,139303.42,546526.46,5000.0,551526.46,total,45,25100.0,40100.0,[34100.0],"[31600.0, 31900.0, 32100.0, 32600.0, 32700.0, 32800.0, 32900.0, 33000.0, 33100.0, 33200.0, 33300.0, 33400.0, 33500.0, 33600.0, 33700.0, 33800.0, 33900.0, 34000.0, 34100.0]",False
legacy_25k,5000,0,weekly_one,minimum,calendar_month,3000,28100.0,False,200.0,86,20,388200.0,193396.36,581596.36,5000.0,586596.36,ongoing,26,25100.0,40100.0,[28100.0],"[28100.0, 28200.0]",False
legacy_25k,5000,0,weekly_one,minimum,calendar_month,3000,28100.0,False,200.0,86,20,388200.0,193396.36,581596.36,5000.0,586596.36,total,26,25100.0,40100.0,"[28100.0, 28200.0]","[28100.0, 28200.0]",False
legacy_25k,5000,0,weekly_one,minimum,daily,3700,28800.0,False,200.0,114,8,489650.0,0,489650.0,5000.0,494650.0,ongoing,36,25100.0,40100.0,[28800.0],"[28800.0, 29000.0]",False
legacy_25k,5000,0,weekly_one,minimum,daily,8400,33500.0,False,200.0,70,20,410900.0,134626.53,545526.53,5000.0,550526.53,total,36,25100.0,40100.0,"[33500.0, 33600.0]","[31900.0, 32100.0, 32600.0, 32700.0, 32800.0, 32900.0, 33000.0, 33100.0, 33200.0, 33300.0, 33400.0, 33500.0, 33600.0]",False
legacy_25k,5000,0,weekly_one,minimum,weekly,3600,28700.0,False,200.0,109,8,464350.0,0,464350.0,5000.0,469350.0,ongoing,36,25100.0,40100.0,[28700.0],"[28600.0, 28700.0, 28800.0]",False
legacy_25k,5000,0,weekly_one,minimum,weekly,7800,32900.0,False,200.0,71,20,410200.0,135126.53,545326.53,5000.0,550326.53,total,36,25100.0,40100.0,"[32900.0, 33000.0, 33100.0]","[31100.0, 31600.0, 31900.0, 32100.0, 32600.0, 32700.0, 32800.0, 32900.0, 33000.0, 33100.0, 33200.0, 33300.0, 33400.0]",False
legacy_25k,5000,200,monthly_current_slot_replacements,maximum,calendar_month,1700,26800.0,False,200.0,361,20,686630.15,0,686630.15,20600.0,707230.15,ongoing,45,25100.0,40100.0,[26800.0],[26800.0],False
legacy_25k,5000,200,monthly_current_slot_replacements,maximum,calendar_month,1700,26800.0,False,200.0,361,20,686630.15,0,686630.15,20600.0,707230.15,total,45,25100.0,40100.0,[26800.0],[26800.0],False
legacy_25k,5000,200,monthly_current_slot_replacements,maximum,daily,1100,26200.0,False,200.0,605,20,794134.1,0,794134.1,20600.0,814734.1,ongoing,26,25100.0,40100.0,[26200.0],[26200.0],False
legacy_25k,5000,200,monthly_current_slot_replacements,maximum,daily,1100,26200.0,False,200.0,605,20,794134.1,0,794134.1,20600.0,814734.1,total,26,25100.0,40100.0,[26200.0],[26200.0],False
legacy_25k,5000,200,monthly_current_slot_replacements,maximum,weekly,0,25100.0,False,200.0,674,20,810670.4,0,810670.4,20600.0,831270.4,ongoing,31,25100.0,40100.0,[25100.0],"[25100.0, 25200.0, 25300.0, 25400.0, 25500.0, 25600.0]",True
legacy_25k,5000,200,monthly_current_slot_replacements,maximum,weekly,0,25100.0,False,200.0,674,20,810670.4,0,810670.4,20600.0,831270.4,total,31,25100.0,40100.0,[25100.0],"[25100.0, 25200.0, 25300.0, 25400.0, 25500.0, 25600.0]",True
legacy_25k,5000,200,monthly_current_slot_replacements,minimum,calendar_month,1600,26700.0,False,200.0,100,20,483500.0,162768.02,646268.02,20600.0,666868.02,ongoing,40,25100.0,40100.0,[26700.0],"[25100.0, 25200.0, 25300.0, 25400.0, 25500.0, 25600.0, 26100.0, 26600.0, 26700.0, 26800.0, 27000.0, 27100.0, 27200.0, 27300.0]",False
legacy_25k,5000,200,monthly_current_slot_replacements,minimum,calendar_month,2800,27900.0,False,200.0,73,20,466450.0,184754.67,651204.67,20600.0,671804.67,total,40,25100.0,40100.0,"[27900.0, 28000.0]","[25100.0, 25200.0, 25300.0, 25400.0, 25500.0, 25600.0, 26100.0, 26700.0, 26900.0, 27000.0, 27100.0, 27200.0, 27300.0, 27400.0, 27500.0, 27600.0, 27700.0, 27800.0, 27900.0, 28000.0, 28100.0, 28200.0, 28300.0]",False
legacy_25k,5000,200,monthly_current_slot_replacements,minimum,daily,1700,26800.0,False,200.0,265,20,679000.0,0,679000.0,20600.0,699600.0,ongoing,45,25100.0,40100.0,[26800.0],[26800.0],False
legacy_25k,5000,200,monthly_current_slot_replacements,minimum,daily,1700,26800.0,False,200.0,265,20,679000.0,0,679000.0,20600.0,699600.0,total,45,25100.0,40100.0,[26800.0],[26800.0],False
legacy_25k,5000,200,monthly_current_slot_replacements,minimum,weekly,0,25100.0,False,200.0,296,20,663800.0,0,663800.0,20600.0,684400.0,ongoing,39,25100.0,40100.0,"[25100.0, 25200.0, 25300.0, 25400.0, 25500.0, 25600.0, 26100.0]","[25100.0, 25200.0, 25300.0, 25400.0, 25500.0, 25600.0, 26100.0]",True
legacy_25k,5000,200,monthly_current_slot_replacements,minimum,weekly,0,25100.0,False,200.0,296,20,663800.0,0,663800.0,20600.0,684400.0,total,39,25100.0,40100.0,"[25100.0, 25200.0, 25300.0, 25400.0, 25500.0, 25600.0, 26100.0]","[25100.0, 25200.0, 25300.0, 25400.0, 25500.0, 25600.0, 26100.0]",True
legacy_25k,5000,200,monthly_one,maximum,calendar_month,4700,29800.0,False,200.0,64,2,373417.36,0,373417.36,20600.0,394017.36,ongoing,37,25100.0,40100.0,[29800.0],"[29800.0, 29900.0]",False
legacy_25k,5000,200,monthly_one,maximum,calendar_month,6500,31600.0,False,200.0,60,20,357940.38,102345.63,460286.01,20600.0,480886.01,total,37,25100.0,40100.0,[31600.0],[31600.0],False
legacy_25k,5000,200,monthly_one,maximum,daily,5700,30800.0,False,200.0,64,2,368769.22,0,368769.22,20600.0,389369.22,ongoing,41,25100.0,40100.0,[30800.0],"[30800.0, 30900.0]",False
legacy_25k,5000,200,monthly_one,maximum,daily,7100,32200.0,False,200.0,60,20,352743.17,107274.99,460018.16,20600.0,480618.16,total,41,25100.0,40100.0,[32200.0],"[31900.0, 32000.0, 32100.0, 32200.0, 32300.0, 32400.0, 32600.0, 32700.0, 32800.0, 32900.0, 33000.0, 33100.0, 33200.0, 33300.0, 33400.0, 33500.0, 33600.0]",False
legacy_25k,5000,200,monthly_one,maximum,weekly,4900,30000.0,False,200.0,64,2,375549.86,0,375549.86,20600.0,396149.86,ongoing,43,25100.0,40100.0,[30000.0],"[30000.0, 30100.0, 31600.0]",False
legacy_25k,5000,200,monthly_one,maximum,weekly,6500,31600.0,False,200.0,60,20,373130.03,87940.55,461070.58,20600.0,481670.58,total,43,25100.0,40100.0,[31600.0],"[31600.0, 31700.0, 31800.0, 31900.0, 32000.0, 32100.0, 33100.0, 34100.0]",False
legacy_25k,5000,200,monthly_one,minimum,calendar_month,3300,28400.0,False,200.0,69,18,285200.0,152960.79,438160.79,20600.0,458760.79,ongoing,42,25100.0,40100.0,"[28400.0, 28500.0]","[28400.0, 28500.0, 28600.0, 28700.0, 28800.0, 28900.0]",False
legacy_25k,5000,200,monthly_one,minimum,calendar_month,4900,30000.0,False,200.0,60,20,270000.0,194311.75,464311.75,20600.0,484911.75,total,42,25100.0,40100.0,"[30000.0, 30100.0, 30200.0, 30300.0, 30400.0, 30500.0, 31100.0]","[30000.0, 30100.0, 30200.0, 30300.0, 30400.0, 30500.0, 31100.0]",False
legacy_25k,5000,200,monthly_one,minimum,daily,4100,29200.0,False,200.0,69,2,387000.0,0,387000.0,20600.0,407600.0,ongoing,36,25100.0,40100.0,[29200.0],"[29200.0, 29300.0]",False
legacy_25k,5000,200,monthly_one,minimum,daily,6800,31900.0,False,200.0,60,20,361600.0,102711.75,464311.75,20600.0,484911.75,total,36,25100.0,40100.0,"[31900.0, 32000.0, 32100.0, 32200.0, 32300.0, 32400.0, 32500.0, 32600.0, 33100.0]","[31900.0, 32000.0, 32100.0, 32200.0, 32300.0, 32400.0, 32500.0, 32600.0, 33100.0]",False
legacy_25k,5000,200,monthly_one,minimum,weekly,3500,28600.0,False,200.0,69,2,374650.0,0,374650.0,20600.0,395250.0,ongoing,38,25100.0,40100.0,[28600.0],"[28600.0, 28700.0, 28800.0]",False
legacy_25k,5000,200,monthly_one,minimum,weekly,6100,31200.0,False,200.0,60,20,360650.0,103661.75,464311.75,20600.0,484911.75,total,38,25100.0,40100.0,"[31200.0, 31300.0, 31400.0, 31500.0, 31600.0, 31700.0, 31800.0, 31900.0, 32000.0, 32100.0]","[31200.0, 31300.0, 31400.0, 31500.0, 31600.0, 31700.0, 31800.0, 31900.0, 32000.0, 32100.0]",False
legacy_25k,5000,200,weekly_one,maximum,calendar_month,4700,29800.0,False,200.0,101,8,500637.63,1500.0,502137.63,20600.0,522737.63,ongoing,35,25100.0,40100.0,[29800.0],"[29800.0, 29900.0, 30000.0, 31100.0]",False
legacy_25k,5000,200,weekly_one,maximum,calendar_month,8500,33600.0,False,200.0,77,20,450024.8,140515.34,590540.14,20600.0,611140.14,total,35,25100.0,40100.0,[33600.0],"[31100.0, 31600.0, 31900.0, 32100.0, 32600.0, 32700.0, 32800.0, 32900.0, 33000.0, 33100.0, 33200.0, 33300.0, 33400.0, 33500.0, 33600.0, 34100.0]",False
legacy_25k,5000,200,weekly_one,maximum,daily,5700,30800.0,False,200.0,101,8,496427.16,3000.0,499427.16,20600.0,520027.16,ongoing,35,25100.0,40100.0,[30800.0],"[30800.0, 30900.0, 31000.0]",False
legacy_25k,5000,200,weekly_one,maximum,daily,9100,34200.0,False,200.0,79,20,444534.72,145605.44,590140.16,20600.0,610740.16,total,35,25100.0,40100.0,"[34200.0, 34300.0, 34400.0, 34500.0, 34600.0]","[31900.0, 32100.0, 33100.0, 33600.0, 33700.0, 33800.0, 33900.0, 34000.0, 34100.0, 34200.0, 34300.0, 34400.0, 34500.0, 34600.0]",False
legacy_25k,5000,200,weekly_one,maximum,weekly,5000,30100.0,False,200.0,102,8,507025.97,0,507025.97,20600.0,527625.97,ongoing,35,25100.0,40100.0,[30100.0],"[30000.0, 30100.0, 30200.0, 30300.0]",False
legacy_25k,5000,200,weekly_one,maximum,weekly,8900,34000.0,False,200.0,80,20,456733.07,133206.94,589940.01,20600.0,610540.01,total,35,25100.0,40100.0,"[34000.0, 34100.0]","[31600.0, 31900.0, 32100.0, 33100.0, 33600.0, 33700.0, 33800.0, 33900.0, 34000.0, 34100.0, 34200.0]",False
legacy_25k,5000,200,weekly_one,minimum,calendar_month,3000,28100.0,False,200.0,76,20,440700.0,189862.86,630562.86,20600.0,651162.86,ongoing,31,25100.0,40100.0,[28100.0],"[27900.0, 28100.0, 28200.0]",False
legacy_25k,5000,200,weekly_one,minimum,calendar_month,3000,28100.0,False,200.0,76,20,440700.0,189862.86,630562.86,20600.0,651162.86,total,31,25100.0,40100.0,"[28100.0, 28200.0]","[28100.0, 28200.0]",False
legacy_25k,5000,200,weekly_one,minimum,daily,3900,29000.0,False,200.0,109,8,534200.0,0,534200.0,20600.0,554800.0,ongoing,44,25100.0,40100.0,[29000.0],[29000.0],False
legacy_25k,5000,200,weekly_one,minimum,daily,9100,34200.0,False,200.0,79,20,447500.0,142640.13,590140.13,20600.0,610740.13,total,44,25100.0,40100.0,"[34200.0, 34300.0, 34400.0]","[31900.0, 32000.0, 32100.0, 32200.0, 32300.0, 32400.0, 33100.0, 33600.0, 33700.0, 33800.0, 33900.0, 34000.0, 34100.0, 34200.0, 34300.0, 34400.0, 34500.0, 34600.0]",False
legacy_25k,5000,200,weekly_one,minimum,weekly,3700,28800.0,False,200.0,110,8,516300.0,0,516300.0,20600.0,536900.0,ongoing,36,25100.0,40100.0,[28800.0],[28800.0],False
legacy_25k,5000,200,weekly_one,minimum,weekly,8100,33200.0,False,200.0,80,20,451050.0,138890.13,589940.13,20600.0,610540.13,total,36,25100.0,40100.0,"[33200.0, 33300.0, 33400.0, 33500.0, 33600.0]","[31100.0, 31600.0, 31900.0, 32100.0, 32600.0, 32700.0, 32800.0, 32900.0, 33000.0, 33100.0, 33200.0, 33300.0, 33400.0, 33500.0, 33600.0, 34100.0]",False
legacy_50k,1000,0,monthly_current_slot_replacements,maximum,calendar_month,2500,52600.0,False,250.0,124,20,483267.1,0,483267.1,1000.0,484267.1,ongoing,40,50100.0,65100.0,[52600.0],"[52600.0, 52800.0]",False
legacy_50k,1000,0,monthly_current_slot_replacements,maximum,calendar_month,2500,52600.0,False,250.0,124,20,483267.1,0,483267.1,1000.0,484267.1,total,40,50100.0,65100.0,[52600.0],"[52600.0, 52800.0]",False
legacy_50k,1000,0,monthly_current_slot_replacements,maximum,daily,3500,53600.0,False,250.0,122,20,507356.85,0,507356.85,1000.0,508356.85,ongoing,31,50100.0,65100.0,[53600.0],[53600.0],False
legacy_50k,1000,0,monthly_current_slot_replacements,maximum,daily,3500,53600.0,False,250.0,122,20,507356.85,0,507356.85,1000.0,508356.85,total,31,50100.0,65100.0,[53600.0],[53600.0],False
legacy_50k,1000,0,monthly_current_slot_replacements,maximum,weekly,3700,53800.0,False,250.0,99,20,489877.8,0,489877.8,1000.0,490877.8,ongoing,38,50100.0,65100.0,[53800.0],[53800.0],False
legacy_50k,1000,0,monthly_current_slot_replacements,maximum,weekly,6500,56600.0,False,250.0,36,20,399197.64,92180.62,491378.26,1000.0,492378.26,total,38,50100.0,65100.0,[56600.0],"[53800.0, 56600.0, 56800.0]",False
legacy_50k,1000,0,monthly_current_slot_replacements,minimum,calendar_month,2600,52700.0,False,250.0,40,20,339500.0,190566.53,530066.53,1000.0,531066.53,ongoing,31,50100.0,65100.0,[52700.0],"[52700.0, 52800.0, 52900.0]",False
legacy_50k,1000,0,monthly_current_slot_replacements,minimum,calendar_month,3100,53200.0,False,250.0,38,20,332000.0,198385.53,530385.53,1000.0,531385.53,total,31,50100.0,65100.0,"[53200.0, 53300.0]","[52700.0, 52800.0, 52900.0, 53000.0, 53100.0, 53200.0, 53300.0, 53400.0, 53500.0, 53600.0]",False
legacy_50k,1000,0,monthly_current_slot_replacements,minimum,daily,3300,53400.0,False,250.0,82,20,466500.0,0,466500.0,1000.0,467500.0,ongoing,31,50100.0,65100.0,[53400.0],"[53100.0, 53200.0, 53300.0, 53400.0, 53500.0, 53600.0]",False
legacy_50k,1000,0,monthly_current_slot_replacements,minimum,daily,3300,53400.0,False,250.0,82,20,466500.0,0,466500.0,1000.0,467500.0,total,31,50100.0,65100.0,[53400.0],"[53100.0, 53200.0, 53300.0, 53400.0, 53500.0, 53600.0]",False
legacy_50k,1000,0,monthly_current_slot_replacements,minimum,weekly,3200,53300.0,False,250.0,60,20,459200.0,0,459200.0,1000.0,460200.0,ongoing,40,50100.0,65100.0,"[53300.0, 53400.0]","[53100.0, 53300.0, 53400.0]",False
legacy_50k,1000,0,monthly_current_slot_replacements,minimum,weekly,4000,54100.0,False,250.0,58,20,445000.0,30000.0,475000.0,1000.0,476000.0,total,40,50100.0,65100.0,[54100.0],[54100.0],False
legacy_50k,1000,0,monthly_one,maximum,calendar_month,4700,54800.0,False,250.0,41,3,324863.02,0,324863.02,1000.0,325863.02,ongoing,32,50100.0,65100.0,[54800.0],"[54800.0, 54900.0]",False
legacy_50k,1000,0,monthly_one,maximum,calendar_month,6500,56600.0,False,250.0,37,20,308688.04,102082.74,410770.78,1000.0,411770.78,total,32,50100.0,65100.0,[56600.0],"[56600.0, 56700.0]",False
legacy_50k,1000,0,monthly_one,maximum,daily,5100,55200.0,False,250.0,41,3,333043.24,0,333043.24,1000.0,334043.24,ongoing,50,50100.0,65100.0,[55200.0],"[55200.0, 55300.0]",False
legacy_50k,1000,0,monthly_one,maximum,daily,8200,58300.0,False,250.0,35,20,281966.84,136355.43,418322.27,1000.0,419322.27,total,50,50100.0,65100.0,[58300.0],"[56900.0, 57000.0, 57100.0, 57200.0, 57300.0, 57400.0, 57600.0, 57700.0, 57800.0, 57900.0, 58000.0, 58300.0]",False
legacy_50k,1000,0,monthly_one,maximum,weekly,5000,55100.0,False,250.0,41,3,327426.54,0,327426.54,1000.0,328426.54,ongoing,43,50100.0,65100.0,[55100.0],"[55100.0, 55200.0, 56600.0]",False
legacy_50k,1000,0,monthly_one,maximum,weekly,8200,58300.0,False,250.0,34,20,291222.57,127349.68,418572.25,1000.0,419572.25,total,43,50100.0,65100.0,[58300.0],"[56600.0, 56700.0, 56800.0, 56900.0, 57000.0, 57100.0, 57600.0, 57700.0, 57800.0, 57900.0, 58000.0, 58100.0, 58200.0, 58300.0]",False
legacy_50k,1000,0,monthly_one,minimum,calendar_month,3300,53400.0,False,250.0,41,20,262250.0,165022.41,427272.41,1000.0,428272.41,ongoing,35,50100.0,65100.0,"[53400.0, 53500.0]","[53400.0, 53500.0, 53600.0]",False
legacy_50k,1000,0,monthly_one,minimum,calendar_month,3300,53400.0,False,250.0,41,20,262250.0,165022.41,427272.41,1000.0,428272.41,total,35,50100.0,65100.0,"[53400.0, 53500.0, 53600.0]","[53400.0, 53500.0, 53600.0]",False
legacy_50k,1000,0,monthly_one,minimum,daily,4000,54100.0,False,250.0,43,3,368100.0,0,368100.0,1000.0,369100.0,ongoing,43,50100.0,65100.0,[54100.0],[54100.0],False
legacy_50k,1000,0,monthly_one,minimum,daily,8300,58400.0,False,250.0,34,20,284650.0,133922.26,418572.26,1000.0,419572.26,total,43,50100.0,65100.0,"[58400.0, 58500.0]","[57000.0, 57100.0, 57200.0, 57300.0, 57400.0, 57500.0, 57600.0, 57700.0, 58300.0, 58400.0, 58500.0]",False
legacy_50k,1000,0,monthly_one,minimum,weekly,3700,53800.0,False,250.0,42,3,351650.0,1757.0,353407.0,1000.0,354407.0,ongoing,44,50100.0,65100.0,[53800.0],"[53800.0, 53900.0]",False
legacy_50k,1000,0,monthly_one,minimum,weekly,7200,57300.0,False,250.0,35,20,290400.0,127922.26,418322.26,1000.0,419322.26,total,44,50100.0,65100.0,"[57300.0, 57400.0, 57600.0, 57700.0, 57800.0, 57900.0, 58000.0, 58100.0, 58200.0]","[56400.0, 56500.0, 56600.0, 56700.0, 56800.0, 56900.0, 57000.0, 57100.0, 57200.0, 57300.0, 57400.0, 57600.0, 57700.0, 57800.0, 57900.0, 58000.0, 58100.0, 58200.0]",False
legacy_50k,1000,0,weekly_one,maximum,calendar_month,0,50100.0,False,250.0,4,0,-1000.0,0,-1000.0,1000.0,0.0,ongoing,21,50100.0,65100.0,"[50100.0, 50200.0, 50300.0, 50400.0, 50500.0, 50600.0, 51100.0, 52100.0, 53100.0, 54100.0, 55000.0, 55100.0, 56100.0, 56600.0, 56900.0, 57100.0, 58100.0, 59100.0, 60100.0, 62600.0, 65100.0]",[],True
legacy_50k,1000,0,weekly_one,maximum,calendar_month,0,50100.0,False,250.0,4,0,-1000.0,0,-1000.0,1000.0,0.0,total,21,50100.0,65100.0,"[50100.0, 50200.0, 50300.0, 50400.0, 50500.0, 50600.0, 51100.0, 52100.0, 53100.0, 54100.0, 55000.0, 55100.0, 56100.0, 56600.0, 56900.0, 57100.0, 58100.0, 59100.0, 60100.0, 62600.0, 65100.0]",[],True
legacy_50k,1000,0,weekly_one,maximum,daily,0,50100.0,False,250.0,4,0,-1000.0,0,-1000.0,1000.0,0.0,ongoing,21,50100.0,65100.0,"[50100.0, 50200.0, 50300.0, 50400.0, 50500.0, 50600.0, 51100.0, 52100.0, 53100.0, 54100.0, 55000.0, 55100.0, 56100.0, 56600.0, 56900.0, 57100.0, 58100.0, 59100.0, 60100.0, 62600.0, 65100.0]",[],True
legacy_50k,1000,0,weekly_one,maximum,daily,0,50100.0,False,250.0,4,0,-1000.0,0,-1000.0,1000.0,0.0,total,21,50100.0,65100.0,"[50100.0, 50200.0, 50300.0, 50400.0, 50500.0, 50600.0, 51100.0, 52100.0, 53100.0, 54100.0, 55000.0, 55100.0, 56100.0, 56600.0, 56900.0, 57100.0, 58100.0, 59100.0, 60100.0, 62600.0, 65100.0]",[],True
legacy_50k,1000,0,weekly_one,maximum,weekly,0,50100.0,False,250.0,4,0,-1000.0,0,-1000.0,1000.0,0.0,ongoing,21,50100.0,65100.0,"[50100.0, 50200.0, 50300.0, 50400.0, 50500.0, 50600.0, 51100.0, 52100.0, 53100.0, 54100.0, 55000.0, 55100.0, 56100.0, 56600.0, 56900.0, 57100.0, 58100.0, 59100.0, 60100.0, 62600.0, 65100.0]",[],True
legacy_50k,1000,0,weekly_one,maximum,weekly,0,50100.0,False,250.0,4,0,-1000.0,0,-1000.0,1000.0,0.0,total,21,50100.0,65100.0,"[50100.0, 50200.0, 50300.0, 50400.0, 50500.0, 50600.0, 51100.0, 52100.0, 53100.0, 54100.0, 55000.0, 55100.0, 56100.0, 56600.0, 56900.0, 57100.0, 58100.0, 59100.0, 60100.0, 62600.0, 65100.0]",[],True
legacy_50k,1000,0,weekly_one,minimum,calendar_month,0,50100.0,False,250.0,4,0,-1000.0,0,-1000.0,1000.0,0.0,ongoing,21,50100.0,65100.0,"[50100.0, 50200.0, 50300.0, 50400.0, 50500.0, 50600.0, 51100.0, 52100.0, 53100.0, 54100.0, 55000.0, 55100.0, 56100.0, 56600.0, 56900.0, 57100.0, 58100.0, 59100.0, 60100.0, 62600.0, 65100.0]",[],True
legacy_50k,1000,0,weekly_one,minimum,calendar_month,0,50100.0,False,250.0,4,0,-1000.0,0,-1000.0,1000.0,0.0,total,21,50100.0,65100.0,"[50100.0, 50200.0, 50300.0, 50400.0, 50500.0, 50600.0, 51100.0, 52100.0, 53100.0, 54100.0, 55000.0, 55100.0, 56100.0, 56600.0, 56900.0, 57100.0, 58100.0, 59100.0, 60100.0, 62600.0, 65100.0]",[],True
legacy_50k,1000,0,weekly_one,minimum,daily,0,50100.0,False,250.0,4,0,-1000.0,0,-1000.0,1000.0,0.0,ongoing,21,50100.0,65100.0,"[50100.0, 50200.0, 50300.0, 50400.0, 50500.0, 50600.0, 51100.0, 52100.0, 53100.0, 54100.0, 55000.0, 55100.0, 56100.0, 56600.0, 56900.0, 57100.0, 58100.0, 59100.0, 60100.0, 62600.0, 65100.0]",[],True
legacy_50k,1000,0,weekly_one,minimum,daily,0,50100.0,False,250.0,4,0,-1000.0,0,-1000.0,1000.0,0.0,total,21,50100.0,65100.0,"[50100.0, 50200.0, 50300.0, 50400.0, 50500.0, 50600.0, 51100.0, 52100.0, 53100.0, 54100.0, 55000.0, 55100.0, 56100.0, 56600.0, 56900.0, 57100.0, 58100.0, 59100.0, 60100.0, 62600.0, 65100.0]",[],True
legacy_50k,1000,0,weekly_one,minimum,weekly,0,50100.0,False,250.0,4,0,-1000.0,0,-1000.0,1000.0,0.0,ongoing,21,50100.0,65100.0,"[50100.0, 50200.0, 50300.0, 50400.0, 50500.0, 50600.0, 51100.0, 52100.0, 53100.0, 54100.0, 55000.0, 55100.0, 56100.0, 56600.0, 56900.0, 57100.0, 58100.0, 59100.0, 60100.0, 62600.0, 65100.0]",[],True
legacy_50k,1000,0,weekly_one,minimum,weekly,0,50100.0,False,250.0,4,0,-1000.0,0,-1000.0,1000.0,0.0,total,21,50100.0,65100.0,"[50100.0, 50200.0, 50300.0, 50400.0, 50500.0, 50600.0, 51100.0, 52100.0, 53100.0, 54100.0, 55000.0, 55100.0, 56100.0, 56600.0, 56900.0, 57100.0, 58100.0, 59100.0, 60100.0, 62600.0, 65100.0]",[],True
legacy_50k,1000,200,monthly_current_slot_replacements,maximum,calendar_month,2500,52600.0,False,250.0,164,20,566749.25,0,566749.25,16600.0,583349.25,ongoing,40,50100.0,65100.0,[52600.0],"[52600.0, 52800.0]",False
legacy_50k,1000,200,monthly_current_slot_replacements,maximum,calendar_month,6000,56100.0,False,250.0,49,20,491916.83,92556.8,584473.63,16600.0,601073.63,total,40,50100.0,65100.0,[56100.0],"[56100.0, 56200.0, 56300.0, 56400.0, 56500.0, 56600.0, 56900.0, 57100.0]",False
legacy_50k,1000,200,monthly_current_slot_replacements,maximum,daily,600,50700.0,False,250.0,368,20,714514.6,0,714514.6,16600.0,731114.6,ongoing,26,50100.0,65100.0,[50700.0],"[50700.0, 50800.0, 50900.0, 51200.0]",False
legacy_50k,1000,200,monthly_current_slot_replacements,maximum,daily,600,50700.0,False,250.0,368,20,714514.6,0,714514.6,16600.0,731114.6,total,26,50100.0,65100.0,[50700.0],"[50700.0, 50800.0, 50900.0, 51200.0]",False
legacy_50k,1000,200,monthly_current_slot_replacements,maximum,weekly,1800,51900.0,False,250.0,243,20,675727.3,0,675727.3,16600.0,692327.3,ongoing,31,50100.0,65100.0,[51900.0],[51900.0],False
legacy_50k,1000,200,monthly_current_slot_replacements,maximum,weekly,1800,51900.0,False,250.0,243,20,675727.3,0,675727.3,16600.0,692327.3,total,31,50100.0,65100.0,[51900.0],[51900.0],False
legacy_50k,1000,200,monthly_current_slot_replacements,minimum,calendar_month,0,50100.0,False,250.0,68,20,424000.0,172347.49,596347.49,16600.0,612947.49,ongoing,31,50100.0,65100.0,"[50100.0, 50200.0, 50300.0, 50400.0, 50500.0, 50600.0, 51100.0, 52100.0]","[50100.0, 50200.0, 50300.0, 50400.0, 50500.0, 50600.0, 51100.0, 52100.0]",True
legacy_50k,1000,200,monthly_current_slot_replacements,minimum,calendar_month,2900,53000.0,False,250.0,55,20,415750.0,190572.7,606322.7,16600.0,622922.7,total,31,50100.0,65100.0,"[53000.0, 53100.0]","[52900.0, 53000.0, 53100.0, 53200.0, 53300.0, 53600.0]",False
legacy_50k,1000,200,monthly_current_slot_replacements,minimum,daily,2400,52500.0,False,250.0,129,20,599250.0,0,599250.0,16600.0,615850.0,ongoing,39,50100.0,65100.0,[52500.0],[52500.0],False
legacy_50k,1000,200,monthly_current_slot_replacements,minimum,daily,2400,52500.0,False,250.0,129,20,599250.0,0,599250.0,16600.0,615850.0,total,39,50100.0,65100.0,[52500.0],[52500.0],False
legacy_50k,1000,200,monthly_current_slot_replacements,minimum,weekly,0,50100.0,False,250.0,140,20,564000.0,0,564000.0,16600.0,580600.0,ongoing,30,50100.0,65100.0,"[50100.0, 50200.0, 50300.0, 50400.0, 50500.0, 50600.0, 51100.0, 52100.0]","[50100.0, 50200.0, 50300.0, 50400.0, 50500.0, 50600.0, 51100.0, 52100.0]",True
legacy_50k,1000,200,monthly_current_slot_replacements,minimum,weekly,5500,55600.0,False,250.0,49,20,497350.0,91273.29,588623.29,16600.0,605223.29,total,30,50100.0,65100.0,"[55600.0, 55700.0]","[55600.0, 55700.0, 55800.0, 55900.0, 56000.0, 56100.0, 56200.0, 56300.0, 56400.0, 56500.0, 56600.0, 56900.0]",False
legacy_50k,1000,200,monthly_one,maximum,calendar_month,4700,54800.0,False,250.0,54,3,414973.75,0,414973.75,16600.0,431573.75,ongoing,42,50100.0,65100.0,[54800.0],"[54800.0, 54900.0, 55000.0]",False
legacy_50k,1000,200,monthly_one,maximum,calendar_month,7500,57600.0,False,250.0,49,20,381401.3,125837.18,507238.48,16600.0,523838.48,total,42,50100.0,65100.0,"[57600.0, 57700.0, 57800.0, 57900.0, 58000.0, 58100.0, 58200.0, 58300.0, 58400.0, 58500.0, 58600.0]","[56100.0, 56200.0, 56300.0, 56400.0, 56500.0, 56600.0, 56700.0, 56800.0, 56900.0, 57000.0, 57100.0, 57600.0, 57700.0, 57800.0, 57900.0, 58000.0, 58100.0, 58200.0, 58300.0, 58400.0, 58500.0, 58600.0]",False
legacy_50k,1000,200,monthly_one,maximum,daily,5700,55800.0,False,250.0,54,3,410926.6,0,410926.6,16600.0,427526.6,ongoing,35,50100.0,65100.0,[55800.0],"[55800.0, 55900.0, 56000.0]",False
legacy_50k,1000,200,monthly_one,maximum,daily,7500,57600.0,False,250.0,49,20,387877.26,119361.23,507238.49,16600.0,523838.49,total,35,50100.0,65100.0,"[57600.0, 57700.0, 57800.0, 57900.0, 58000.0, 58100.0, 58200.0, 58300.0, 58400.0, 58500.0, 58600.0]","[56900.0, 57100.0, 57600.0, 57700.0, 57800.0, 57900.0, 58000.0, 58100.0, 58200.0, 58300.0, 58400.0, 58500.0, 58600.0, 59100.0]",False
legacy_50k,1000,200,monthly_one,maximum,weekly,5000,55100.0,False,250.0,54,3,419345.9,0,419345.9,16600.0,435945.9,ongoing,43,50100.0,65100.0,[55100.0],"[55100.0, 55200.0, 55300.0, 56600.0]",False
legacy_50k,1000,200,monthly_one,maximum,weekly,8800,58900.0,False,250.0,49,20,371344.32,135894.12,507238.44,16600.0,523838.44,total,43,50100.0,65100.0,"[58900.0, 59000.0]","[56600.0, 56700.0, 56800.0, 56900.0, 57000.0, 57100.0, 58100.0, 58600.0, 58700.0, 58800.0, 58900.0, 59000.0, 59100.0, 59200.0]",False
legacy_50k,1000,200,monthly_one,minimum,calendar_month,2800,52900.0,False,250.0,53,20,317750.0,182170.67,499920.67,16600.0,516520.67,ongoing,52,50100.0,65100.0,"[52900.0, 53000.0]","[52900.0, 53000.0, 53100.0]",False
legacy_50k,1000,200,monthly_one,minimum,calendar_month,7500,57600.0,False,250.0,49,20,260750.0,246488.48,507238.48,16600.0,523838.48,total,52,50100.0,65100.0,"[57600.0, 57700.0, 57800.0, 57900.0, 58000.0, 58100.0, 58200.0, 58300.0, 58400.0, 58500.0, 58600.0]","[54800.0, 54900.0, 55000.0, 55100.0, 55200.0, 55300.0, 55400.0, 55500.0, 56100.0, 56600.0, 56900.0, 57100.0, 57600.0, 57700.0, 57800.0, 57900.0, 58000.0, 58100.0, 58200.0, 58300.0, 58400.0, 58500.0, 58600.0]",False
legacy_50k,1000,200,monthly_one,minimum,daily,3600,53700.0,False,250.0,57,3,439600.0,0,439600.0,16600.0,456200.0,ongoing,44,50100.0,65100.0,[53700.0],[53700.0],False
legacy_50k,1000,200,monthly_one,minimum,daily,7200,57300.0,False,250.0,49,20,397350.0,109888.48,507238.48,16600.0,523838.48,total,44,50100.0,65100.0,"[57300.0, 57400.0, 57600.0, 57700.0, 57800.0, 57900.0, 58000.0, 58100.0, 58200.0, 58300.0, 58400.0, 58500.0, 58600.0, 59100.0]","[57000.0, 57100.0, 57200.0, 57300.0, 57400.0, 57600.0, 57700.0, 57800.0, 57900.0, 58000.0, 58100.0, 58200.0, 58300.0, 58400.0, 58500.0, 58600.0, 59100.0]",False
legacy_50k,1000,200,monthly_one,minimum,weekly,3500,53600.0,False,250.0,56,3,428950.0,0,428950.0,16600.0,445550.0,ongoing,41,50100.0,65100.0,[53600.0],"[53600.0, 53700.0]",False
legacy_50k,1000,200,monthly_one,minimum,weekly,6800,56900.0,False,250.0,49,20,390500.0,116738.48,507238.48,16600.0,523838.48,total,41,50100.0,65100.0,"[56900.0, 57000.0, 57100.0, 57200.0, 57300.0, 57400.0, 58100.0, 59100.0]","[56000.0, 56100.0, 56200.0, 56300.0, 56400.0, 56500.0, 56600.0, 56700.0, 56800.0, 56900.0, 57000.0, 57100.0, 57200.0, 57300.0, 57400.0, 58100.0, 59100.0]",False
legacy_50k,1000,200,weekly_one,maximum,calendar_month,4700,54800.0,False,250.0,72,9,472865.2,0,472865.2,16600.0,489465.2,ongoing,35,50100.0,65100.0,[54800.0],"[54800.0, 54900.0, 55000.0]",False
legacy_50k,1000,200,weekly_one,maximum,calendar_month,7100,57200.0,False,250.0,51,20,448161.14,115337.55,563498.69,16600.0,580098.69,total,35,50100.0,65100.0,[57200.0],"[56100.0, 56400.0, 56500.0, 56600.0, 56700.0, 56800.0, 56900.0, 57000.0, 57100.0, 57200.0]",False
legacy_50k,1000,200,weekly_one,maximum,daily,5700,55800.0,False,250.0,74,9,467570.79,3941.1,471511.89,16600.0,488111.89,ongoing,35,50100.0,65100.0,[55800.0],"[55800.0, 55900.0, 56000.0]",False
legacy_50k,1000,200,weekly_one,maximum,daily,7700,57800.0,False,250.0,52,20,442740.67,120508.02,563248.69,16600.0,579848.69,total,35,50100.0,65100.0,"[57800.0, 57900.0, 58000.0, 58100.0]","[56900.0, 57100.0, 57600.0, 57700.0, 57800.0, 57900.0, 58000.0, 58100.0, 58200.0]",False
legacy_50k,1000,200,weekly_one,maximum,weekly,5000,55100.0,False,250.0,75,10,479549.21,0,479549.21,16600.0,496149.21,ongoing,33,50100.0,65100.0,[55100.0],"[55100.0, 55200.0]",False
legacy_50k,1000,200,weekly_one,maximum,weekly,7100,57200.0,False,250.0,52,20,463054.83,100193.77,563248.6,16600.0,579848.6,total,33,50100.0,65100.0,[57200.0],"[56600.0, 56700.0, 56800.0, 56900.0, 57000.0, 57100.0, 57200.0, 57300.0, 57400.0]",False
legacy_50k,1000,200,weekly_one,minimum,calendar_month,2100,52200.0,False,250.0,71,20,361750.0,178136.21,539886.21,16600.0,556486.21,ongoing,40,50100.0,65100.0,[52200.0],"[52200.0, 52300.0]",False
legacy_50k,1000,200,weekly_one,minimum,calendar_month,5900,56000.0,False,250.0,53,20,315750.0,247248.68,562998.68,16600.0,579598.68,total,40,50100.0,65100.0,"[56000.0, 56100.0, 56200.0, 56300.0, 56400.0]","[54100.0, 55000.0, 55100.0, 55600.0, 55700.0, 55800.0, 55900.0, 56000.0, 56100.0, 56200.0, 56300.0, 56400.0, 56500.0, 56600.0, 56900.0]",False
legacy_50k,1000,200,weekly_one,minimum,daily,4000,54100.0,False,250.0,78,10,493300.0,0,493300.0,16600.0,509900.0,ongoing,44,50100.0,65100.0,[54100.0],"[54100.0, 54400.0]",False
legacy_50k,1000,200,weekly_one,minimum,daily,6800,56900.0,False,250.0,55,20,463250.0,99248.68,562498.68,16600.0,579098.68,total,44,50100.0,65100.0,"[56900.0, 57000.0]","[56900.0, 57000.0, 57100.0, 57200.0, 57300.0, 57400.0, 57600.0, 57700.0]",False
legacy_50k,1000,200,weekly_one,minimum,weekly,3800,53900.0,False,250.0,77,10,474250.0,1827.1,476077.1,16600.0,492677.1,ongoing,41,50100.0,65100.0,[53900.0],"[53800.0, 53900.0, 54000.0, 54100.0, 55600.0]",False
legacy_50k,1000,200,weekly_one,minimum,weekly,5700,55800.0,False,250.0,56,20,468300.0,93948.68,562248.68,16600.0,578848.68,total,41,50100.0,65100.0,"[55800.0, 55900.0, 56000.0, 56100.0, 56200.0, 56300.0, 56400.0, 56500.0]","[55600.0, 55700.0, 55800.0, 55900.0, 56000.0, 56100.0, 56200.0, 56300.0, 56400.0, 56500.0]",False
legacy_50k,5000,0,monthly_current_slot_replacements,maximum,calendar_month,2200,52300.0,False,250.0,189,20,586061.4,0,586061.4,5000.0,591061.4,ongoing,44,50100.0,65100.0,[52300.0],[52300.0],False
legacy_50k,5000,0,monthly_current_slot_replacements,maximum,calendar_month,2200,52300.0,False,250.0,189,20,586061.4,0,586061.4,5000.0,591061.4,total,44,50100.0,65100.0,[52300.0],[52300.0],False
legacy_50k,5000,0,monthly_current_slot_replacements,maximum,daily,600,50700.0,False,250.0,371,20,723141.6,0,723141.6,5000.0,728141.6,ongoing,26,50100.0,65100.0,[50700.0],"[50700.0, 50800.0, 50900.0]",False
legacy_50k,5000,0,monthly_current_slot_replacements,maximum,daily,600,50700.0,False,250.0,371,20,723141.6,0,723141.6,5000.0,728141.6,total,26,50100.0,65100.0,[50700.0],"[50700.0, 50800.0, 50900.0]",False
legacy_50k,5000,0,monthly_current_slot_replacements,maximum,weekly,1800,51900.0,False,250.0,248,20,679116.75,0,679116.75,5000.0,684116.75,ongoing,31,50100.0,65100.0,[51900.0],[51900.0],False
legacy_50k,5000,0,monthly_current_slot_replacements,maximum,weekly,1800,51900.0,False,250.0,248,20,679116.75,0,679116.75,5000.0,684116.75,total,31,50100.0,65100.0,[51900.0],[51900.0],False
legacy_50k,5000,0,monthly_current_slot_replacements,minimum,calendar_month,0,50100.0,False,250.0,64,20,427000.0,172318.14,599318.14,5000.0,604318.14,ongoing,31,50100.0,65100.0,"[50100.0, 50200.0, 50300.0, 50400.0, 50500.0, 50600.0, 51100.0, 52100.0]","[50100.0, 50200.0, 50300.0, 50400.0, 50500.0, 50600.0, 51100.0, 52100.0]",True
legacy_50k,5000,0,monthly_current_slot_replacements,minimum,calendar_month,2900,53000.0,False,250.0,61,20,407750.0,191837.9,599587.9,5000.0,604587.9,total,31,50100.0,65100.0,"[53000.0, 53100.0]","[50100.0, 50200.0, 50300.0, 50400.0, 50500.0, 50600.0, 51100.0, 52100.0, 52600.0, 52700.0, 52800.0, 52900.0, 53000.0, 53100.0, 53200.0, 53300.0, 53400.0, 53500.0, 53600.0]",False
legacy_50k,5000,0,monthly_current_slot_replacements,minimum,daily,2400,52500.0,False,250.0,129,20,609250.0,0,609250.0,5000.0,614250.0,ongoing,31,50100.0,65100.0,[52500.0],[52500.0],False
legacy_50k,5000,0,monthly_current_slot_replacements,minimum,daily,2400,52500.0,False,250.0,129,20,609250.0,0,609250.0,5000.0,614250.0,total,31,50100.0,65100.0,[52500.0],[52500.0],False
legacy_50k,5000,0,monthly_current_slot_replacements,minimum,weekly,0,50100.0,False,250.0,143,20,572250.0,0,572250.0,5000.0,577250.0,ongoing,21,50100.0,65100.0,"[50100.0, 50200.0, 50300.0, 50400.0, 50500.0, 50600.0, 51100.0, 52100.0]","[50100.0, 50200.0, 50300.0, 50400.0, 50500.0, 50600.0, 51100.0, 52100.0]",True
legacy_50k,5000,0,monthly_current_slot_replacements,minimum,weekly,0,50100.0,False,250.0,143,20,572250.0,0,572250.0,5000.0,577250.0,total,21,50100.0,65100.0,"[50100.0, 50200.0, 50300.0, 50400.0, 50500.0, 50600.0, 51100.0, 52100.0]","[50100.0, 50200.0, 50300.0, 50400.0, 50500.0, 50600.0, 51100.0, 52100.0]",True
legacy_50k,5000,0,monthly_one,maximum,calendar_month,4700,54800.0,False,250.0,55,3,365192.41,0,365192.41,5000.0,370192.41,ongoing,37,50100.0,65100.0,[54800.0],"[54800.0, 54900.0]",False
legacy_50k,5000,0,monthly_one,maximum,calendar_month,6000,56100.0,False,250.0,51,20,359969.85,98183.13,458152.98,5000.0,463152.98,total,37,50100.0,65100.0,[56100.0],"[56100.0, 56200.0, 56300.0, 56400.0, 56500.0, 56600.0, 56700.0, 56800.0, 56900.0, 57000.0, 57100.0, 58100.0]",False
legacy_50k,5000,0,monthly_one,maximum,daily,5700,55800.0,False,250.0,55,3,360608.43,0,360608.43,5000.0,365608.43,ongoing,35,50100.0,65100.0,[55800.0],"[55800.0, 55900.0]",False
legacy_50k,5000,0,monthly_one,maximum,daily,8200,58300.0,False,250.0,49,20,323676.27,134976.71,458652.98,5000.0,463652.98,total,35,50100.0,65100.0,"[58300.0, 58400.0, 58500.0, 58600.0]","[56900.0, 57100.0, 57600.0, 57700.0, 57800.0, 57900.0, 58000.0, 58100.0, 58200.0, 58300.0, 58400.0, 58500.0, 58600.0]",False
legacy_50k,5000,0,monthly_one,maximum,weekly,5000,55100.0,False,250.0,55,3,368668.94,0,368668.94,5000.0,373668.94,ongoing,43,50100.0,65100.0,[55100.0],"[55100.0, 55200.0, 55300.0, 56600.0]",False
legacy_50k,5000,0,monthly_one,maximum,weekly,8200,58300.0,False,250.0,48,20,332841.46,126061.46,458902.92,5000.0,463902.92,total,43,50100.0,65100.0,[58300.0],"[56600.0, 56700.0, 56800.0, 56900.0, 57000.0, 57100.0, 57600.0, 57700.0, 57800.0, 57900.0, 58000.0, 58100.0, 58200.0, 58300.0]",False
legacy_50k,5000,0,monthly_one,minimum,calendar_month,2800,52900.0,False,250.0,52,20,318000.0,182170.67,500170.67,5000.0,505170.67,ongoing,42,50100.0,65100.0,"[52900.0, 53000.0]","[52900.0, 53000.0, 53100.0]",False
legacy_50k,5000,0,monthly_one,minimum,calendar_month,2800,52900.0,False,250.0,52,20,318000.0,182170.67,500170.67,5000.0,505170.67,total,42,50100.0,65100.0,"[52900.0, 53000.0, 53100.0, 53200.0, 53300.0]","[52900.0, 53000.0, 53100.0, 53200.0, 53300.0]",False
legacy_50k,5000,0,monthly_one,minimum,daily,3600,53700.0,False,250.0,54,3,437350.0,0,437350.0,5000.0,442350.0,ongoing,36,50100.0,65100.0,[53700.0],[53700.0],False
legacy_50k,5000,0,monthly_one,minimum,daily,8300,58400.0,False,250.0,48,20,325850.0,133052.97,458902.97,5000.0,463902.97,total,36,50100.0,65100.0,"[58400.0, 58500.0, 58600.0]","[57100.0, 57600.0, 57700.0, 57800.0, 57900.0, 58000.0, 58100.0, 58200.0, 58300.0, 58400.0, 58500.0, 58600.0]",False
legacy_50k,5000,0,monthly_one,minimum,weekly,3500,53600.0,False,250.0,54,3,415700.0,0,415700.0,5000.0,420700.0,ongoing,44,50100.0,65100.0,[53600.0],"[53600.0, 53700.0]",False
legacy_50k,5000,0,monthly_one,minimum,weekly,7200,57300.0,False,250.0,49,20,331500.0,127152.97,458652.97,5000.0,463652.97,total,44,50100.0,65100.0,"[57300.0, 57400.0, 57600.0, 57700.0, 57800.0, 57900.0, 58000.0, 58100.0, 58200.0]","[56400.0, 56500.0, 56600.0, 56700.0, 56800.0, 56900.0, 57000.0, 57100.0, 57200.0, 57300.0, 57400.0, 57600.0, 57700.0, 57800.0, 57900.0, 58000.0, 58100.0, 58200.0]",False
legacy_50k,5000,0,weekly_one,maximum,calendar_month,4700,54800.0,False,250.0,76,9,463472.23,0,463472.23,5000.0,468472.23,ongoing,44,50100.0,65100.0,[54800.0],"[54800.0, 54900.0, 55000.0, 56100.0]",False
legacy_50k,5000,0,weekly_one,maximum,calendar_month,8500,58600.0,False,250.0,48,20,412939.52,143862.69,556802.21,5000.0,561802.21,total,44,50100.0,65100.0,[58600.0],"[56100.0, 56200.0, 56300.0, 56400.0, 56500.0, 56600.0, 56900.0, 57100.0, 57600.0, 57700.0, 57800.0, 57900.0, 58000.0, 58100.0, 58200.0, 58300.0, 58400.0, 58500.0, 58600.0]",False
legacy_50k,5000,0,weekly_one,maximum,daily,4900,55000.0,False,250.0,84,10,466309.11,0,466309.11,5000.0,471309.11,ongoing,45,50100.0,65100.0,[55000.0],"[54900.0, 55000.0, 55400.0]",False
legacy_50k,5000,0,weekly_one,maximum,daily,9500,59600.0,False,250.0,47,20,404037.49,156710.17,560747.66,5000.0,565747.66,total,45,50100.0,65100.0,[59600.0],"[58200.0, 58300.0, 58400.0, 58500.0, 58600.0, 58700.0, 58800.0, 58900.0, 59200.0, 59300.0, 59400.0, 59500.0, 59600.0]",False
legacy_50k,5000,0,weekly_one,maximum,weekly,5000,55100.0,False,250.0,78,10,470441.04,0,470441.04,5000.0,475441.04,ongoing,45,50100.0,65100.0,[55100.0],"[55100.0, 55200.0]",False
legacy_50k,5000,0,weekly_one,maximum,weekly,8500,58600.0,False,250.0,51,20,427490.14,128561.99,556052.13,5000.0,561052.13,total,45,50100.0,65100.0,"[58600.0, 58700.0]","[56600.0, 56900.0, 57100.0, 57600.0, 57700.0, 57800.0, 57900.0, 58000.0, 58100.0, 58200.0, 58300.0, 58400.0, 58500.0, 58600.0, 58700.0, 58800.0, 58900.0, 59000.0, 59100.0]",False
legacy_50k,5000,0,weekly_one,minimum,calendar_month,3000,53100.0,False,250.0,63,20,392150.0,193335.17,585485.17,5000.0,590485.17,ongoing,26,50100.0,65100.0,[53100.0],"[53100.0, 53200.0]",False
legacy_50k,5000,0,weekly_one,minimum,calendar_month,3500,53600.0,False,250.0,56,20,386950.0,202859.03,589809.03,5000.0,594809.03,total,26,50100.0,65100.0,[53600.0],"[53100.0, 53200.0, 53600.0]",False
legacy_50k,5000,0,weekly_one,minimum,daily,3800,53900.0,False,250.0,88,10,497100.0,0,497100.0,5000.0,502100.0,ongoing,36,50100.0,65100.0,[53900.0],"[53700.0, 53800.0, 53900.0, 54000.0]",False
legacy_50k,5000,0,weekly_one,minimum,daily,8400,58500.0,False,250.0,52,20,421900.0,133902.2,555802.2,5000.0,560802.2,total,36,50100.0,65100.0,"[58500.0, 58600.0]","[56900.0, 57100.0, 57600.0, 57700.0, 57800.0, 57900.0, 58000.0, 58100.0, 58200.0, 58300.0, 58400.0, 58500.0, 58600.0]",False
legacy_50k,5000,0,weekly_one,minimum,weekly,3500,53600.0,False,250.0,89,10,481250.0,0,481250.0,5000.0,486250.0,ongoing,36,50100.0,65100.0,[53600.0],"[53600.0, 53700.0]",False
legacy_50k,5000,0,weekly_one,minimum,weekly,7800,57900.0,False,250.0,53,20,421150.0,134402.2,555552.2,5000.0,560552.2,total,36,50100.0,65100.0,"[57900.0, 58000.0, 58100.0]","[56100.0, 56600.0, 56900.0, 57100.0, 57600.0, 57700.0, 57800.0, 57900.0, 58000.0, 58100.0]",False
legacy_50k,5000,200,monthly_current_slot_replacements,maximum,calendar_month,2100,52200.0,False,250.0,189,20,623893.55,0,623893.55,20600.0,644493.55,ongoing,45,50100.0,65100.0,[52200.0],"[52200.0, 52300.0]",False
legacy_50k,5000,200,monthly_current_slot_replacements,maximum,calendar_month,2100,52200.0,False,250.0,189,20,623893.55,0,623893.55,20600.0,644493.55,total,45,50100.0,65100.0,[52200.0],"[52200.0, 52300.0]",False
legacy_50k,5000,200,monthly_current_slot_replacements,maximum,daily,600,50700.0,False,250.0,370,20,734753.85,0,734753.85,20600.0,755353.85,ongoing,26,50100.0,65100.0,[50700.0],"[50700.0, 50800.0]",False
legacy_50k,5000,200,monthly_current_slot_replacements,maximum,daily,600,50700.0,False,250.0,370,20,734753.85,0,734753.85,20600.0,755353.85,total,26,50100.0,65100.0,[50700.0],"[50700.0, 50800.0]",False
legacy_50k,5000,200,monthly_current_slot_replacements,maximum,weekly,1800,51900.0,False,250.0,250,20,681721.9,0,681721.9,20600.0,702321.9,ongoing,31,50100.0,65100.0,[51900.0],[51900.0],False
legacy_50k,5000,200,monthly_current_slot_replacements,maximum,weekly,1800,51900.0,False,250.0,250,20,681721.9,0,681721.9,20600.0,702321.9,total,31,50100.0,65100.0,[51900.0],[51900.0],False
legacy_50k,5000,200,monthly_current_slot_replacements,minimum,calendar_month,0,50100.0,False,250.0,52,20,475500.0,168556.93,644056.93,20600.0,664656.93,ongoing,40,50100.0,65100.0,"[50100.0, 50200.0, 50300.0, 50400.0, 50500.0, 50600.0, 51100.0, 51600.0, 51700.0, 51800.0, 51900.0, 52000.0, 52100.0]","[50100.0, 50200.0, 50300.0, 50400.0, 50500.0, 50600.0, 51100.0, 51600.0, 51700.0, 51800.0, 51900.0, 52000.0, 52100.0, 52200.0, 52300.0, 52400.0, 52500.0]",True
legacy_50k,5000,200,monthly_current_slot_replacements,minimum,calendar_month,2600,52700.0,False,250.0,47,20,463250.0,182199.62,645449.62,20600.0,666049.62,total,40,50100.0,65100.0,"[52700.0, 52800.0]","[50100.0, 50200.0, 50300.0, 50400.0, 50500.0, 50600.0, 51100.0, 51600.0, 51700.0, 51800.0, 51900.0, 52000.0, 52100.0, 52200.0, 52300.0, 52400.0, 52500.0, 52600.0, 52700.0, 52800.0, 52900.0, 53000.0, 53100.0]",False
legacy_50k,5000,200,monthly_current_slot_replacements,minimum,daily,2400,52500.0,False,250.0,129,20,613250.0,0,613250.0,20600.0,633850.0,ongoing,45,50100.0,65100.0,"[52500.0, 52600.0]","[52500.0, 52600.0, 52700.0]",False
legacy_50k,5000,200,monthly_current_slot_replacements,minimum,daily,2400,52500.0,False,250.0,129,20,613250.0,0,613250.0,20600.0,633850.0,total,45,50100.0,65100.0,"[52500.0, 52600.0]","[52500.0, 52600.0, 52700.0, 56900.0, 57100.0, 57600.0, 57700.0, 57800.0, 57900.0, 58000.0, 58100.0, 58200.0, 58300.0, 58400.0, 58500.0, 58600.0]",False
legacy_50k,5000,200,monthly_current_slot_replacements,minimum,weekly,3000,53100.0,False,250.0,81,20,590500.0,0,590500.0,20600.0,611100.0,ongoing,39,50100.0,65100.0,[53100.0],"[52600.0, 52900.0, 53000.0, 53100.0, 53200.0, 53300.0, 53400.0]",False
legacy_50k,5000,200,monthly_current_slot_replacements,minimum,weekly,7000,57100.0,False,250.0,58,20,494600.0,118063.28,612663.28,20600.0,633263.28,total,39,50100.0,65100.0,"[57100.0, 57200.0, 57300.0, 57400.0, 57500.0, 57600.0]","[56100.0, 56600.0, 56700.0, 56800.0, 56900.0, 57000.0, 57100.0, 57200.0, 57300.0, 57400.0, 57500.0, 57600.0]",False
legacy_50k,5000,200,monthly_one,maximum,calendar_month,4700,54800.0,False,250.0,55,3,427285.55,0,427285.55,20600.0,447885.55,ongoing,37,50100.0,65100.0,[54800.0],"[54800.0, 54900.0, 55000.0]",False
legacy_50k,5000,200,monthly_one,maximum,calendar_month,6000,56100.0,False,250.0,51,20,422654.2,96172.85,518827.05,20600.0,539427.05,total,37,50100.0,65100.0,[56100.0],"[56100.0, 56200.0, 56300.0, 56400.0, 56500.0, 56600.0, 56700.0, 56800.0, 56900.0, 57000.0, 57100.0, 58100.0, 59100.0, 60100.0, 62600.0]",False
legacy_50k,5000,200,monthly_one,maximum,daily,5700,55800.0,False,250.0,55,3,423259.38,0,423259.38,20600.0,443859.38,ongoing,41,50100.0,65100.0,[55800.0],"[55800.0, 55900.0, 56000.0]",False
legacy_50k,5000,200,monthly_one,maximum,daily,6800,56900.0,False,250.0,51,20,413627.82,105199.27,518827.09,20600.0,539427.09,total,41,50100.0,65100.0,"[56900.0, 57000.0, 57100.0, 57200.0]","[56900.0, 57000.0, 57100.0, 57200.0, 57300.0, 57400.0, 57600.0, 57700.0, 57800.0, 57900.0, 58000.0, 58100.0, 58200.0, 58300.0, 58400.0, 58500.0, 58600.0, 59100.0, 60100.0, 62600.0, 65100.0]",False
legacy_50k,5000,200,monthly_one,maximum,weekly,5000,55100.0,False,250.0,55,3,431640.3,0,431640.3,20600.0,452240.3,ongoing,43,50100.0,65100.0,[55100.0],"[55100.0, 55200.0, 55300.0, 56600.0]",False
legacy_50k,5000,200,monthly_one,maximum,weekly,12000,62100.0,False,250.0,51,20,320596.8,198230.24,518827.04,20600.0,539427.04,total,43,50100.0,65100.0,"[62100.0, 62200.0, 62300.0, 62400.0, 62500.0, 62600.0, 62700.0, 62800.0, 62900.0, 63000.0, 63100.0, 65100.0]","[56600.0, 56700.0, 56800.0, 56900.0, 57000.0, 57100.0, 58100.0, 59100.0, 60100.0, 62100.0, 62200.0, 62300.0, 62400.0, 62500.0, 62600.0, 62700.0, 62800.0, 62900.0, 63000.0, 63100.0, 65100.0]",True
legacy_50k,5000,200,monthly_one,minimum,calendar_month,3300,53400.0,False,250.0,52,20,321000.0,189384.55,510384.55,20600.0,530984.55,ongoing,42,50100.0,65100.0,"[53400.0, 53500.0]","[53400.0, 53500.0, 53600.0]",False
legacy_50k,5000,200,monthly_one,minimum,calendar_month,4700,54800.0,False,250.0,51,20,307250.0,211577.04,518827.04,20600.0,539427.04,total,42,50100.0,65100.0,"[54800.0, 54900.0, 55000.0, 55100.0, 55200.0, 55300.0, 55400.0, 55500.0, 56100.0, 56600.0, 56900.0, 57100.0, 58100.0, 59100.0, 60100.0, 62600.0, 65100.0]","[54800.0, 54900.0, 55000.0, 55100.0, 55200.0, 55300.0, 55400.0, 55500.0, 56100.0, 56600.0, 56900.0, 57100.0, 58100.0, 59100.0, 60100.0, 62600.0, 65100.0]",True
legacy_50k,5000,200,monthly_one,minimum,daily,4000,54100.0,False,250.0,56,3,442800.0,0,442800.0,20600.0,463400.0,ongoing,36,50100.0,65100.0,[54100.0],"[53700.0, 53800.0, 54100.0, 54200.0, 54300.0]",False
legacy_50k,5000,200,monthly_one,minimum,daily,6900,57000.0,False,250.0,51,20,413350.0,105477.04,518827.04,20600.0,539427.04,total,36,50100.0,65100.0,"[57000.0, 57100.0, 57200.0, 57300.0, 57400.0, 57500.0, 57600.0, 58100.0, 59100.0, 60100.0, 62600.0, 65100.0]","[57000.0, 57100.0, 57200.0, 57300.0, 57400.0, 57500.0, 57600.0, 58100.0, 59100.0, 60100.0, 62600.0, 65100.0]",True
legacy_50k,5000,200,monthly_one,minimum,weekly,3500,53600.0,False,250.0,56,3,428950.0,0,428950.0,20600.0,449550.0,ongoing,38,50100.0,65100.0,[53600.0],"[53600.0, 53700.0, 53800.0]",False
legacy_50k,5000,200,monthly_one,minimum,weekly,5900,56000.0,False,250.0,51,20,419650.0,99177.04,518827.04,20600.0,539427.04,total,38,50100.0,65100.0,"[56000.0, 56100.0, 56200.0, 56300.0, 56400.0, 56500.0, 56600.0, 56700.0, 56800.0, 56900.0, 57000.0, 57100.0, 58100.0, 59100.0, 60100.0, 62600.0, 65100.0]","[56000.0, 56100.0, 56200.0, 56300.0, 56400.0, 56500.0, 56600.0, 56700.0, 56800.0, 56900.0, 57000.0, 57100.0, 58100.0, 59100.0, 60100.0, 62600.0, 65100.0]",True
legacy_50k,5000,200,weekly_one,maximum,calendar_month,4700,54800.0,False,250.0,78,9,511619.46,0,511619.46,20600.0,532219.46,ongoing,35,50100.0,65100.0,[54800.0],"[54800.0, 54900.0, 55000.0, 56100.0]",False
legacy_50k,5000,200,weekly_one,maximum,calendar_month,8500,58600.0,False,250.0,57,20,460879.24,139491.84,600371.08,20600.0,620971.08,total,35,50100.0,65100.0,[58600.0],"[56100.0, 56600.0, 56900.0, 57100.0, 57600.0, 57700.0, 57800.0, 57900.0, 58000.0, 58100.0, 58200.0, 58300.0, 58400.0, 58500.0, 58600.0]",False
legacy_50k,5000,200,weekly_one,maximum,daily,5700,55800.0,False,250.0,78,9,506908.99,3941.1,510850.09,20600.0,531450.09,ongoing,35,50100.0,65100.0,[55800.0],"[55800.0, 55900.0, 56000.0]",False
legacy_50k,5000,200,weekly_one,maximum,daily,9100,59200.0,False,250.0,59,20,455262.37,144608.73,599871.1,20600.0,620471.1,total,35,50100.0,65100.0,"[59200.0, 59300.0, 59400.0, 59500.0, 59600.0]","[56900.0, 57100.0, 58100.0, 58600.0, 58700.0, 58800.0, 58900.0, 59000.0, 59100.0, 59200.0, 59300.0, 59400.0, 59500.0, 59600.0]",False
legacy_50k,5000,200,weekly_one,maximum,weekly,5000,55100.0,False,250.0,79,10,518733.91,0,518733.91,20600.0,539333.91,ongoing,35,50100.0,65100.0,[55100.0],"[55100.0, 55200.0]",False
legacy_50k,5000,200,weekly_one,maximum,weekly,8700,58800.0,False,250.0,60,20,471293.62,128327.34,599620.96,20600.0,620220.96,total,35,50100.0,65100.0,"[58800.0, 58900.0, 59000.0, 59100.0]","[56600.0, 56900.0, 57100.0, 58100.0, 58600.0, 58700.0, 58800.0, 58900.0, 59000.0, 59100.0]",False
legacy_50k,5000,200,weekly_one,minimum,calendar_month,2500,52600.0,False,250.0,67,20,453700.0,179932.94,633632.94,20600.0,654232.94,ongoing,31,50100.0,65100.0,[52600.0],"[52600.0, 52700.0]",False
legacy_50k,5000,200,weekly_one,minimum,calendar_month,2500,52600.0,False,250.0,67,20,453700.0,179932.94,633632.94,20600.0,654232.94,total,31,50100.0,65100.0,"[52600.0, 52700.0]","[52600.0, 52700.0]",False
legacy_50k,5000,200,weekly_one,minimum,daily,3900,54000.0,False,250.0,86,10,536450.0,0,536450.0,20600.0,557050.0,ongoing,44,50100.0,65100.0,[54000.0],[54000.0],False
legacy_50k,5000,200,weekly_one,minimum,daily,8600,58700.0,False,250.0,60,20,466500.0,133121.07,599621.07,20600.0,620221.07,total,44,50100.0,65100.0,"[58700.0, 58800.0, 58900.0]","[56900.0, 57000.0, 57100.0, 57200.0, 57300.0, 57400.0, 58100.0, 58600.0, 58700.0, 58800.0, 58900.0, 59000.0, 59100.0, 59200.0, 59300.0, 59400.0]",False
legacy_50k,5000,200,weekly_one,minimum,weekly,3800,53900.0,False,250.0,87,10,512950.0,1827.1,514777.1,20600.0,535377.1,ongoing,36,50100.0,65100.0,[53900.0],"[53800.0, 53900.0, 54000.0, 54100.0]",False
legacy_50k,5000,200,weekly_one,minimum,weekly,8100,58200.0,False,250.0,60,20,461200.0,138421.07,599621.07,20600.0,620221.07,total,36,50100.0,65100.0,"[58200.0, 58300.0, 58400.0]","[56100.0, 56600.0, 56900.0, 57100.0, 57600.0, 57700.0, 57800.0, 57900.0, 58000.0, 58100.0, 58200.0, 58300.0, 58400.0, 58500.0, 58600.0]",False
